INSERT OR REPLACE INTO users (id, email, password_hash, role, status, created_at, updated_at) VALUES ('demo-owner-id', 'demo@reportsheet.com.ng', '2a97516c354b68848cdbd8f54a226a0a55b21ed138e207ad6c5cbb9c00aa5aea', 'OWNER', 'ACTIVE', '2026-06-22T14:44:16.831Z', '2026-06-22T14:44:16.832Z');
INSERT OR REPLACE INTO users (id, email, password_hash, role, status, school_id, created_at, updated_at) VALUES ('8bpvg4ew5hai8p3a9ln29f', 'teacher1@reportsheet.com.ng', '2a97516c354b68848cdbd8f54a226a0a55b21ed138e207ad6c5cbb9c00aa5aea', 'TEACHER', 'ACTIVE', 'demo-school-id', '2026-06-22T14:44:16.832Z', '2026-06-22T14:44:16.832Z');
INSERT OR REPLACE INTO users (id, email, password_hash, role, status, school_id, created_at, updated_at) VALUES ('zone2btf8pp28xyent0uuvi', 'teacher2@reportsheet.com.ng', '2a97516c354b68848cdbd8f54a226a0a55b21ed138e207ad6c5cbb9c00aa5aea', 'TEACHER', 'ACTIVE', 'demo-school-id', '2026-06-22T14:44:16.832Z', '2026-06-22T14:44:16.832Z');
INSERT OR REPLACE INTO schools (id, owner_id, name, abbr, subdomain, session, term, ca1_max, ca2_max, exam_max, class_templates, subjects, grades, plan, created_at, updated_at) VALUES ('demo-school-id', 'demo-owner-id', 'Demo International Academy', 'DIA', 'demo', '2025/2026', 'First Term', 10, 10, 80, '["JSS 1","JSS 2","JSS 3","SSS 1","SSS 2","SSS 3"]', '["Mathematics","English","Basic Science","Social Studies","Civic Education","Computer Studies"]', '[{"min":70,"max":100,"letter":"A","remark":"Excellent"},{"min":60,"max":69,"letter":"B","remark":"Very Good"},{"min":50,"max":59,"letter":"C","remark":"Credit"},{"min":40,"max":49,"letter":"D","remark":"Pass"},{"min":0,"max":39,"letter":"F","remark":"Fail"}]', 'LIFETIME', '2026-06-22T14:44:16.832Z', '2026-06-22T14:44:16.832Z');
INSERT OR REPLACE INTO teacher_profiles (id, user_id, school_id, display_name, created_at) VALUES ('jqtyqqce4usw6uc4sbf', '8bpvg4ew5hai8p3a9ln29f', 'demo-school-id', 'Mr. John Doe', '2026-06-22T14:44:16.832Z');
INSERT OR REPLACE INTO teacher_profiles (id, user_id, school_id, display_name, created_at) VALUES ('nflbheuo6tl5v10bfkralm', 'zone2btf8pp28xyent0uuvi', 'demo-school-id', 'Mrs. Jane Smith', '2026-06-22T14:44:16.832Z');
INSERT OR REPLACE INTO teacher_class_assignments (id, school_id, teacher_user_id, class_name, created_at) VALUES ('eh1stdy5vp4z2b874fvve', 'demo-school-id', '8bpvg4ew5hai8p3a9ln29f', 'JSS 1', '2026-06-22T14:44:16.832Z');
INSERT OR REPLACE INTO teacher_class_assignments (id, school_id, teacher_user_id, class_name, created_at) VALUES ('3tdkvr5p8yk222oipfrckl', 'demo-school-id', 'zone2btf8pp28xyent0uuvi', 'SSS 1', '2026-06-22T14:44:16.832Z');
INSERT OR REPLACE INTO students (id, school_id, name, class_name, gender, admission_no, created_at, updated_at) VALUES ('9uctu2ywc76tdvs78ibxe', 'demo-school-id', 'Student 1 Demo', 'JSS 2', 'F', 'DIA-1001', '2026-06-22T14:44:16.832Z', '2026-06-22T14:44:16.832Z');
INSERT OR REPLACE INTO score_sheets (id, school_id, student_id, data, created_at, updated_at) VALUES ('ff8lngbdbyrmczw6doa3q', 'demo-school-id', '9uctu2ywc76tdvs78ibxe', '{"Mathematics":{"ca1":6,"ca2":2,"exam":80},"English":{"ca1":9,"ca2":8,"exam":47},"Basic Science":{"ca1":7,"ca2":5,"exam":67},"Social Studies":{"ca1":4,"ca2":1,"exam":56},"Civic Education":{"ca1":1,"ca2":7,"exam":33},"Computer Studies":{"ca1":0,"ca2":9,"exam":50}}', '2026-06-22T14:44:16.832Z', '2026-06-22T14:44:16.832Z');
INSERT OR REPLACE INTO students (id, school_id, name, class_name, gender, admission_no, created_at, updated_at) VALUES ('46wnde1o9kh6iel66bhf', 'demo-school-id', 'Student 2 Demo', 'JSS 3', 'M', 'DIA-1002', '2026-06-22T14:44:16.832Z', '2026-06-22T14:44:16.832Z');
INSERT OR REPLACE INTO score_sheets (id, school_id, student_id, data, created_at, updated_at) VALUES ('dp7mdc6ujkq2si2rz309e4', 'demo-school-id', '46wnde1o9kh6iel66bhf', '{"Mathematics":{"ca1":8,"ca2":8,"exam":70},"English":{"ca1":10,"ca2":3,"exam":42},"Basic Science":{"ca1":2,"ca2":8,"exam":37},"Social Studies":{"ca1":4,"ca2":6,"exam":45},"Civic Education":{"ca1":0,"ca2":4,"exam":40},"Computer Studies":{"ca1":6,"ca2":4,"exam":30}}', '2026-06-22T14:44:16.833Z', '2026-06-22T14:44:16.833Z');
INSERT OR REPLACE INTO students (id, school_id, name, class_name, gender, admission_no, created_at, updated_at) VALUES ('wf56yoz037ne5va0x16r', 'demo-school-id', 'Student 3 Demo', 'SSS 1', 'F', 'DIA-1003', '2026-06-22T14:44:16.833Z', '2026-06-22T14:44:16.833Z');
INSERT OR REPLACE INTO score_sheets (id, school_id, student_id, data, created_at, updated_at) VALUES ('k7549fcofrb89akmf1zcvj', 'demo-school-id', 'wf56yoz037ne5va0x16r', '{"Mathematics":{"ca1":0,"ca2":0,"exam":32},"English":{"ca1":4,"ca2":8,"exam":74},"Basic Science":{"ca1":6,"ca2":7,"exam":59},"Social Studies":{"ca1":6,"ca2":3,"exam":60},"Civic Education":{"ca1":8,"ca2":4,"exam":63},"Computer Studies":{"ca1":0,"ca2":6,"exam":79}}', '2026-06-22T14:44:16.833Z', '2026-06-22T14:44:16.833Z');
INSERT OR REPLACE INTO students (id, school_id, name, class_name, gender, admission_no, created_at, updated_at) VALUES ('b9mzb8lqlul89v7nvsz9uu', 'demo-school-id', 'Student 4 Demo', 'SSS 2', 'M', 'DIA-1004', '2026-06-22T14:44:16.833Z', '2026-06-22T14:44:16.833Z');
INSERT OR REPLACE INTO score_sheets (id, school_id, student_id, data, created_at, updated_at) VALUES ('np2qd2ykg2i4bngz8r8jax', 'demo-school-id', 'b9mzb8lqlul89v7nvsz9uu', '{"Mathematics":{"ca1":10,"ca2":6,"exam":56},"English":{"ca1":3,"ca2":9,"exam":40},"Basic Science":{"ca1":9,"ca2":7,"exam":47},"Social Studies":{"ca1":8,"ca2":1,"exam":25},"Civic Education":{"ca1":9,"ca2":1,"exam":46},"Computer Studies":{"ca1":2,"ca2":7,"exam":80}}', '2026-06-22T14:44:16.833Z', '2026-06-22T14:44:16.833Z');
INSERT OR REPLACE INTO students (id, school_id, name, class_name, gender, admission_no, created_at, updated_at) VALUES ('fffg9akxzblfjeyqh2ls', 'demo-school-id', 'Student 5 Demo', 'SSS 3', 'F', 'DIA-1005', '2026-06-22T14:44:16.833Z', '2026-06-22T14:44:16.833Z');
INSERT OR REPLACE INTO score_sheets (id, school_id, student_id, data, created_at, updated_at) VALUES ('vwguqq1ydq86p55h34m4ee', 'demo-school-id', 'fffg9akxzblfjeyqh2ls', '{"Mathematics":{"ca1":9,"ca2":5,"exam":29},"English":{"ca1":1,"ca2":0,"exam":32},"Basic Science":{"ca1":9,"ca2":8,"exam":56},"Social Studies":{"ca1":2,"ca2":3,"exam":39},"Civic Education":{"ca1":2,"ca2":4,"exam":69},"Computer Studies":{"ca1":4,"ca2":1,"exam":34}}', '2026-06-22T14:44:16.833Z', '2026-06-22T14:44:16.833Z');
INSERT OR REPLACE INTO students (id, school_id, name, class_name, gender, admission_no, created_at, updated_at) VALUES ('u9vtj8z84aq7i7sxzkr0rg', 'demo-school-id', 'Student 6 Demo', 'JSS 1', 'M', 'DIA-1006', '2026-06-22T14:44:16.833Z', '2026-06-22T14:44:16.833Z');
INSERT OR REPLACE INTO score_sheets (id, school_id, student_id, data, created_at, updated_at) VALUES ('27fj964o9awwhitrfoe04t', 'demo-school-id', 'u9vtj8z84aq7i7sxzkr0rg', '{"Mathematics":{"ca1":6,"ca2":2,"exam":76},"English":{"ca1":4,"ca2":0,"exam":23},"Basic Science":{"ca1":8,"ca2":2,"exam":47},"Social Studies":{"ca1":1,"ca2":2,"exam":31},"Civic Education":{"ca1":9,"ca2":4,"exam":48},"Computer Studies":{"ca1":8,"ca2":4,"exam":67}}', '2026-06-22T14:44:16.833Z', '2026-06-22T14:44:16.833Z');
INSERT OR REPLACE INTO students (id, school_id, name, class_name, gender, admission_no, created_at, updated_at) VALUES ('snzib7m6sjotg27bifnun8', 'demo-school-id', 'Student 7 Demo', 'JSS 2', 'F', 'DIA-1007', '2026-06-22T14:44:16.833Z', '2026-06-22T14:44:16.833Z');
INSERT OR REPLACE INTO score_sheets (id, school_id, student_id, data, created_at, updated_at) VALUES ('753tkkfmq1fit65qgmxr7f', 'demo-school-id', 'snzib7m6sjotg27bifnun8', '{"Mathematics":{"ca1":8,"ca2":10,"exam":40},"English":{"ca1":6,"ca2":1,"exam":50},"Basic Science":{"ca1":3,"ca2":7,"exam":40},"Social Studies":{"ca1":3,"ca2":8,"exam":69},"Civic Education":{"ca1":7,"ca2":0,"exam":39},"Computer Studies":{"ca1":10,"ca2":2,"exam":69}}', '2026-06-22T14:44:16.833Z', '2026-06-22T14:44:16.833Z');
INSERT OR REPLACE INTO students (id, school_id, name, class_name, gender, admission_no, created_at, updated_at) VALUES ('m9l2qdc76h8mzi7hg81g9', 'demo-school-id', 'Student 8 Demo', 'JSS 3', 'M', 'DIA-1008', '2026-06-22T14:44:16.833Z', '2026-06-22T14:44:16.833Z');
INSERT OR REPLACE INTO score_sheets (id, school_id, student_id, data, created_at, updated_at) VALUES ('2gcre4czs6p27u4prr1pm8', 'demo-school-id', 'm9l2qdc76h8mzi7hg81g9', '{"Mathematics":{"ca1":9,"ca2":6,"exam":70},"English":{"ca1":9,"ca2":10,"exam":79},"Basic Science":{"ca1":9,"ca2":10,"exam":51},"Social Studies":{"ca1":0,"ca2":7,"exam":26},"Civic Education":{"ca1":4,"ca2":5,"exam":54},"Computer Studies":{"ca1":7,"ca2":1,"exam":22}}', '2026-06-22T14:44:16.834Z', '2026-06-22T14:44:16.834Z');
INSERT OR REPLACE INTO students (id, school_id, name, class_name, gender, admission_no, created_at, updated_at) VALUES ('5x3aq188j9c9j224wicctn', 'demo-school-id', 'Student 9 Demo', 'SSS 1', 'F', 'DIA-1009', '2026-06-22T14:44:16.834Z', '2026-06-22T14:44:16.834Z');
INSERT OR REPLACE INTO score_sheets (id, school_id, student_id, data, created_at, updated_at) VALUES ('xrw452u954d9814ncszbu6', 'demo-school-id', '5x3aq188j9c9j224wicctn', '{"Mathematics":{"ca1":9,"ca2":6,"exam":43},"English":{"ca1":2,"ca2":2,"exam":74},"Basic Science":{"ca1":4,"ca2":3,"exam":54},"Social Studies":{"ca1":10,"ca2":6,"exam":52},"Civic Education":{"ca1":8,"ca2":9,"exam":75},"Computer Studies":{"ca1":1,"ca2":9,"exam":33}}', '2026-06-22T14:44:16.834Z', '2026-06-22T14:44:16.834Z');
INSERT OR REPLACE INTO students (id, school_id, name, class_name, gender, admission_no, created_at, updated_at) VALUES ('1zr1twntfurwlinhvayfar', 'demo-school-id', 'Student 10 Demo', 'SSS 2', 'M', 'DIA-1010', '2026-06-22T14:44:16.834Z', '2026-06-22T14:44:16.834Z');
INSERT OR REPLACE INTO score_sheets (id, school_id, student_id, data, created_at, updated_at) VALUES ('8vdbc4ptkz3a7ahc6dkrru', 'demo-school-id', '1zr1twntfurwlinhvayfar', '{"Mathematics":{"ca1":9,"ca2":4,"exam":44},"English":{"ca1":7,"ca2":1,"exam":76},"Basic Science":{"ca1":3,"ca2":7,"exam":33},"Social Studies":{"ca1":8,"ca2":3,"exam":66},"Civic Education":{"ca1":5,"ca2":8,"exam":46},"Computer Studies":{"ca1":5,"ca2":5,"exam":34}}', '2026-06-22T14:44:16.834Z', '2026-06-22T14:44:16.834Z');
INSERT OR REPLACE INTO students (id, school_id, name, class_name, gender, admission_no, created_at, updated_at) VALUES ('yby44eylchg2upe24q0f4a', 'demo-school-id', 'Student 11 Demo', 'SSS 3', 'F', 'DIA-1011', '2026-06-22T14:44:16.834Z', '2026-06-22T14:44:16.834Z');
INSERT OR REPLACE INTO score_sheets (id, school_id, student_id, data, created_at, updated_at) VALUES ('l5plwugvo6ejk4vhzilr', 'demo-school-id', 'yby44eylchg2upe24q0f4a', '{"Mathematics":{"ca1":6,"ca2":8,"exam":67},"English":{"ca1":7,"ca2":7,"exam":72},"Basic Science":{"ca1":7,"ca2":10,"exam":63},"Social Studies":{"ca1":7,"ca2":5,"exam":59},"Civic Education":{"ca1":0,"ca2":1,"exam":80},"Computer Studies":{"ca1":0,"ca2":8,"exam":31}}', '2026-06-22T14:44:16.834Z', '2026-06-22T14:44:16.834Z');
INSERT OR REPLACE INTO students (id, school_id, name, class_name, gender, admission_no, created_at, updated_at) VALUES ('x1i5jxzki5vr6bp3b1hx', 'demo-school-id', 'Student 12 Demo', 'JSS 1', 'M', 'DIA-1012', '2026-06-22T14:44:16.834Z', '2026-06-22T14:44:16.834Z');
INSERT OR REPLACE INTO score_sheets (id, school_id, student_id, data, created_at, updated_at) VALUES ('kxz1cuqk02ggwrvcnkkpbj', 'demo-school-id', 'x1i5jxzki5vr6bp3b1hx', '{"Mathematics":{"ca1":9,"ca2":6,"exam":50},"English":{"ca1":0,"ca2":1,"exam":31},"Basic Science":{"ca1":1,"ca2":4,"exam":61},"Social Studies":{"ca1":10,"ca2":3,"exam":23},"Civic Education":{"ca1":7,"ca2":0,"exam":34},"Computer Studies":{"ca1":9,"ca2":3,"exam":57}}', '2026-06-22T14:44:16.834Z', '2026-06-22T14:44:16.834Z');
INSERT OR REPLACE INTO students (id, school_id, name, class_name, gender, admission_no, created_at, updated_at) VALUES ('y1rtkjrefkfzvuzfctbkc', 'demo-school-id', 'Student 13 Demo', 'JSS 2', 'F', 'DIA-1013', '2026-06-22T14:44:16.834Z', '2026-06-22T14:44:16.834Z');
INSERT OR REPLACE INTO score_sheets (id, school_id, student_id, data, created_at, updated_at) VALUES ('z0l04a1urpztiwzaah8l', 'demo-school-id', 'y1rtkjrefkfzvuzfctbkc', '{"Mathematics":{"ca1":10,"ca2":2,"exam":79},"English":{"ca1":3,"ca2":3,"exam":43},"Basic Science":{"ca1":0,"ca2":3,"exam":35},"Social Studies":{"ca1":3,"ca2":0,"exam":68},"Civic Education":{"ca1":6,"ca2":8,"exam":78},"Computer Studies":{"ca1":4,"ca2":7,"exam":35}}', '2026-06-22T14:44:16.834Z', '2026-06-22T14:44:16.834Z');
INSERT OR REPLACE INTO students (id, school_id, name, class_name, gender, admission_no, created_at, updated_at) VALUES ('nznnrmqtbhom7vryw12ktn', 'demo-school-id', 'Student 14 Demo', 'JSS 3', 'M', 'DIA-1014', '2026-06-22T14:44:16.834Z', '2026-06-22T14:44:16.834Z');
INSERT OR REPLACE INTO score_sheets (id, school_id, student_id, data, created_at, updated_at) VALUES ('4rfvb97vyautuzzmkt0va', 'demo-school-id', 'nznnrmqtbhom7vryw12ktn', '{"Mathematics":{"ca1":7,"ca2":8,"exam":64},"English":{"ca1":3,"ca2":10,"exam":22},"Basic Science":{"ca1":10,"ca2":1,"exam":79},"Social Studies":{"ca1":2,"ca2":4,"exam":63},"Civic Education":{"ca1":10,"ca2":6,"exam":23},"Computer Studies":{"ca1":1,"ca2":0,"exam":59}}', '2026-06-22T14:44:16.834Z', '2026-06-22T14:44:16.834Z');
INSERT OR REPLACE INTO students (id, school_id, name, class_name, gender, admission_no, created_at, updated_at) VALUES ('lmc90gtm3b7p6ptfm1khj', 'demo-school-id', 'Student 15 Demo', 'SSS 1', 'F', 'DIA-1015', '2026-06-22T14:44:16.834Z', '2026-06-22T14:44:16.834Z');
INSERT OR REPLACE INTO score_sheets (id, school_id, student_id, data, created_at, updated_at) VALUES ('x2kihxgfw42gbq3321u8x', 'demo-school-id', 'lmc90gtm3b7p6ptfm1khj', '{"Mathematics":{"ca1":3,"ca2":5,"exam":23},"English":{"ca1":6,"ca2":6,"exam":47},"Basic Science":{"ca1":10,"ca2":7,"exam":68},"Social Studies":{"ca1":5,"ca2":1,"exam":30},"Civic Education":{"ca1":3,"ca2":6,"exam":73},"Computer Studies":{"ca1":1,"ca2":10,"exam":26}}', '2026-06-22T14:44:16.834Z', '2026-06-22T14:44:16.834Z');
INSERT OR REPLACE INTO students (id, school_id, name, class_name, gender, admission_no, created_at, updated_at) VALUES ('mk0w8agn1ngm2b0p1kxqke', 'demo-school-id', 'Student 16 Demo', 'SSS 2', 'M', 'DIA-1016', '2026-06-22T14:44:16.834Z', '2026-06-22T14:44:16.834Z');
INSERT OR REPLACE INTO score_sheets (id, school_id, student_id, data, created_at, updated_at) VALUES ('tw005dqlrwc5ry2348rbd', 'demo-school-id', 'mk0w8agn1ngm2b0p1kxqke', '{"Mathematics":{"ca1":8,"ca2":2,"exam":30},"English":{"ca1":1,"ca2":2,"exam":57},"Basic Science":{"ca1":5,"ca2":0,"exam":48},"Social Studies":{"ca1":1,"ca2":7,"exam":74},"Civic Education":{"ca1":5,"ca2":3,"exam":53},"Computer Studies":{"ca1":5,"ca2":1,"exam":42}}', '2026-06-22T14:44:16.834Z', '2026-06-22T14:44:16.834Z');
INSERT OR REPLACE INTO students (id, school_id, name, class_name, gender, admission_no, created_at, updated_at) VALUES ('ziokhjjhcjsqvgtuvy4gq', 'demo-school-id', 'Student 17 Demo', 'SSS 3', 'F', 'DIA-1017', '2026-06-22T14:44:16.834Z', '2026-06-22T14:44:16.834Z');
INSERT OR REPLACE INTO score_sheets (id, school_id, student_id, data, created_at, updated_at) VALUES ('413cmzrg3xswye1mdklco', 'demo-school-id', 'ziokhjjhcjsqvgtuvy4gq', '{"Mathematics":{"ca1":2,"ca2":7,"exam":75},"English":{"ca1":4,"ca2":2,"exam":49},"Basic Science":{"ca1":7,"ca2":3,"exam":28},"Social Studies":{"ca1":1,"ca2":8,"exam":25},"Civic Education":{"ca1":6,"ca2":2,"exam":74},"Computer Studies":{"ca1":2,"ca2":9,"exam":23}}', '2026-06-22T14:44:16.834Z', '2026-06-22T14:44:16.834Z');
INSERT OR REPLACE INTO students (id, school_id, name, class_name, gender, admission_no, created_at, updated_at) VALUES ('hu7p1qu9xwfngi49usrlpb', 'demo-school-id', 'Student 18 Demo', 'JSS 1', 'M', 'DIA-1018', '2026-06-22T14:44:16.834Z', '2026-06-22T14:44:16.834Z');
INSERT OR REPLACE INTO score_sheets (id, school_id, student_id, data, created_at, updated_at) VALUES ('hqrhev62158dd2q8dym2mu', 'demo-school-id', 'hu7p1qu9xwfngi49usrlpb', '{"Mathematics":{"ca1":2,"ca2":2,"exam":33},"English":{"ca1":10,"ca2":9,"exam":43},"Basic Science":{"ca1":1,"ca2":10,"exam":59},"Social Studies":{"ca1":7,"ca2":7,"exam":33},"Civic Education":{"ca1":10,"ca2":9,"exam":73},"Computer Studies":{"ca1":8,"ca2":10,"exam":21}}', '2026-06-22T14:44:16.834Z', '2026-06-22T14:44:16.834Z');
INSERT OR REPLACE INTO students (id, school_id, name, class_name, gender, admission_no, created_at, updated_at) VALUES ('safoggt2udq7botywlt1op', 'demo-school-id', 'Student 19 Demo', 'JSS 2', 'F', 'DIA-1019', '2026-06-22T14:44:16.834Z', '2026-06-22T14:44:16.834Z');
INSERT OR REPLACE INTO score_sheets (id, school_id, student_id, data, created_at, updated_at) VALUES ('l8ad3xcb49k1w8fdb2jluu', 'demo-school-id', 'safoggt2udq7botywlt1op', '{"Mathematics":{"ca1":2,"ca2":6,"exam":22},"English":{"ca1":2,"ca2":7,"exam":52},"Basic Science":{"ca1":10,"ca2":0,"exam":60},"Social Studies":{"ca1":1,"ca2":5,"exam":30},"Civic Education":{"ca1":1,"ca2":9,"exam":53},"Computer Studies":{"ca1":9,"ca2":5,"exam":65}}', '2026-06-22T14:44:16.834Z', '2026-06-22T14:44:16.834Z');
INSERT OR REPLACE INTO students (id, school_id, name, class_name, gender, admission_no, created_at, updated_at) VALUES ('toi04384zn203ecfbleswj', 'demo-school-id', 'Student 20 Demo', 'JSS 3', 'M', 'DIA-1020', '2026-06-22T14:44:16.834Z', '2026-06-22T14:44:16.834Z');
INSERT OR REPLACE INTO score_sheets (id, school_id, student_id, data, created_at, updated_at) VALUES ('x0ovp4ffa3b0bnxf2g5fd3n', 'demo-school-id', 'toi04384zn203ecfbleswj', '{"Mathematics":{"ca1":9,"ca2":9,"exam":71},"English":{"ca1":1,"ca2":4,"exam":42},"Basic Science":{"ca1":3,"ca2":5,"exam":20},"Social Studies":{"ca1":10,"ca2":4,"exam":49},"Civic Education":{"ca1":9,"ca2":8,"exam":48},"Computer Studies":{"ca1":6,"ca2":0,"exam":35}}', '2026-06-22T14:44:16.835Z', '2026-06-22T14:44:16.835Z');
INSERT OR REPLACE INTO students (id, school_id, name, class_name, gender, admission_no, created_at, updated_at) VALUES ('707jfj6zdl600uyap5t1xrdh', 'demo-school-id', 'Student 21 Demo', 'SSS 1', 'F', 'DIA-1021', '2026-06-22T14:44:16.835Z', '2026-06-22T14:44:16.835Z');
INSERT OR REPLACE INTO score_sheets (id, school_id, student_id, data, created_at, updated_at) VALUES ('47d7pfhopa78b5bgy98sm', 'demo-school-id', '707jfj6zdl600uyap5t1xrdh', '{"Mathematics":{"ca1":1,"ca2":2,"exam":26},"English":{"ca1":3,"ca2":5,"exam":27},"Basic Science":{"ca1":6,"ca2":8,"exam":59},"Social Studies":{"ca1":5,"ca2":1,"exam":41},"Civic Education":{"ca1":6,"ca2":10,"exam":71},"Computer Studies":{"ca1":1,"ca2":1,"exam":34}}', '2026-06-22T14:44:16.835Z', '2026-06-22T14:44:16.835Z');
INSERT OR REPLACE INTO students (id, school_id, name, class_name, gender, admission_no, created_at, updated_at) VALUES ('p3ajow8t36aei8zd7c6c8u', 'demo-school-id', 'Student 22 Demo', 'SSS 2', 'M', 'DIA-1022', '2026-06-22T14:44:16.835Z', '2026-06-22T14:44:16.835Z');
INSERT OR REPLACE INTO score_sheets (id, school_id, student_id, data, created_at, updated_at) VALUES ('0cqlvl8qrj58abnoulh5q9f', 'demo-school-id', 'p3ajow8t36aei8zd7c6c8u', '{"Mathematics":{"ca1":9,"ca2":8,"exam":47},"English":{"ca1":7,"ca2":8,"exam":63},"Basic Science":{"ca1":0,"ca2":3,"exam":64},"Social Studies":{"ca1":7,"ca2":0,"exam":72},"Civic Education":{"ca1":10,"ca2":5,"exam":51},"Computer Studies":{"ca1":7,"ca2":10,"exam":59}}', '2026-06-22T14:44:16.835Z', '2026-06-22T14:44:16.835Z');
INSERT OR REPLACE INTO students (id, school_id, name, class_name, gender, admission_no, created_at, updated_at) VALUES ('62xa30ibym3lombg54f9hr', 'demo-school-id', 'Student 23 Demo', 'SSS 3', 'F', 'DIA-1023', '2026-06-22T14:44:16.835Z', '2026-06-22T14:44:16.835Z');
INSERT OR REPLACE INTO score_sheets (id, school_id, student_id, data, created_at, updated_at) VALUES ('kguy4mqx6tbgv2mn9aoow', 'demo-school-id', '62xa30ibym3lombg54f9hr', '{"Mathematics":{"ca1":4,"ca2":9,"exam":68},"English":{"ca1":3,"ca2":7,"exam":52},"Basic Science":{"ca1":6,"ca2":3,"exam":54},"Social Studies":{"ca1":4,"ca2":3,"exam":45},"Civic Education":{"ca1":1,"ca2":8,"exam":62},"Computer Studies":{"ca1":5,"ca2":1,"exam":65}}', '2026-06-22T14:44:16.835Z', '2026-06-22T14:44:16.835Z');
INSERT OR REPLACE INTO students (id, school_id, name, class_name, gender, admission_no, created_at, updated_at) VALUES ('azxegxpl8oz5b3oqtrsu', 'demo-school-id', 'Student 24 Demo', 'JSS 1', 'M', 'DIA-1024', '2026-06-22T14:44:16.835Z', '2026-06-22T14:44:16.835Z');
INSERT OR REPLACE INTO score_sheets (id, school_id, student_id, data, created_at, updated_at) VALUES ('qa0t1usx34egtgnzo0rbta', 'demo-school-id', 'azxegxpl8oz5b3oqtrsu', '{"Mathematics":{"ca1":5,"ca2":4,"exam":23},"English":{"ca1":7,"ca2":0,"exam":39},"Basic Science":{"ca1":0,"ca2":6,"exam":80},"Social Studies":{"ca1":6,"ca2":2,"exam":30},"Civic Education":{"ca1":0,"ca2":3,"exam":54},"Computer Studies":{"ca1":1,"ca2":8,"exam":26}}', '2026-06-22T14:44:16.835Z', '2026-06-22T14:44:16.835Z');
INSERT OR REPLACE INTO students (id, school_id, name, class_name, gender, admission_no, created_at, updated_at) VALUES ('rif1j7ghprwusje7ql1q', 'demo-school-id', 'Student 25 Demo', 'JSS 2', 'F', 'DIA-1025', '2026-06-22T14:44:16.835Z', '2026-06-22T14:44:16.835Z');
INSERT OR REPLACE INTO score_sheets (id, school_id, student_id, data, created_at, updated_at) VALUES ('ei52zwx2y76xnaznqbzx2o', 'demo-school-id', 'rif1j7ghprwusje7ql1q', '{"Mathematics":{"ca1":10,"ca2":6,"exam":54},"English":{"ca1":4,"ca2":4,"exam":41},"Basic Science":{"ca1":9,"ca2":2,"exam":75},"Social Studies":{"ca1":6,"ca2":0,"exam":52},"Civic Education":{"ca1":5,"ca2":5,"exam":62},"Computer Studies":{"ca1":2,"ca2":5,"exam":66}}', '2026-06-22T14:44:16.835Z', '2026-06-22T14:44:16.835Z');
INSERT OR REPLACE INTO students (id, school_id, name, class_name, gender, admission_no, created_at, updated_at) VALUES ('f5w5xbwz1frkul2rjqnnk', 'demo-school-id', 'Student 26 Demo', 'JSS 3', 'M', 'DIA-1026', '2026-06-22T14:44:16.835Z', '2026-06-22T14:44:16.835Z');
INSERT OR REPLACE INTO score_sheets (id, school_id, student_id, data, created_at, updated_at) VALUES ('r4lq0ntk5jocfxt9fem2op', 'demo-school-id', 'f5w5xbwz1frkul2rjqnnk', '{"Mathematics":{"ca1":6,"ca2":8,"exam":44},"English":{"ca1":2,"ca2":7,"exam":74},"Basic Science":{"ca1":5,"ca2":6,"exam":48},"Social Studies":{"ca1":7,"ca2":1,"exam":58},"Civic Education":{"ca1":9,"ca2":2,"exam":20},"Computer Studies":{"ca1":8,"ca2":3,"exam":74}}', '2026-06-22T14:44:16.835Z', '2026-06-22T14:44:16.835Z');
INSERT OR REPLACE INTO students (id, school_id, name, class_name, gender, admission_no, created_at, updated_at) VALUES ('1h884b4x91lxlt7yo1fs3l', 'demo-school-id', 'Student 27 Demo', 'SSS 1', 'F', 'DIA-1027', '2026-06-22T14:44:16.835Z', '2026-06-22T14:44:16.835Z');
INSERT OR REPLACE INTO score_sheets (id, school_id, student_id, data, created_at, updated_at) VALUES ('fmv60z0lyxev6akljv7dqh', 'demo-school-id', '1h884b4x91lxlt7yo1fs3l', '{"Mathematics":{"ca1":10,"ca2":5,"exam":24},"English":{"ca1":1,"ca2":5,"exam":63},"Basic Science":{"ca1":9,"ca2":6,"exam":30},"Social Studies":{"ca1":1,"ca2":5,"exam":52},"Civic Education":{"ca1":4,"ca2":7,"exam":79},"Computer Studies":{"ca1":4,"ca2":0,"exam":34}}', '2026-06-22T14:44:16.835Z', '2026-06-22T14:44:16.835Z');
INSERT OR REPLACE INTO students (id, school_id, name, class_name, gender, admission_no, created_at, updated_at) VALUES ('svo3ewhehh04wozj4donf7', 'demo-school-id', 'Student 28 Demo', 'SSS 2', 'M', 'DIA-1028', '2026-06-22T14:44:16.835Z', '2026-06-22T14:44:16.835Z');
INSERT OR REPLACE INTO score_sheets (id, school_id, student_id, data, created_at, updated_at) VALUES ('wd6fnftk7nks8r06ffq9x', 'demo-school-id', 'svo3ewhehh04wozj4donf7', '{"Mathematics":{"ca1":6,"ca2":0,"exam":47},"English":{"ca1":6,"ca2":7,"exam":53},"Basic Science":{"ca1":2,"ca2":1,"exam":40},"Social Studies":{"ca1":1,"ca2":1,"exam":34},"Civic Education":{"ca1":3,"ca2":9,"exam":75},"Computer Studies":{"ca1":0,"ca2":5,"exam":79}}', '2026-06-22T14:44:16.835Z', '2026-06-22T14:44:16.835Z');
INSERT OR REPLACE INTO students (id, school_id, name, class_name, gender, admission_no, created_at, updated_at) VALUES ('twtm7ucbnnqayavfca67pe', 'demo-school-id', 'Student 29 Demo', 'SSS 3', 'F', 'DIA-1029', '2026-06-22T14:44:16.835Z', '2026-06-22T14:44:16.835Z');
INSERT OR REPLACE INTO score_sheets (id, school_id, student_id, data, created_at, updated_at) VALUES ('nxehe79hqaaqb38lemyldg', 'demo-school-id', 'twtm7ucbnnqayavfca67pe', '{"Mathematics":{"ca1":4,"ca2":8,"exam":66},"English":{"ca1":7,"ca2":9,"exam":78},"Basic Science":{"ca1":3,"ca2":3,"exam":65},"Social Studies":{"ca1":5,"ca2":4,"exam":69},"Civic Education":{"ca1":9,"ca2":9,"exam":46},"Computer Studies":{"ca1":1,"ca2":10,"exam":25}}', '2026-06-22T14:44:16.835Z', '2026-06-22T14:44:16.835Z');
INSERT OR REPLACE INTO students (id, school_id, name, class_name, gender, admission_no, created_at, updated_at) VALUES ('qvckxs06lvdh4wqnhhzplp', 'demo-school-id', 'Student 30 Demo', 'JSS 1', 'M', 'DIA-1030', '2026-06-22T14:44:16.835Z', '2026-06-22T14:44:16.835Z');
INSERT OR REPLACE INTO score_sheets (id, school_id, student_id, data, created_at, updated_at) VALUES ('qaxfg3omk40h07oji33zkk', 'demo-school-id', 'qvckxs06lvdh4wqnhhzplp', '{"Mathematics":{"ca1":1,"ca2":1,"exam":67},"English":{"ca1":6,"ca2":0,"exam":57},"Basic Science":{"ca1":3,"ca2":5,"exam":39},"Social Studies":{"ca1":4,"ca2":5,"exam":54},"Civic Education":{"ca1":5,"ca2":9,"exam":75},"Computer Studies":{"ca1":1,"ca2":4,"exam":59}}', '2026-06-22T14:44:16.835Z', '2026-06-22T14:44:16.835Z');
INSERT OR REPLACE INTO students (id, school_id, name, class_name, gender, admission_no, created_at, updated_at) VALUES ('96ieb8cqrvpha0f214lv3s', 'demo-school-id', 'Student 31 Demo', 'JSS 2', 'F', 'DIA-1031', '2026-06-22T14:44:16.835Z', '2026-06-22T14:44:16.835Z');
INSERT OR REPLACE INTO score_sheets (id, school_id, student_id, data, created_at, updated_at) VALUES ('57354xosbggns434mdkak', 'demo-school-id', '96ieb8cqrvpha0f214lv3s', '{"Mathematics":{"ca1":0,"ca2":8,"exam":44},"English":{"ca1":8,"ca2":2,"exam":29},"Basic Science":{"ca1":6,"ca2":1,"exam":68},"Social Studies":{"ca1":10,"ca2":2,"exam":75},"Civic Education":{"ca1":0,"ca2":3,"exam":71},"Computer Studies":{"ca1":5,"ca2":10,"exam":53}}', '2026-06-22T14:44:16.835Z', '2026-06-22T14:44:16.835Z');
INSERT OR REPLACE INTO students (id, school_id, name, class_name, gender, admission_no, created_at, updated_at) VALUES ('otg6rafnpkcod6lsnensl', 'demo-school-id', 'Student 32 Demo', 'JSS 3', 'M', 'DIA-1032', '2026-06-22T14:44:16.835Z', '2026-06-22T14:44:16.835Z');
INSERT OR REPLACE INTO score_sheets (id, school_id, student_id, data, created_at, updated_at) VALUES ('0w1p54k91ben93q2raopgyd', 'demo-school-id', 'otg6rafnpkcod6lsnensl', '{"Mathematics":{"ca1":8,"ca2":1,"exam":60},"English":{"ca1":4,"ca2":10,"exam":76},"Basic Science":{"ca1":9,"ca2":0,"exam":51},"Social Studies":{"ca1":0,"ca2":9,"exam":77},"Civic Education":{"ca1":5,"ca2":8,"exam":66},"Computer Studies":{"ca1":1,"ca2":7,"exam":70}}', '2026-06-22T14:44:16.835Z', '2026-06-22T14:44:16.835Z');
INSERT OR REPLACE INTO students (id, school_id, name, class_name, gender, admission_no, created_at, updated_at) VALUES ('qsdt2728atlfpxrczdgx3', 'demo-school-id', 'Student 33 Demo', 'SSS 1', 'F', 'DIA-1033', '2026-06-22T14:44:16.835Z', '2026-06-22T14:44:16.835Z');
INSERT OR REPLACE INTO score_sheets (id, school_id, student_id, data, created_at, updated_at) VALUES ('0lpjlkf8o7q1z5b7rbq2nt', 'demo-school-id', 'qsdt2728atlfpxrczdgx3', '{"Mathematics":{"ca1":9,"ca2":8,"exam":75},"English":{"ca1":9,"ca2":8,"exam":33},"Basic Science":{"ca1":0,"ca2":6,"exam":39},"Social Studies":{"ca1":1,"ca2":1,"exam":53},"Civic Education":{"ca1":5,"ca2":1,"exam":39},"Computer Studies":{"ca1":6,"ca2":3,"exam":27}}', '2026-06-22T14:44:16.835Z', '2026-06-22T14:44:16.835Z');
INSERT OR REPLACE INTO students (id, school_id, name, class_name, gender, admission_no, created_at, updated_at) VALUES ('hwl2askzrhoipcg4cl7f', 'demo-school-id', 'Student 34 Demo', 'SSS 2', 'M', 'DIA-1034', '2026-06-22T14:44:16.835Z', '2026-06-22T14:44:16.835Z');
INSERT OR REPLACE INTO score_sheets (id, school_id, student_id, data, created_at, updated_at) VALUES ('xse3bseze3tulz0ucga4f', 'demo-school-id', 'hwl2askzrhoipcg4cl7f', '{"Mathematics":{"ca1":7,"ca2":4,"exam":31},"English":{"ca1":1,"ca2":5,"exam":70},"Basic Science":{"ca1":1,"ca2":9,"exam":47},"Social Studies":{"ca1":6,"ca2":2,"exam":34},"Civic Education":{"ca1":2,"ca2":8,"exam":42},"Computer Studies":{"ca1":3,"ca2":9,"exam":43}}', '2026-06-22T14:44:16.835Z', '2026-06-22T14:44:16.835Z');
INSERT OR REPLACE INTO students (id, school_id, name, class_name, gender, admission_no, created_at, updated_at) VALUES ('kgamlvs4hrzwduuxh48kp', 'demo-school-id', 'Student 35 Demo', 'SSS 3', 'F', 'DIA-1035', '2026-06-22T14:44:16.835Z', '2026-06-22T14:44:16.835Z');
INSERT OR REPLACE INTO score_sheets (id, school_id, student_id, data, created_at, updated_at) VALUES ('qp890hnrzd0cni9cauvl5n', 'demo-school-id', 'kgamlvs4hrzwduuxh48kp', '{"Mathematics":{"ca1":8,"ca2":6,"exam":49},"English":{"ca1":1,"ca2":10,"exam":31},"Basic Science":{"ca1":4,"ca2":8,"exam":34},"Social Studies":{"ca1":8,"ca2":8,"exam":79},"Civic Education":{"ca1":6,"ca2":0,"exam":52},"Computer Studies":{"ca1":1,"ca2":1,"exam":46}}', '2026-06-22T14:44:16.835Z', '2026-06-22T14:44:16.835Z');
INSERT OR REPLACE INTO students (id, school_id, name, class_name, gender, admission_no, created_at, updated_at) VALUES ('l1cmh29ptlgxu9lutat0s', 'demo-school-id', 'Student 36 Demo', 'JSS 1', 'M', 'DIA-1036', '2026-06-22T14:44:16.835Z', '2026-06-22T14:44:16.835Z');
INSERT OR REPLACE INTO score_sheets (id, school_id, student_id, data, created_at, updated_at) VALUES ('gd5gtgtml79rhyv4aisk6', 'demo-school-id', 'l1cmh29ptlgxu9lutat0s', '{"Mathematics":{"ca1":10,"ca2":7,"exam":25},"English":{"ca1":8,"ca2":2,"exam":80},"Basic Science":{"ca1":1,"ca2":2,"exam":23},"Social Studies":{"ca1":1,"ca2":0,"exam":46},"Civic Education":{"ca1":0,"ca2":10,"exam":66},"Computer Studies":{"ca1":6,"ca2":7,"exam":77}}', '2026-06-22T14:44:16.835Z', '2026-06-22T14:44:16.835Z');
INSERT OR REPLACE INTO students (id, school_id, name, class_name, gender, admission_no, created_at, updated_at) VALUES ('psxu23g646uws0psp45y', 'demo-school-id', 'Student 37 Demo', 'JSS 2', 'F', 'DIA-1037', '2026-06-22T14:44:16.835Z', '2026-06-22T14:44:16.835Z');
INSERT OR REPLACE INTO score_sheets (id, school_id, student_id, data, created_at, updated_at) VALUES ('rl0bwcpbxprbytbhwa5yfm', 'demo-school-id', 'psxu23g646uws0psp45y', '{"Mathematics":{"ca1":2,"ca2":6,"exam":49},"English":{"ca1":10,"ca2":6,"exam":75},"Basic Science":{"ca1":2,"ca2":7,"exam":50},"Social Studies":{"ca1":7,"ca2":2,"exam":78},"Civic Education":{"ca1":9,"ca2":3,"exam":41},"Computer Studies":{"ca1":8,"ca2":5,"exam":35}}', '2026-06-22T14:44:16.835Z', '2026-06-22T14:44:16.835Z');
INSERT OR REPLACE INTO students (id, school_id, name, class_name, gender, admission_no, created_at, updated_at) VALUES ('nthzobsts9c137yq6ufdr6', 'demo-school-id', 'Student 38 Demo', 'JSS 3', 'M', 'DIA-1038', '2026-06-22T14:44:16.835Z', '2026-06-22T14:44:16.835Z');
INSERT OR REPLACE INTO score_sheets (id, school_id, student_id, data, created_at, updated_at) VALUES ('bdq7wunj39pvit4o7gjpfd', 'demo-school-id', 'nthzobsts9c137yq6ufdr6', '{"Mathematics":{"ca1":10,"ca2":10,"exam":22},"English":{"ca1":10,"ca2":5,"exam":65},"Basic Science":{"ca1":4,"ca2":7,"exam":65},"Social Studies":{"ca1":9,"ca2":3,"exam":52},"Civic Education":{"ca1":4,"ca2":3,"exam":66},"Computer Studies":{"ca1":4,"ca2":6,"exam":66}}', '2026-06-22T14:44:16.835Z', '2026-06-22T14:44:16.835Z');
INSERT OR REPLACE INTO students (id, school_id, name, class_name, gender, admission_no, created_at, updated_at) VALUES ('cw2mxl4srdkdbyoyelobvp', 'demo-school-id', 'Student 39 Demo', 'SSS 1', 'F', 'DIA-1039', '2026-06-22T14:44:16.835Z', '2026-06-22T14:44:16.835Z');
INSERT OR REPLACE INTO score_sheets (id, school_id, student_id, data, created_at, updated_at) VALUES ('9vjl8s968r9ifcyqdxur0h', 'demo-school-id', 'cw2mxl4srdkdbyoyelobvp', '{"Mathematics":{"ca1":3,"ca2":2,"exam":41},"English":{"ca1":3,"ca2":9,"exam":70},"Basic Science":{"ca1":3,"ca2":3,"exam":64},"Social Studies":{"ca1":0,"ca2":6,"exam":49},"Civic Education":{"ca1":9,"ca2":9,"exam":45},"Computer Studies":{"ca1":9,"ca2":3,"exam":58}}', '2026-06-22T14:44:16.835Z', '2026-06-22T14:44:16.835Z');
INSERT OR REPLACE INTO students (id, school_id, name, class_name, gender, admission_no, created_at, updated_at) VALUES ('2iam5i5uk3lwg2qp8iyzif', 'demo-school-id', 'Student 40 Demo', 'SSS 2', 'M', 'DIA-1040', '2026-06-22T14:44:16.835Z', '2026-06-22T14:44:16.835Z');
INSERT OR REPLACE INTO score_sheets (id, school_id, student_id, data, created_at, updated_at) VALUES ('m56lszoq08nys0otwx7jy', 'demo-school-id', '2iam5i5uk3lwg2qp8iyzif', '{"Mathematics":{"ca1":10,"ca2":2,"exam":25},"English":{"ca1":2,"ca2":7,"exam":46},"Basic Science":{"ca1":1,"ca2":8,"exam":32},"Social Studies":{"ca1":2,"ca2":1,"exam":62},"Civic Education":{"ca1":5,"ca2":10,"exam":33},"Computer Studies":{"ca1":4,"ca2":9,"exam":77}}', '2026-06-22T14:44:16.835Z', '2026-06-22T14:44:16.835Z');
INSERT OR REPLACE INTO students (id, school_id, name, class_name, gender, admission_no, created_at, updated_at) VALUES ('t7yv0s4mddallpxqpljmc', 'demo-school-id', 'Student 41 Demo', 'SSS 3', 'F', 'DIA-1041', '2026-06-22T14:44:16.835Z', '2026-06-22T14:44:16.835Z');
INSERT OR REPLACE INTO score_sheets (id, school_id, student_id, data, created_at, updated_at) VALUES ('7dixf7i3o9sol6pfu0p7tl', 'demo-school-id', 't7yv0s4mddallpxqpljmc', '{"Mathematics":{"ca1":8,"ca2":8,"exam":26},"English":{"ca1":7,"ca2":10,"exam":73},"Basic Science":{"ca1":0,"ca2":4,"exam":53},"Social Studies":{"ca1":0,"ca2":2,"exam":20},"Civic Education":{"ca1":6,"ca2":3,"exam":23},"Computer Studies":{"ca1":10,"ca2":4,"exam":30}}', '2026-06-22T14:44:16.836Z', '2026-06-22T14:44:16.836Z');
INSERT OR REPLACE INTO students (id, school_id, name, class_name, gender, admission_no, created_at, updated_at) VALUES ('ox5tfv3ztl91bjxxffmmdy', 'demo-school-id', 'Student 42 Demo', 'JSS 1', 'M', 'DIA-1042', '2026-06-22T14:44:16.836Z', '2026-06-22T14:44:16.836Z');
INSERT OR REPLACE INTO score_sheets (id, school_id, student_id, data, created_at, updated_at) VALUES ('mdbhxpanben5a75dh70ecf', 'demo-school-id', 'ox5tfv3ztl91bjxxffmmdy', '{"Mathematics":{"ca1":9,"ca2":6,"exam":30},"English":{"ca1":1,"ca2":0,"exam":40},"Basic Science":{"ca1":7,"ca2":8,"exam":26},"Social Studies":{"ca1":9,"ca2":3,"exam":55},"Civic Education":{"ca1":2,"ca2":7,"exam":64},"Computer Studies":{"ca1":4,"ca2":0,"exam":49}}', '2026-06-22T14:44:16.836Z', '2026-06-22T14:44:16.836Z');
INSERT OR REPLACE INTO students (id, school_id, name, class_name, gender, admission_no, created_at, updated_at) VALUES ('j8t955l3p5jrcw1xgohaub', 'demo-school-id', 'Student 43 Demo', 'JSS 2', 'F', 'DIA-1043', '2026-06-22T14:44:16.836Z', '2026-06-22T14:44:16.836Z');
INSERT OR REPLACE INTO score_sheets (id, school_id, student_id, data, created_at, updated_at) VALUES ('pae8bq2umvps42ga2ttepe', 'demo-school-id', 'j8t955l3p5jrcw1xgohaub', '{"Mathematics":{"ca1":10,"ca2":0,"exam":48},"English":{"ca1":5,"ca2":2,"exam":39},"Basic Science":{"ca1":4,"ca2":8,"exam":77},"Social Studies":{"ca1":6,"ca2":2,"exam":37},"Civic Education":{"ca1":2,"ca2":9,"exam":74},"Computer Studies":{"ca1":0,"ca2":6,"exam":79}}', '2026-06-22T14:44:16.836Z', '2026-06-22T14:44:16.836Z');
INSERT OR REPLACE INTO students (id, school_id, name, class_name, gender, admission_no, created_at, updated_at) VALUES ('i5mg7mdv56o4y12plbji67', 'demo-school-id', 'Student 44 Demo', 'JSS 3', 'M', 'DIA-1044', '2026-06-22T14:44:16.836Z', '2026-06-22T14:44:16.836Z');
INSERT OR REPLACE INTO score_sheets (id, school_id, student_id, data, created_at, updated_at) VALUES ('fi30l3j01onilq9y8lm9j', 'demo-school-id', 'i5mg7mdv56o4y12plbji67', '{"Mathematics":{"ca1":9,"ca2":9,"exam":64},"English":{"ca1":2,"ca2":10,"exam":74},"Basic Science":{"ca1":10,"ca2":3,"exam":72},"Social Studies":{"ca1":5,"ca2":9,"exam":71},"Civic Education":{"ca1":6,"ca2":10,"exam":64},"Computer Studies":{"ca1":7,"ca2":4,"exam":25}}', '2026-06-22T14:44:16.836Z', '2026-06-22T14:44:16.836Z');
INSERT OR REPLACE INTO students (id, school_id, name, class_name, gender, admission_no, created_at, updated_at) VALUES ('kjqpkmlchdfsias65ekzc', 'demo-school-id', 'Student 45 Demo', 'SSS 1', 'F', 'DIA-1045', '2026-06-22T14:44:16.836Z', '2026-06-22T14:44:16.836Z');
INSERT OR REPLACE INTO score_sheets (id, school_id, student_id, data, created_at, updated_at) VALUES ('pr6d7hrylelk4dltosw0o', 'demo-school-id', 'kjqpkmlchdfsias65ekzc', '{"Mathematics":{"ca1":8,"ca2":10,"exam":60},"English":{"ca1":3,"ca2":10,"exam":20},"Basic Science":{"ca1":3,"ca2":1,"exam":59},"Social Studies":{"ca1":9,"ca2":0,"exam":36},"Civic Education":{"ca1":3,"ca2":6,"exam":70},"Computer Studies":{"ca1":7,"ca2":8,"exam":73}}', '2026-06-22T14:44:16.836Z', '2026-06-22T14:44:16.836Z');
INSERT OR REPLACE INTO students (id, school_id, name, class_name, gender, admission_no, created_at, updated_at) VALUES ('7xmvx74kobekil7ui1h00j', 'demo-school-id', 'Student 46 Demo', 'SSS 2', 'M', 'DIA-1046', '2026-06-22T14:44:16.836Z', '2026-06-22T14:44:16.836Z');
INSERT OR REPLACE INTO score_sheets (id, school_id, student_id, data, created_at, updated_at) VALUES ('25ichfbln1wv9whbrxf9fs', 'demo-school-id', '7xmvx74kobekil7ui1h00j', '{"Mathematics":{"ca1":7,"ca2":8,"exam":66},"English":{"ca1":9,"ca2":10,"exam":62},"Basic Science":{"ca1":2,"ca2":0,"exam":55},"Social Studies":{"ca1":3,"ca2":10,"exam":44},"Civic Education":{"ca1":2,"ca2":8,"exam":65},"Computer Studies":{"ca1":2,"ca2":9,"exam":20}}', '2026-06-22T14:44:16.836Z', '2026-06-22T14:44:16.836Z');
INSERT OR REPLACE INTO students (id, school_id, name, class_name, gender, admission_no, created_at, updated_at) VALUES ('aje23u32cege847wnugw9', 'demo-school-id', 'Student 47 Demo', 'SSS 3', 'F', 'DIA-1047', '2026-06-22T14:44:16.836Z', '2026-06-22T14:44:16.836Z');
INSERT OR REPLACE INTO score_sheets (id, school_id, student_id, data, created_at, updated_at) VALUES ('s844oadnndhke2j1g1xvv', 'demo-school-id', 'aje23u32cege847wnugw9', '{"Mathematics":{"ca1":3,"ca2":1,"exam":51},"English":{"ca1":9,"ca2":5,"exam":56},"Basic Science":{"ca1":1,"ca2":2,"exam":25},"Social Studies":{"ca1":2,"ca2":2,"exam":47},"Civic Education":{"ca1":8,"ca2":2,"exam":49},"Computer Studies":{"ca1":4,"ca2":2,"exam":23}}', '2026-06-22T14:44:16.836Z', '2026-06-22T14:44:16.836Z');
INSERT OR REPLACE INTO students (id, school_id, name, class_name, gender, admission_no, created_at, updated_at) VALUES ('jadqn8gp22n4ob7iv1tq', 'demo-school-id', 'Student 48 Demo', 'JSS 1', 'M', 'DIA-1048', '2026-06-22T14:44:16.836Z', '2026-06-22T14:44:16.836Z');
INSERT OR REPLACE INTO score_sheets (id, school_id, student_id, data, created_at, updated_at) VALUES ('43brzhbyfmwrxqnga3vu59', 'demo-school-id', 'jadqn8gp22n4ob7iv1tq', '{"Mathematics":{"ca1":8,"ca2":9,"exam":31},"English":{"ca1":7,"ca2":0,"exam":75},"Basic Science":{"ca1":4,"ca2":9,"exam":63},"Social Studies":{"ca1":3,"ca2":4,"exam":29},"Civic Education":{"ca1":4,"ca2":0,"exam":58},"Computer Studies":{"ca1":3,"ca2":3,"exam":47}}', '2026-06-22T14:44:16.836Z', '2026-06-22T14:44:16.836Z');
INSERT OR REPLACE INTO students (id, school_id, name, class_name, gender, admission_no, created_at, updated_at) VALUES ('qjcpqwm5hqfuigozdt9l1o', 'demo-school-id', 'Student 49 Demo', 'JSS 2', 'F', 'DIA-1049', '2026-06-22T14:44:16.836Z', '2026-06-22T14:44:16.836Z');
INSERT OR REPLACE INTO score_sheets (id, school_id, student_id, data, created_at, updated_at) VALUES ('2du5xdw0xn451k49hpah4x', 'demo-school-id', 'qjcpqwm5hqfuigozdt9l1o', '{"Mathematics":{"ca1":2,"ca2":10,"exam":34},"English":{"ca1":9,"ca2":6,"exam":76},"Basic Science":{"ca1":9,"ca2":3,"exam":62},"Social Studies":{"ca1":7,"ca2":7,"exam":33},"Civic Education":{"ca1":5,"ca2":6,"exam":38},"Computer Studies":{"ca1":9,"ca2":5,"exam":56}}', '2026-06-22T14:44:16.836Z', '2026-06-22T14:44:16.836Z');
INSERT OR REPLACE INTO students (id, school_id, name, class_name, gender, admission_no, created_at, updated_at) VALUES ('ewauliutx4ppe5awam6a', 'demo-school-id', 'Student 50 Demo', 'JSS 3', 'M', 'DIA-1050', '2026-06-22T14:44:16.836Z', '2026-06-22T14:44:16.836Z');
INSERT OR REPLACE INTO score_sheets (id, school_id, student_id, data, created_at, updated_at) VALUES ('hzcvn611urmolaz9wgp4', 'demo-school-id', 'ewauliutx4ppe5awam6a', '{"Mathematics":{"ca1":8,"ca2":5,"exam":43},"English":{"ca1":7,"ca2":0,"exam":60},"Basic Science":{"ca1":8,"ca2":1,"exam":32},"Social Studies":{"ca1":4,"ca2":9,"exam":69},"Civic Education":{"ca1":9,"ca2":7,"exam":58},"Computer Studies":{"ca1":6,"ca2":7,"exam":31}}', '2026-06-22T14:44:16.836Z', '2026-06-22T14:44:16.836Z');
INSERT OR REPLACE INTO students (id, school_id, name, class_name, gender, admission_no, created_at, updated_at) VALUES ('3t1fo88mtqkk0my80x1typ', 'demo-school-id', 'Student 51 Demo', 'SSS 1', 'F', 'DIA-1051', '2026-06-22T14:44:16.836Z', '2026-06-22T14:44:16.836Z');
INSERT OR REPLACE INTO score_sheets (id, school_id, student_id, data, created_at, updated_at) VALUES ('hvibv0qjemdax82byn4dv', 'demo-school-id', '3t1fo88mtqkk0my80x1typ', '{"Mathematics":{"ca1":3,"ca2":1,"exam":59},"English":{"ca1":6,"ca2":8,"exam":33},"Basic Science":{"ca1":10,"ca2":5,"exam":22},"Social Studies":{"ca1":6,"ca2":2,"exam":60},"Civic Education":{"ca1":5,"ca2":4,"exam":48},"Computer Studies":{"ca1":9,"ca2":4,"exam":30}}', '2026-06-22T14:44:16.836Z', '2026-06-22T14:44:16.836Z');
INSERT OR REPLACE INTO students (id, school_id, name, class_name, gender, admission_no, created_at, updated_at) VALUES ('hb2etptzsofult6jm51oe', 'demo-school-id', 'Student 52 Demo', 'SSS 2', 'M', 'DIA-1052', '2026-06-22T14:44:16.836Z', '2026-06-22T14:44:16.836Z');
INSERT OR REPLACE INTO score_sheets (id, school_id, student_id, data, created_at, updated_at) VALUES ('odebvuhietld3909g1nnq5', 'demo-school-id', 'hb2etptzsofult6jm51oe', '{"Mathematics":{"ca1":5,"ca2":10,"exam":22},"English":{"ca1":3,"ca2":4,"exam":52},"Basic Science":{"ca1":1,"ca2":2,"exam":51},"Social Studies":{"ca1":5,"ca2":5,"exam":46},"Civic Education":{"ca1":5,"ca2":4,"exam":48},"Computer Studies":{"ca1":5,"ca2":6,"exam":76}}', '2026-06-22T14:44:16.836Z', '2026-06-22T14:44:16.836Z');
INSERT OR REPLACE INTO students (id, school_id, name, class_name, gender, admission_no, created_at, updated_at) VALUES ('yc0ix5ouyqauqy4ci5hajk', 'demo-school-id', 'Student 53 Demo', 'SSS 3', 'F', 'DIA-1053', '2026-06-22T14:44:16.836Z', '2026-06-22T14:44:16.836Z');
INSERT OR REPLACE INTO score_sheets (id, school_id, student_id, data, created_at, updated_at) VALUES ('xra9xttflqnp08bhugk4x', 'demo-school-id', 'yc0ix5ouyqauqy4ci5hajk', '{"Mathematics":{"ca1":6,"ca2":7,"exam":40},"English":{"ca1":5,"ca2":3,"exam":36},"Basic Science":{"ca1":8,"ca2":10,"exam":51},"Social Studies":{"ca1":1,"ca2":10,"exam":59},"Civic Education":{"ca1":1,"ca2":5,"exam":23},"Computer Studies":{"ca1":0,"ca2":1,"exam":35}}', '2026-06-22T14:44:16.836Z', '2026-06-22T14:44:16.836Z');
INSERT OR REPLACE INTO students (id, school_id, name, class_name, gender, admission_no, created_at, updated_at) VALUES ('htgmaiqw2f5sqhixvw4v6g', 'demo-school-id', 'Student 54 Demo', 'JSS 1', 'M', 'DIA-1054', '2026-06-22T14:44:16.836Z', '2026-06-22T14:44:16.836Z');
INSERT OR REPLACE INTO score_sheets (id, school_id, student_id, data, created_at, updated_at) VALUES ('mb3i6i7supgbxtjuox2ry', 'demo-school-id', 'htgmaiqw2f5sqhixvw4v6g', '{"Mathematics":{"ca1":1,"ca2":7,"exam":41},"English":{"ca1":3,"ca2":6,"exam":68},"Basic Science":{"ca1":10,"ca2":7,"exam":47},"Social Studies":{"ca1":10,"ca2":8,"exam":38},"Civic Education":{"ca1":4,"ca2":1,"exam":36},"Computer Studies":{"ca1":5,"ca2":9,"exam":24}}', '2026-06-22T14:44:16.836Z', '2026-06-22T14:44:16.836Z');
INSERT OR REPLACE INTO students (id, school_id, name, class_name, gender, admission_no, created_at, updated_at) VALUES ('nh8ezjbx3zcoobd5dg6iya', 'demo-school-id', 'Student 55 Demo', 'JSS 2', 'F', 'DIA-1055', '2026-06-22T14:44:16.836Z', '2026-06-22T14:44:16.836Z');
INSERT OR REPLACE INTO score_sheets (id, school_id, student_id, data, created_at, updated_at) VALUES ('ap2j762ma739m7rnxrdq3', 'demo-school-id', 'nh8ezjbx3zcoobd5dg6iya', '{"Mathematics":{"ca1":8,"ca2":5,"exam":34},"English":{"ca1":2,"ca2":8,"exam":42},"Basic Science":{"ca1":7,"ca2":5,"exam":75},"Social Studies":{"ca1":0,"ca2":3,"exam":28},"Civic Education":{"ca1":2,"ca2":4,"exam":68},"Computer Studies":{"ca1":5,"ca2":5,"exam":43}}', '2026-06-22T14:44:16.836Z', '2026-06-22T14:44:16.836Z');
INSERT OR REPLACE INTO students (id, school_id, name, class_name, gender, admission_no, created_at, updated_at) VALUES ('dh2gn47qhxj2gxm2el2n7j', 'demo-school-id', 'Student 56 Demo', 'JSS 3', 'M', 'DIA-1056', '2026-06-22T14:44:16.836Z', '2026-06-22T14:44:16.836Z');
INSERT OR REPLACE INTO score_sheets (id, school_id, student_id, data, created_at, updated_at) VALUES ('i4z62jw1mwblzdzqxyosh', 'demo-school-id', 'dh2gn47qhxj2gxm2el2n7j', '{"Mathematics":{"ca1":5,"ca2":9,"exam":44},"English":{"ca1":2,"ca2":2,"exam":43},"Basic Science":{"ca1":7,"ca2":9,"exam":54},"Social Studies":{"ca1":4,"ca2":4,"exam":58},"Civic Education":{"ca1":10,"ca2":6,"exam":29},"Computer Studies":{"ca1":10,"ca2":7,"exam":73}}', '2026-06-22T14:44:16.836Z', '2026-06-22T14:44:16.836Z');
INSERT OR REPLACE INTO students (id, school_id, name, class_name, gender, admission_no, created_at, updated_at) VALUES ('6hxkl2nyms3c0fav9k5eet', 'demo-school-id', 'Student 57 Demo', 'SSS 1', 'F', 'DIA-1057', '2026-06-22T14:44:16.836Z', '2026-06-22T14:44:16.836Z');
INSERT OR REPLACE INTO score_sheets (id, school_id, student_id, data, created_at, updated_at) VALUES ('20n47dxtpf89fu98y988u', 'demo-school-id', '6hxkl2nyms3c0fav9k5eet', '{"Mathematics":{"ca1":8,"ca2":5,"exam":77},"English":{"ca1":2,"ca2":1,"exam":73},"Basic Science":{"ca1":3,"ca2":5,"exam":80},"Social Studies":{"ca1":6,"ca2":6,"exam":50},"Civic Education":{"ca1":4,"ca2":1,"exam":76},"Computer Studies":{"ca1":6,"ca2":1,"exam":32}}', '2026-06-22T14:44:16.836Z', '2026-06-22T14:44:16.836Z');
INSERT OR REPLACE INTO students (id, school_id, name, class_name, gender, admission_no, created_at, updated_at) VALUES ('vgftfls173ru1a6srp5ddj', 'demo-school-id', 'Student 58 Demo', 'SSS 2', 'M', 'DIA-1058', '2026-06-22T14:44:16.836Z', '2026-06-22T14:44:16.836Z');
INSERT OR REPLACE INTO score_sheets (id, school_id, student_id, data, created_at, updated_at) VALUES ('1tautuvdt3ik7yi6bdftare', 'demo-school-id', 'vgftfls173ru1a6srp5ddj', '{"Mathematics":{"ca1":2,"ca2":3,"exam":28},"English":{"ca1":1,"ca2":1,"exam":56},"Basic Science":{"ca1":1,"ca2":5,"exam":35},"Social Studies":{"ca1":2,"ca2":10,"exam":26},"Civic Education":{"ca1":3,"ca2":2,"exam":20},"Computer Studies":{"ca1":10,"ca2":3,"exam":60}}', '2026-06-22T14:44:16.836Z', '2026-06-22T14:44:16.836Z');
INSERT OR REPLACE INTO students (id, school_id, name, class_name, gender, admission_no, created_at, updated_at) VALUES ('l4is03n5knmtuf5lv8ulpn', 'demo-school-id', 'Student 59 Demo', 'SSS 3', 'F', 'DIA-1059', '2026-06-22T14:44:16.836Z', '2026-06-22T14:44:16.836Z');
INSERT OR REPLACE INTO score_sheets (id, school_id, student_id, data, created_at, updated_at) VALUES ('fx2otd982mdpu28tqiyaoi', 'demo-school-id', 'l4is03n5knmtuf5lv8ulpn', '{"Mathematics":{"ca1":10,"ca2":6,"exam":44},"English":{"ca1":1,"ca2":3,"exam":49},"Basic Science":{"ca1":4,"ca2":2,"exam":57},"Social Studies":{"ca1":4,"ca2":3,"exam":56},"Civic Education":{"ca1":8,"ca2":2,"exam":26},"Computer Studies":{"ca1":3,"ca2":8,"exam":44}}', '2026-06-22T14:44:16.836Z', '2026-06-22T14:44:16.836Z');
INSERT OR REPLACE INTO students (id, school_id, name, class_name, gender, admission_no, created_at, updated_at) VALUES ('qe0o60gp9c70p9mod67b8', 'demo-school-id', 'Student 60 Demo', 'JSS 1', 'M', 'DIA-1060', '2026-06-22T14:44:16.836Z', '2026-06-22T14:44:16.836Z');
INSERT OR REPLACE INTO score_sheets (id, school_id, student_id, data, created_at, updated_at) VALUES ('d7podst7iq649f51l9q9hn', 'demo-school-id', 'qe0o60gp9c70p9mod67b8', '{"Mathematics":{"ca1":3,"ca2":3,"exam":73},"English":{"ca1":1,"ca2":2,"exam":44},"Basic Science":{"ca1":0,"ca2":8,"exam":49},"Social Studies":{"ca1":4,"ca2":6,"exam":75},"Civic Education":{"ca1":0,"ca2":2,"exam":44},"Computer Studies":{"ca1":1,"ca2":10,"exam":61}}', '2026-06-22T14:44:16.836Z', '2026-06-22T14:44:16.836Z');
INSERT OR REPLACE INTO students (id, school_id, name, class_name, gender, admission_no, created_at, updated_at) VALUES ('rlg522k9nzgvitdu6yka6q', 'demo-school-id', 'Student 61 Demo', 'JSS 2', 'F', 'DIA-1061', '2026-06-22T14:44:16.836Z', '2026-06-22T14:44:16.836Z');
INSERT OR REPLACE INTO score_sheets (id, school_id, student_id, data, created_at, updated_at) VALUES ('o8dcouuk4csmc1igbrj4', 'demo-school-id', 'rlg522k9nzgvitdu6yka6q', '{"Mathematics":{"ca1":5,"ca2":6,"exam":38},"English":{"ca1":8,"ca2":1,"exam":71},"Basic Science":{"ca1":4,"ca2":5,"exam":56},"Social Studies":{"ca1":5,"ca2":6,"exam":78},"Civic Education":{"ca1":10,"ca2":1,"exam":59},"Computer Studies":{"ca1":6,"ca2":4,"exam":39}}', '2026-06-22T14:44:16.836Z', '2026-06-22T14:44:16.836Z');
INSERT OR REPLACE INTO students (id, school_id, name, class_name, gender, admission_no, created_at, updated_at) VALUES ('2hq0fxj42clat0jjvs94w7', 'demo-school-id', 'Student 62 Demo', 'JSS 3', 'M', 'DIA-1062', '2026-06-22T14:44:16.836Z', '2026-06-22T14:44:16.836Z');
INSERT OR REPLACE INTO score_sheets (id, school_id, student_id, data, created_at, updated_at) VALUES ('nzqpx5pcipr1jmbkfqx77f', 'demo-school-id', '2hq0fxj42clat0jjvs94w7', '{"Mathematics":{"ca1":10,"ca2":4,"exam":29},"English":{"ca1":8,"ca2":6,"exam":43},"Basic Science":{"ca1":8,"ca2":4,"exam":52},"Social Studies":{"ca1":8,"ca2":10,"exam":51},"Civic Education":{"ca1":8,"ca2":4,"exam":74},"Computer Studies":{"ca1":10,"ca2":6,"exam":78}}', '2026-06-22T14:44:16.836Z', '2026-06-22T14:44:16.836Z');
INSERT OR REPLACE INTO students (id, school_id, name, class_name, gender, admission_no, created_at, updated_at) VALUES ('tiob8bwgftwmrv8nsrtg', 'demo-school-id', 'Student 63 Demo', 'SSS 1', 'F', 'DIA-1063', '2026-06-22T14:44:16.836Z', '2026-06-22T14:44:16.836Z');
INSERT OR REPLACE INTO score_sheets (id, school_id, student_id, data, created_at, updated_at) VALUES ('2z593njntq67i9ss7g6lwh', 'demo-school-id', 'tiob8bwgftwmrv8nsrtg', '{"Mathematics":{"ca1":3,"ca2":5,"exam":43},"English":{"ca1":4,"ca2":7,"exam":74},"Basic Science":{"ca1":0,"ca2":0,"exam":52},"Social Studies":{"ca1":4,"ca2":1,"exam":69},"Civic Education":{"ca1":7,"ca2":1,"exam":37},"Computer Studies":{"ca1":6,"ca2":8,"exam":63}}', '2026-06-22T14:44:16.836Z', '2026-06-22T14:44:16.836Z');
INSERT OR REPLACE INTO students (id, school_id, name, class_name, gender, admission_no, created_at, updated_at) VALUES ('vyjvqwihxugy2buse05ei', 'demo-school-id', 'Student 64 Demo', 'SSS 2', 'M', 'DIA-1064', '2026-06-22T14:44:16.836Z', '2026-06-22T14:44:16.836Z');
INSERT OR REPLACE INTO score_sheets (id, school_id, student_id, data, created_at, updated_at) VALUES ('0sqw0lno7byzr9q6a3oom', 'demo-school-id', 'vyjvqwihxugy2buse05ei', '{"Mathematics":{"ca1":9,"ca2":6,"exam":34},"English":{"ca1":6,"ca2":8,"exam":32},"Basic Science":{"ca1":2,"ca2":5,"exam":42},"Social Studies":{"ca1":2,"ca2":5,"exam":59},"Civic Education":{"ca1":8,"ca2":3,"exam":79},"Computer Studies":{"ca1":10,"ca2":7,"exam":40}}', '2026-06-22T14:44:16.836Z', '2026-06-22T14:44:16.836Z');
INSERT OR REPLACE INTO students (id, school_id, name, class_name, gender, admission_no, created_at, updated_at) VALUES ('6eczoxjfiljplt5wyksdh9', 'demo-school-id', 'Student 65 Demo', 'SSS 3', 'F', 'DIA-1065', '2026-06-22T14:44:16.836Z', '2026-06-22T14:44:16.836Z');
INSERT OR REPLACE INTO score_sheets (id, school_id, student_id, data, created_at, updated_at) VALUES ('cj1uxlooq2c88cz2npaz6h', 'demo-school-id', '6eczoxjfiljplt5wyksdh9', '{"Mathematics":{"ca1":4,"ca2":1,"exam":59},"English":{"ca1":4,"ca2":2,"exam":55},"Basic Science":{"ca1":6,"ca2":2,"exam":64},"Social Studies":{"ca1":2,"ca2":2,"exam":72},"Civic Education":{"ca1":10,"ca2":0,"exam":44},"Computer Studies":{"ca1":9,"ca2":3,"exam":20}}', '2026-06-22T14:44:16.836Z', '2026-06-22T14:44:16.836Z');
INSERT OR REPLACE INTO students (id, school_id, name, class_name, gender, admission_no, created_at, updated_at) VALUES ('ddyscn7gmbuvysqgjx45xr', 'demo-school-id', 'Student 66 Demo', 'JSS 1', 'M', 'DIA-1066', '2026-06-22T14:44:16.836Z', '2026-06-22T14:44:16.836Z');
INSERT OR REPLACE INTO score_sheets (id, school_id, student_id, data, created_at, updated_at) VALUES ('ltj70i4ab1cxegz82vhrr', 'demo-school-id', 'ddyscn7gmbuvysqgjx45xr', '{"Mathematics":{"ca1":10,"ca2":2,"exam":33},"English":{"ca1":7,"ca2":3,"exam":54},"Basic Science":{"ca1":9,"ca2":7,"exam":44},"Social Studies":{"ca1":3,"ca2":9,"exam":73},"Civic Education":{"ca1":3,"ca2":4,"exam":38},"Computer Studies":{"ca1":10,"ca2":8,"exam":67}}', '2026-06-22T14:44:16.836Z', '2026-06-22T14:44:16.836Z');
INSERT OR REPLACE INTO students (id, school_id, name, class_name, gender, admission_no, created_at, updated_at) VALUES ('d6wvfekyxs48r904cswx55', 'demo-school-id', 'Student 67 Demo', 'JSS 2', 'F', 'DIA-1067', '2026-06-22T14:44:16.836Z', '2026-06-22T14:44:16.836Z');
INSERT OR REPLACE INTO score_sheets (id, school_id, student_id, data, created_at, updated_at) VALUES ('oyda5hcrmk7ajpfhrbt3l', 'demo-school-id', 'd6wvfekyxs48r904cswx55', '{"Mathematics":{"ca1":5,"ca2":8,"exam":37},"English":{"ca1":1,"ca2":0,"exam":27},"Basic Science":{"ca1":1,"ca2":5,"exam":34},"Social Studies":{"ca1":2,"ca2":0,"exam":50},"Civic Education":{"ca1":9,"ca2":3,"exam":74},"Computer Studies":{"ca1":6,"ca2":10,"exam":61}}', '2026-06-22T14:44:16.836Z', '2026-06-22T14:44:16.836Z');
INSERT OR REPLACE INTO students (id, school_id, name, class_name, gender, admission_no, created_at, updated_at) VALUES ('t3iomnohnyn1u40wmpzpj', 'demo-school-id', 'Student 68 Demo', 'JSS 3', 'M', 'DIA-1068', '2026-06-22T14:44:16.836Z', '2026-06-22T14:44:16.836Z');
INSERT OR REPLACE INTO score_sheets (id, school_id, student_id, data, created_at, updated_at) VALUES ('04o915z42ewvyxi7yi4h2ab', 'demo-school-id', 't3iomnohnyn1u40wmpzpj', '{"Mathematics":{"ca1":9,"ca2":0,"exam":30},"English":{"ca1":0,"ca2":3,"exam":60},"Basic Science":{"ca1":3,"ca2":0,"exam":78},"Social Studies":{"ca1":2,"ca2":9,"exam":25},"Civic Education":{"ca1":9,"ca2":0,"exam":47},"Computer Studies":{"ca1":3,"ca2":9,"exam":71}}', '2026-06-22T14:44:16.836Z', '2026-06-22T14:44:16.836Z');
INSERT OR REPLACE INTO students (id, school_id, name, class_name, gender, admission_no, created_at, updated_at) VALUES ('hi5b0alp9snhvaawlydut9', 'demo-school-id', 'Student 69 Demo', 'SSS 1', 'F', 'DIA-1069', '2026-06-22T14:44:16.836Z', '2026-06-22T14:44:16.836Z');
INSERT OR REPLACE INTO score_sheets (id, school_id, student_id, data, created_at, updated_at) VALUES ('7vbxwvafhtkaqe858x7et6', 'demo-school-id', 'hi5b0alp9snhvaawlydut9', '{"Mathematics":{"ca1":10,"ca2":7,"exam":32},"English":{"ca1":10,"ca2":6,"exam":61},"Basic Science":{"ca1":1,"ca2":8,"exam":71},"Social Studies":{"ca1":8,"ca2":10,"exam":32},"Civic Education":{"ca1":4,"ca2":8,"exam":55},"Computer Studies":{"ca1":3,"ca2":2,"exam":69}}', '2026-06-22T14:44:16.836Z', '2026-06-22T14:44:16.836Z');
INSERT OR REPLACE INTO students (id, school_id, name, class_name, gender, admission_no, created_at, updated_at) VALUES ('e3ko5s25k5eeotmugmy5vq', 'demo-school-id', 'Student 70 Demo', 'SSS 2', 'M', 'DIA-1070', '2026-06-22T14:44:16.836Z', '2026-06-22T14:44:16.836Z');
INSERT OR REPLACE INTO score_sheets (id, school_id, student_id, data, created_at, updated_at) VALUES ('g3v69gozttf3wrhne3sd5l', 'demo-school-id', 'e3ko5s25k5eeotmugmy5vq', '{"Mathematics":{"ca1":2,"ca2":6,"exam":33},"English":{"ca1":1,"ca2":5,"exam":42},"Basic Science":{"ca1":7,"ca2":3,"exam":58},"Social Studies":{"ca1":0,"ca2":4,"exam":74},"Civic Education":{"ca1":0,"ca2":6,"exam":73},"Computer Studies":{"ca1":7,"ca2":1,"exam":26}}', '2026-06-22T14:44:16.836Z', '2026-06-22T14:44:16.836Z');
INSERT OR REPLACE INTO students (id, school_id, name, class_name, gender, admission_no, created_at, updated_at) VALUES ('3od5kluwg0nmfy2x7ghwa', 'demo-school-id', 'Student 71 Demo', 'SSS 3', 'F', 'DIA-1071', '2026-06-22T14:44:16.836Z', '2026-06-22T14:44:16.836Z');
INSERT OR REPLACE INTO score_sheets (id, school_id, student_id, data, created_at, updated_at) VALUES ('sn3fcngkwr8rkn12rwxld', 'demo-school-id', '3od5kluwg0nmfy2x7ghwa', '{"Mathematics":{"ca1":2,"ca2":8,"exam":60},"English":{"ca1":3,"ca2":7,"exam":64},"Basic Science":{"ca1":7,"ca2":7,"exam":57},"Social Studies":{"ca1":0,"ca2":2,"exam":67},"Civic Education":{"ca1":7,"ca2":7,"exam":42},"Computer Studies":{"ca1":10,"ca2":3,"exam":37}}', '2026-06-22T14:44:16.836Z', '2026-06-22T14:44:16.836Z');
INSERT OR REPLACE INTO students (id, school_id, name, class_name, gender, admission_no, created_at, updated_at) VALUES ('p1zfwuk3rssc0efldo2y8', 'demo-school-id', 'Student 72 Demo', 'JSS 1', 'M', 'DIA-1072', '2026-06-22T14:44:16.836Z', '2026-06-22T14:44:16.836Z');
INSERT OR REPLACE INTO score_sheets (id, school_id, student_id, data, created_at, updated_at) VALUES ('cvsxlawhwsq1s54p1z96e', 'demo-school-id', 'p1zfwuk3rssc0efldo2y8', '{"Mathematics":{"ca1":5,"ca2":3,"exam":51},"English":{"ca1":0,"ca2":2,"exam":43},"Basic Science":{"ca1":9,"ca2":5,"exam":42},"Social Studies":{"ca1":1,"ca2":0,"exam":58},"Civic Education":{"ca1":0,"ca2":5,"exam":27},"Computer Studies":{"ca1":7,"ca2":1,"exam":42}}', '2026-06-22T14:44:16.836Z', '2026-06-22T14:44:16.836Z');
INSERT OR REPLACE INTO students (id, school_id, name, class_name, gender, admission_no, created_at, updated_at) VALUES ('v0rcujdn7aqw90nzsu62ua', 'demo-school-id', 'Student 73 Demo', 'JSS 2', 'F', 'DIA-1073', '2026-06-22T14:44:16.836Z', '2026-06-22T14:44:16.836Z');
INSERT OR REPLACE INTO score_sheets (id, school_id, student_id, data, created_at, updated_at) VALUES ('b965aowl1v6ts7ooc3ezig', 'demo-school-id', 'v0rcujdn7aqw90nzsu62ua', '{"Mathematics":{"ca1":7,"ca2":6,"exam":76},"English":{"ca1":10,"ca2":1,"exam":48},"Basic Science":{"ca1":3,"ca2":5,"exam":26},"Social Studies":{"ca1":2,"ca2":7,"exam":55},"Civic Education":{"ca1":9,"ca2":10,"exam":65},"Computer Studies":{"ca1":8,"ca2":1,"exam":48}}', '2026-06-22T14:44:16.836Z', '2026-06-22T14:44:16.836Z');
INSERT OR REPLACE INTO students (id, school_id, name, class_name, gender, admission_no, created_at, updated_at) VALUES ('7vkiukhwujd5t4x8am3ea', 'demo-school-id', 'Student 74 Demo', 'JSS 3', 'M', 'DIA-1074', '2026-06-22T14:44:16.836Z', '2026-06-22T14:44:16.836Z');
INSERT OR REPLACE INTO score_sheets (id, school_id, student_id, data, created_at, updated_at) VALUES ('lexriabjtzh3kk3ot4mprm', 'demo-school-id', '7vkiukhwujd5t4x8am3ea', '{"Mathematics":{"ca1":10,"ca2":2,"exam":78},"English":{"ca1":1,"ca2":0,"exam":37},"Basic Science":{"ca1":10,"ca2":7,"exam":72},"Social Studies":{"ca1":10,"ca2":0,"exam":43},"Civic Education":{"ca1":3,"ca2":9,"exam":58},"Computer Studies":{"ca1":4,"ca2":8,"exam":41}}', '2026-06-22T14:44:16.836Z', '2026-06-22T14:44:16.836Z');
INSERT OR REPLACE INTO students (id, school_id, name, class_name, gender, admission_no, created_at, updated_at) VALUES ('9am79rkalxnea9iyptgx6p', 'demo-school-id', 'Student 75 Demo', 'SSS 1', 'F', 'DIA-1075', '2026-06-22T14:44:16.836Z', '2026-06-22T14:44:16.836Z');
INSERT OR REPLACE INTO score_sheets (id, school_id, student_id, data, created_at, updated_at) VALUES ('8uwhot8ajoicmgjqoy68kc', 'demo-school-id', '9am79rkalxnea9iyptgx6p', '{"Mathematics":{"ca1":6,"ca2":10,"exam":50},"English":{"ca1":1,"ca2":8,"exam":53},"Basic Science":{"ca1":2,"ca2":4,"exam":80},"Social Studies":{"ca1":6,"ca2":6,"exam":43},"Civic Education":{"ca1":10,"ca2":10,"exam":76},"Computer Studies":{"ca1":4,"ca2":9,"exam":42}}', '2026-06-22T14:44:16.836Z', '2026-06-22T14:44:16.836Z');
INSERT OR REPLACE INTO students (id, school_id, name, class_name, gender, admission_no, created_at, updated_at) VALUES ('v49f9iaer3nyhjohqqq4q', 'demo-school-id', 'Student 76 Demo', 'SSS 2', 'M', 'DIA-1076', '2026-06-22T14:44:16.836Z', '2026-06-22T14:44:16.836Z');
INSERT OR REPLACE INTO score_sheets (id, school_id, student_id, data, created_at, updated_at) VALUES ('cpbi5anvyp6loyrkmigyk', 'demo-school-id', 'v49f9iaer3nyhjohqqq4q', '{"Mathematics":{"ca1":2,"ca2":9,"exam":68},"English":{"ca1":7,"ca2":10,"exam":23},"Basic Science":{"ca1":8,"ca2":5,"exam":22},"Social Studies":{"ca1":9,"ca2":8,"exam":47},"Civic Education":{"ca1":10,"ca2":10,"exam":44},"Computer Studies":{"ca1":9,"ca2":9,"exam":69}}', '2026-06-22T14:44:16.836Z', '2026-06-22T14:44:16.836Z');
INSERT OR REPLACE INTO students (id, school_id, name, class_name, gender, admission_no, created_at, updated_at) VALUES ('pcpkmiqecogcr7wcffzbwi', 'demo-school-id', 'Student 77 Demo', 'SSS 3', 'F', 'DIA-1077', '2026-06-22T14:44:16.836Z', '2026-06-22T14:44:16.836Z');
INSERT OR REPLACE INTO score_sheets (id, school_id, student_id, data, created_at, updated_at) VALUES ('0t807as3178x19kzvis6zi', 'demo-school-id', 'pcpkmiqecogcr7wcffzbwi', '{"Mathematics":{"ca1":10,"ca2":6,"exam":78},"English":{"ca1":4,"ca2":2,"exam":49},"Basic Science":{"ca1":4,"ca2":4,"exam":59},"Social Studies":{"ca1":6,"ca2":7,"exam":64},"Civic Education":{"ca1":9,"ca2":0,"exam":71},"Computer Studies":{"ca1":10,"ca2":6,"exam":73}}', '2026-06-22T14:44:16.836Z', '2026-06-22T14:44:16.836Z');
INSERT OR REPLACE INTO students (id, school_id, name, class_name, gender, admission_no, created_at, updated_at) VALUES ('nfkk4njnbsqnk740o4n4op', 'demo-school-id', 'Student 78 Demo', 'JSS 1', 'M', 'DIA-1078', '2026-06-22T14:44:16.836Z', '2026-06-22T14:44:16.836Z');
INSERT OR REPLACE INTO score_sheets (id, school_id, student_id, data, created_at, updated_at) VALUES ('7hb0j5c205l5x2dvv2l7yx', 'demo-school-id', 'nfkk4njnbsqnk740o4n4op', '{"Mathematics":{"ca1":7,"ca2":10,"exam":23},"English":{"ca1":5,"ca2":4,"exam":58},"Basic Science":{"ca1":9,"ca2":4,"exam":77},"Social Studies":{"ca1":5,"ca2":7,"exam":27},"Civic Education":{"ca1":6,"ca2":5,"exam":63},"Computer Studies":{"ca1":3,"ca2":5,"exam":30}}', '2026-06-22T14:44:16.836Z', '2026-06-22T14:44:16.836Z');
INSERT OR REPLACE INTO students (id, school_id, name, class_name, gender, admission_no, created_at, updated_at) VALUES ('tw1nl3xyki6uadlrbfayg', 'demo-school-id', 'Student 79 Demo', 'JSS 2', 'F', 'DIA-1079', '2026-06-22T14:44:16.836Z', '2026-06-22T14:44:16.836Z');
INSERT OR REPLACE INTO score_sheets (id, school_id, student_id, data, created_at, updated_at) VALUES ('g62awia7jtm03bwybtoqbn', 'demo-school-id', 'tw1nl3xyki6uadlrbfayg', '{"Mathematics":{"ca1":0,"ca2":9,"exam":50},"English":{"ca1":8,"ca2":7,"exam":21},"Basic Science":{"ca1":8,"ca2":3,"exam":71},"Social Studies":{"ca1":0,"ca2":10,"exam":67},"Civic Education":{"ca1":3,"ca2":1,"exam":39},"Computer Studies":{"ca1":6,"ca2":0,"exam":27}}', '2026-06-22T14:44:16.836Z', '2026-06-22T14:44:16.836Z');
INSERT OR REPLACE INTO students (id, school_id, name, class_name, gender, admission_no, created_at, updated_at) VALUES ('ro0rge5ivfakvc1h21gv', 'demo-school-id', 'Student 80 Demo', 'JSS 3', 'M', 'DIA-1080', '2026-06-22T14:44:16.836Z', '2026-06-22T14:44:16.836Z');
INSERT OR REPLACE INTO score_sheets (id, school_id, student_id, data, created_at, updated_at) VALUES ('gczmqpf4md8jou08401oa', 'demo-school-id', 'ro0rge5ivfakvc1h21gv', '{"Mathematics":{"ca1":3,"ca2":8,"exam":33},"English":{"ca1":0,"ca2":7,"exam":33},"Basic Science":{"ca1":9,"ca2":7,"exam":24},"Social Studies":{"ca1":7,"ca2":10,"exam":50},"Civic Education":{"ca1":7,"ca2":5,"exam":57},"Computer Studies":{"ca1":4,"ca2":10,"exam":49}}', '2026-06-22T14:44:16.836Z', '2026-06-22T14:44:16.836Z');
INSERT OR REPLACE INTO students (id, school_id, name, class_name, gender, admission_no, created_at, updated_at) VALUES ('rvwhoj1vkhgdxd5tri95d', 'demo-school-id', 'Student 81 Demo', 'SSS 1', 'F', 'DIA-1081', '2026-06-22T14:44:16.836Z', '2026-06-22T14:44:16.836Z');
INSERT OR REPLACE INTO score_sheets (id, school_id, student_id, data, created_at, updated_at) VALUES ('ve0r9mc0opg8ug92rryspt', 'demo-school-id', 'rvwhoj1vkhgdxd5tri95d', '{"Mathematics":{"ca1":7,"ca2":8,"exam":73},"English":{"ca1":10,"ca2":5,"exam":52},"Basic Science":{"ca1":3,"ca2":5,"exam":55},"Social Studies":{"ca1":3,"ca2":5,"exam":63},"Civic Education":{"ca1":6,"ca2":4,"exam":80},"Computer Studies":{"ca1":8,"ca2":9,"exam":48}}', '2026-06-22T14:44:16.836Z', '2026-06-22T14:44:16.836Z');
INSERT OR REPLACE INTO students (id, school_id, name, class_name, gender, admission_no, created_at, updated_at) VALUES ('w6wy81mnnjhutu7a855tjo', 'demo-school-id', 'Student 82 Demo', 'SSS 2', 'M', 'DIA-1082', '2026-06-22T14:44:16.836Z', '2026-06-22T14:44:16.836Z');
INSERT OR REPLACE INTO score_sheets (id, school_id, student_id, data, created_at, updated_at) VALUES ('32o0cg7fjjx2h2jdmfjpol', 'demo-school-id', 'w6wy81mnnjhutu7a855tjo', '{"Mathematics":{"ca1":2,"ca2":9,"exam":37},"English":{"ca1":0,"ca2":0,"exam":39},"Basic Science":{"ca1":6,"ca2":2,"exam":77},"Social Studies":{"ca1":1,"ca2":4,"exam":68},"Civic Education":{"ca1":7,"ca2":1,"exam":57},"Computer Studies":{"ca1":1,"ca2":1,"exam":76}}', '2026-06-22T14:44:16.836Z', '2026-06-22T14:44:16.836Z');
INSERT OR REPLACE INTO students (id, school_id, name, class_name, gender, admission_no, created_at, updated_at) VALUES ('67nbcdeq04xg9u900gaf0s', 'demo-school-id', 'Student 83 Demo', 'SSS 3', 'F', 'DIA-1083', '2026-06-22T14:44:16.836Z', '2026-06-22T14:44:16.836Z');
INSERT OR REPLACE INTO score_sheets (id, school_id, student_id, data, created_at, updated_at) VALUES ('t58z8uw6akx9ztxgtd1zd', 'demo-school-id', '67nbcdeq04xg9u900gaf0s', '{"Mathematics":{"ca1":2,"ca2":2,"exam":73},"English":{"ca1":10,"ca2":0,"exam":67},"Basic Science":{"ca1":4,"ca2":10,"exam":62},"Social Studies":{"ca1":5,"ca2":0,"exam":64},"Civic Education":{"ca1":9,"ca2":5,"exam":80},"Computer Studies":{"ca1":9,"ca2":7,"exam":69}}', '2026-06-22T14:44:16.836Z', '2026-06-22T14:44:16.836Z');
INSERT OR REPLACE INTO students (id, school_id, name, class_name, gender, admission_no, created_at, updated_at) VALUES ('nfub66qxtqgl8ysqv094ne', 'demo-school-id', 'Student 84 Demo', 'JSS 1', 'M', 'DIA-1084', '2026-06-22T14:44:16.836Z', '2026-06-22T14:44:16.836Z');
INSERT OR REPLACE INTO score_sheets (id, school_id, student_id, data, created_at, updated_at) VALUES ('c2j8082kt1al819s5ie01', 'demo-school-id', 'nfub66qxtqgl8ysqv094ne', '{"Mathematics":{"ca1":10,"ca2":6,"exam":30},"English":{"ca1":2,"ca2":1,"exam":39},"Basic Science":{"ca1":9,"ca2":10,"exam":53},"Social Studies":{"ca1":3,"ca2":2,"exam":70},"Civic Education":{"ca1":5,"ca2":10,"exam":62},"Computer Studies":{"ca1":1,"ca2":4,"exam":26}}', '2026-06-22T14:44:16.836Z', '2026-06-22T14:44:16.836Z');
INSERT OR REPLACE INTO students (id, school_id, name, class_name, gender, admission_no, created_at, updated_at) VALUES ('fpq32jbrpalndbguqk2p8', 'demo-school-id', 'Student 85 Demo', 'JSS 2', 'F', 'DIA-1085', '2026-06-22T14:44:16.836Z', '2026-06-22T14:44:16.836Z');
INSERT OR REPLACE INTO score_sheets (id, school_id, student_id, data, created_at, updated_at) VALUES ('1cxfeb9ej5s75bymsshdiu', 'demo-school-id', 'fpq32jbrpalndbguqk2p8', '{"Mathematics":{"ca1":1,"ca2":1,"exam":70},"English":{"ca1":3,"ca2":5,"exam":69},"Basic Science":{"ca1":10,"ca2":4,"exam":53},"Social Studies":{"ca1":0,"ca2":9,"exam":21},"Civic Education":{"ca1":4,"ca2":5,"exam":47},"Computer Studies":{"ca1":6,"ca2":2,"exam":39}}', '2026-06-22T14:44:16.836Z', '2026-06-22T14:44:16.836Z');
INSERT OR REPLACE INTO students (id, school_id, name, class_name, gender, admission_no, created_at, updated_at) VALUES ('wids5jih6ns2w363l22elw', 'demo-school-id', 'Student 86 Demo', 'JSS 3', 'M', 'DIA-1086', '2026-06-22T14:44:16.836Z', '2026-06-22T14:44:16.836Z');
INSERT OR REPLACE INTO score_sheets (id, school_id, student_id, data, created_at, updated_at) VALUES ('e29vx6w5htn8148sshqvk9', 'demo-school-id', 'wids5jih6ns2w363l22elw', '{"Mathematics":{"ca1":8,"ca2":3,"exam":55},"English":{"ca1":0,"ca2":5,"exam":47},"Basic Science":{"ca1":9,"ca2":9,"exam":64},"Social Studies":{"ca1":8,"ca2":2,"exam":47},"Civic Education":{"ca1":2,"ca2":2,"exam":36},"Computer Studies":{"ca1":6,"ca2":7,"exam":61}}', '2026-06-22T14:44:16.837Z', '2026-06-22T14:44:16.837Z');
INSERT OR REPLACE INTO students (id, school_id, name, class_name, gender, admission_no, created_at, updated_at) VALUES ('5zaozz27jmjaukkdsk9nwl', 'demo-school-id', 'Student 87 Demo', 'SSS 1', 'F', 'DIA-1087', '2026-06-22T14:44:16.837Z', '2026-06-22T14:44:16.837Z');
INSERT OR REPLACE INTO score_sheets (id, school_id, student_id, data, created_at, updated_at) VALUES ('qees22mi3bf5m3z45jgrx7', 'demo-school-id', '5zaozz27jmjaukkdsk9nwl', '{"Mathematics":{"ca1":9,"ca2":9,"exam":65},"English":{"ca1":7,"ca2":10,"exam":74},"Basic Science":{"ca1":7,"ca2":9,"exam":59},"Social Studies":{"ca1":8,"ca2":6,"exam":24},"Civic Education":{"ca1":8,"ca2":0,"exam":40},"Computer Studies":{"ca1":10,"ca2":3,"exam":77}}', '2026-06-22T14:44:16.837Z', '2026-06-22T14:44:16.837Z');
INSERT OR REPLACE INTO students (id, school_id, name, class_name, gender, admission_no, created_at, updated_at) VALUES ('khvmzltsjac3eqqyb0tb0v', 'demo-school-id', 'Student 88 Demo', 'SSS 2', 'M', 'DIA-1088', '2026-06-22T14:44:16.837Z', '2026-06-22T14:44:16.837Z');
INSERT OR REPLACE INTO score_sheets (id, school_id, student_id, data, created_at, updated_at) VALUES ('gn7c49ozzdgvtqbgy0aoc', 'demo-school-id', 'khvmzltsjac3eqqyb0tb0v', '{"Mathematics":{"ca1":0,"ca2":10,"exam":40},"English":{"ca1":3,"ca2":5,"exam":47},"Basic Science":{"ca1":2,"ca2":2,"exam":23},"Social Studies":{"ca1":10,"ca2":7,"exam":43},"Civic Education":{"ca1":6,"ca2":5,"exam":38},"Computer Studies":{"ca1":8,"ca2":2,"exam":22}}', '2026-06-22T14:44:16.837Z', '2026-06-22T14:44:16.837Z');
INSERT OR REPLACE INTO students (id, school_id, name, class_name, gender, admission_no, created_at, updated_at) VALUES ('rpo5l58i7t6ok9fzxtv42', 'demo-school-id', 'Student 89 Demo', 'SSS 3', 'F', 'DIA-1089', '2026-06-22T14:44:16.837Z', '2026-06-22T14:44:16.837Z');
INSERT OR REPLACE INTO score_sheets (id, school_id, student_id, data, created_at, updated_at) VALUES ('0aq9h919o1bqamz35512mqs', 'demo-school-id', 'rpo5l58i7t6ok9fzxtv42', '{"Mathematics":{"ca1":7,"ca2":6,"exam":24},"English":{"ca1":3,"ca2":10,"exam":77},"Basic Science":{"ca1":3,"ca2":4,"exam":23},"Social Studies":{"ca1":2,"ca2":2,"exam":23},"Civic Education":{"ca1":4,"ca2":10,"exam":77},"Computer Studies":{"ca1":2,"ca2":0,"exam":79}}', '2026-06-22T14:44:16.837Z', '2026-06-22T14:44:16.837Z');
INSERT OR REPLACE INTO students (id, school_id, name, class_name, gender, admission_no, created_at, updated_at) VALUES ('640co6k88wvlsxoyk1h5cd', 'demo-school-id', 'Student 90 Demo', 'JSS 1', 'M', 'DIA-1090', '2026-06-22T14:44:16.837Z', '2026-06-22T14:44:16.837Z');
INSERT OR REPLACE INTO score_sheets (id, school_id, student_id, data, created_at, updated_at) VALUES ('eeqpwhsaq27yg3h9t1fw1g', 'demo-school-id', '640co6k88wvlsxoyk1h5cd', '{"Mathematics":{"ca1":5,"ca2":4,"exam":40},"English":{"ca1":4,"ca2":8,"exam":33},"Basic Science":{"ca1":0,"ca2":9,"exam":39},"Social Studies":{"ca1":3,"ca2":10,"exam":67},"Civic Education":{"ca1":8,"ca2":9,"exam":30},"Computer Studies":{"ca1":3,"ca2":2,"exam":43}}', '2026-06-22T14:44:16.837Z', '2026-06-22T14:44:16.837Z');
INSERT OR REPLACE INTO students (id, school_id, name, class_name, gender, admission_no, created_at, updated_at) VALUES ('5hmufh6jrj7pve3ipj2sc', 'demo-school-id', 'Student 91 Demo', 'JSS 2', 'F', 'DIA-1091', '2026-06-22T14:44:16.837Z', '2026-06-22T14:44:16.837Z');
INSERT OR REPLACE INTO score_sheets (id, school_id, student_id, data, created_at, updated_at) VALUES ('7csy5hehmkpemame00pt9f', 'demo-school-id', '5hmufh6jrj7pve3ipj2sc', '{"Mathematics":{"ca1":9,"ca2":6,"exam":26},"English":{"ca1":10,"ca2":1,"exam":62},"Basic Science":{"ca1":5,"ca2":5,"exam":65},"Social Studies":{"ca1":0,"ca2":2,"exam":69},"Civic Education":{"ca1":0,"ca2":5,"exam":30},"Computer Studies":{"ca1":7,"ca2":4,"exam":28}}', '2026-06-22T14:44:16.837Z', '2026-06-22T14:44:16.837Z');
INSERT OR REPLACE INTO students (id, school_id, name, class_name, gender, admission_no, created_at, updated_at) VALUES ('g6y9qqtjrmgo9ihdsuzjhi', 'demo-school-id', 'Student 92 Demo', 'JSS 3', 'M', 'DIA-1092', '2026-06-22T14:44:16.837Z', '2026-06-22T14:44:16.837Z');
INSERT OR REPLACE INTO score_sheets (id, school_id, student_id, data, created_at, updated_at) VALUES ('c8z2b1vrs3v5uxavsvhiqg', 'demo-school-id', 'g6y9qqtjrmgo9ihdsuzjhi', '{"Mathematics":{"ca1":10,"ca2":1,"exam":54},"English":{"ca1":7,"ca2":5,"exam":31},"Basic Science":{"ca1":1,"ca2":6,"exam":40},"Social Studies":{"ca1":5,"ca2":9,"exam":59},"Civic Education":{"ca1":9,"ca2":8,"exam":68},"Computer Studies":{"ca1":2,"ca2":4,"exam":60}}', '2026-06-22T14:44:16.837Z', '2026-06-22T14:44:16.837Z');
INSERT OR REPLACE INTO students (id, school_id, name, class_name, gender, admission_no, created_at, updated_at) VALUES ('ms844aglb6em2pypmfrzf', 'demo-school-id', 'Student 93 Demo', 'SSS 1', 'F', 'DIA-1093', '2026-06-22T14:44:16.837Z', '2026-06-22T14:44:16.837Z');
INSERT OR REPLACE INTO score_sheets (id, school_id, student_id, data, created_at, updated_at) VALUES ('4ql0ldqzj2kr5vjvi5ou3', 'demo-school-id', 'ms844aglb6em2pypmfrzf', '{"Mathematics":{"ca1":8,"ca2":8,"exam":57},"English":{"ca1":9,"ca2":0,"exam":79},"Basic Science":{"ca1":7,"ca2":9,"exam":60},"Social Studies":{"ca1":7,"ca2":4,"exam":58},"Civic Education":{"ca1":6,"ca2":8,"exam":30},"Computer Studies":{"ca1":5,"ca2":6,"exam":53}}', '2026-06-22T14:44:16.837Z', '2026-06-22T14:44:16.837Z');
INSERT OR REPLACE INTO students (id, school_id, name, class_name, gender, admission_no, created_at, updated_at) VALUES ('vcolvlat1h8n5r9av39gi', 'demo-school-id', 'Student 94 Demo', 'SSS 2', 'M', 'DIA-1094', '2026-06-22T14:44:16.837Z', '2026-06-22T14:44:16.837Z');
INSERT OR REPLACE INTO score_sheets (id, school_id, student_id, data, created_at, updated_at) VALUES ('kak4elpz1o8d1pbi4ztq5d', 'demo-school-id', 'vcolvlat1h8n5r9av39gi', '{"Mathematics":{"ca1":0,"ca2":2,"exam":30},"English":{"ca1":3,"ca2":7,"exam":79},"Basic Science":{"ca1":1,"ca2":8,"exam":55},"Social Studies":{"ca1":10,"ca2":4,"exam":63},"Civic Education":{"ca1":3,"ca2":4,"exam":67},"Computer Studies":{"ca1":4,"ca2":4,"exam":45}}', '2026-06-22T14:44:16.837Z', '2026-06-22T14:44:16.837Z');
INSERT OR REPLACE INTO students (id, school_id, name, class_name, gender, admission_no, created_at, updated_at) VALUES ('grx9pwuik1fhgv3ao3ww3', 'demo-school-id', 'Student 95 Demo', 'SSS 3', 'F', 'DIA-1095', '2026-06-22T14:44:16.837Z', '2026-06-22T14:44:16.837Z');
INSERT OR REPLACE INTO score_sheets (id, school_id, student_id, data, created_at, updated_at) VALUES ('on7cwmu7gylzliztmmy75', 'demo-school-id', 'grx9pwuik1fhgv3ao3ww3', '{"Mathematics":{"ca1":8,"ca2":6,"exam":31},"English":{"ca1":10,"ca2":4,"exam":27},"Basic Science":{"ca1":0,"ca2":8,"exam":35},"Social Studies":{"ca1":10,"ca2":3,"exam":79},"Civic Education":{"ca1":8,"ca2":9,"exam":32},"Computer Studies":{"ca1":4,"ca2":3,"exam":62}}', '2026-06-22T14:44:16.837Z', '2026-06-22T14:44:16.837Z');
INSERT OR REPLACE INTO students (id, school_id, name, class_name, gender, admission_no, created_at, updated_at) VALUES ('7258kes2rj4wn5wsurd45', 'demo-school-id', 'Student 96 Demo', 'JSS 1', 'M', 'DIA-1096', '2026-06-22T14:44:16.837Z', '2026-06-22T14:44:16.837Z');
INSERT OR REPLACE INTO score_sheets (id, school_id, student_id, data, created_at, updated_at) VALUES ('wmxeto9kl3nsq10jhadnc', 'demo-school-id', '7258kes2rj4wn5wsurd45', '{"Mathematics":{"ca1":10,"ca2":8,"exam":31},"English":{"ca1":8,"ca2":8,"exam":67},"Basic Science":{"ca1":6,"ca2":9,"exam":40},"Social Studies":{"ca1":6,"ca2":2,"exam":51},"Civic Education":{"ca1":2,"ca2":0,"exam":52},"Computer Studies":{"ca1":2,"ca2":4,"exam":48}}', '2026-06-22T14:44:16.837Z', '2026-06-22T14:44:16.837Z');
INSERT OR REPLACE INTO students (id, school_id, name, class_name, gender, admission_no, created_at, updated_at) VALUES ('3tucqlik0i6ty1fejikz6o', 'demo-school-id', 'Student 97 Demo', 'JSS 2', 'F', 'DIA-1097', '2026-06-22T14:44:16.837Z', '2026-06-22T14:44:16.837Z');
INSERT OR REPLACE INTO score_sheets (id, school_id, student_id, data, created_at, updated_at) VALUES ('qt72p9htbzl2161h4lzok', 'demo-school-id', '3tucqlik0i6ty1fejikz6o', '{"Mathematics":{"ca1":4,"ca2":8,"exam":39},"English":{"ca1":4,"ca2":6,"exam":46},"Basic Science":{"ca1":3,"ca2":10,"exam":24},"Social Studies":{"ca1":5,"ca2":0,"exam":64},"Civic Education":{"ca1":8,"ca2":7,"exam":68},"Computer Studies":{"ca1":1,"ca2":7,"exam":31}}', '2026-06-22T14:44:16.837Z', '2026-06-22T14:44:16.837Z');
INSERT OR REPLACE INTO students (id, school_id, name, class_name, gender, admission_no, created_at, updated_at) VALUES ('q0gmyvno3zv9hlcjwwsot', 'demo-school-id', 'Student 98 Demo', 'JSS 3', 'M', 'DIA-1098', '2026-06-22T14:44:16.837Z', '2026-06-22T14:44:16.837Z');
INSERT OR REPLACE INTO score_sheets (id, school_id, student_id, data, created_at, updated_at) VALUES ('n8sra75imb8f0csx7ompc9', 'demo-school-id', 'q0gmyvno3zv9hlcjwwsot', '{"Mathematics":{"ca1":0,"ca2":2,"exam":77},"English":{"ca1":9,"ca2":8,"exam":22},"Basic Science":{"ca1":0,"ca2":1,"exam":39},"Social Studies":{"ca1":8,"ca2":8,"exam":68},"Civic Education":{"ca1":0,"ca2":0,"exam":41},"Computer Studies":{"ca1":8,"ca2":8,"exam":56}}', '2026-06-22T14:44:16.837Z', '2026-06-22T14:44:16.837Z');
INSERT OR REPLACE INTO students (id, school_id, name, class_name, gender, admission_no, created_at, updated_at) VALUES ('4tegngxtrhws1ul1d4vu5b', 'demo-school-id', 'Student 99 Demo', 'SSS 1', 'F', 'DIA-1099', '2026-06-22T14:44:16.837Z', '2026-06-22T14:44:16.837Z');
INSERT OR REPLACE INTO score_sheets (id, school_id, student_id, data, created_at, updated_at) VALUES ('f9med15ter3gdhy1s8573', 'demo-school-id', '4tegngxtrhws1ul1d4vu5b', '{"Mathematics":{"ca1":7,"ca2":0,"exam":57},"English":{"ca1":0,"ca2":6,"exam":52},"Basic Science":{"ca1":2,"ca2":2,"exam":47},"Social Studies":{"ca1":6,"ca2":2,"exam":63},"Civic Education":{"ca1":5,"ca2":3,"exam":79},"Computer Studies":{"ca1":4,"ca2":5,"exam":66}}', '2026-06-22T14:44:16.837Z', '2026-06-22T14:44:16.837Z');
INSERT OR REPLACE INTO students (id, school_id, name, class_name, gender, admission_no, created_at, updated_at) VALUES ('iqf7t7dwo4ebavtqmjjz6', 'demo-school-id', 'Student 100 Demo', 'SSS 2', 'M', 'DIA-1100', '2026-06-22T14:44:16.837Z', '2026-06-22T14:44:16.837Z');
INSERT OR REPLACE INTO score_sheets (id, school_id, student_id, data, created_at, updated_at) VALUES ('gcj194278dd0osm9odnr4f', 'demo-school-id', 'iqf7t7dwo4ebavtqmjjz6', '{"Mathematics":{"ca1":10,"ca2":7,"exam":32},"English":{"ca1":9,"ca2":9,"exam":29},"Basic Science":{"ca1":2,"ca2":7,"exam":24},"Social Studies":{"ca1":4,"ca2":0,"exam":62},"Civic Education":{"ca1":1,"ca2":10,"exam":35},"Computer Studies":{"ca1":4,"ca2":8,"exam":39}}', '2026-06-22T14:44:16.837Z', '2026-06-22T14:44:16.837Z');