-- CLEANUP
DELETE FROM student_links WHERE school_id = 'demo-school-id';
DELETE FROM score_sheets WHERE school_id = 'demo-school-id';
DELETE FROM report_extras WHERE school_id = 'demo-school-id';
DELETE FROM attendance_marks WHERE school_id = 'demo-school-id';
DELETE FROM attendance_sessions WHERE school_id = 'demo-school-id';
DELETE FROM students WHERE school_id = 'demo-school-id';
DELETE FROM teacher_class_assignments WHERE school_id = 'demo-school-id';
DELETE FROM teacher_profiles WHERE school_id = 'demo-school-id';
DELETE FROM schools WHERE id = 'demo-school-id';
DELETE FROM users WHERE id IN ('super-admin-id', 'demo-user-id', 'demo-teacher-id', 'demo-parent-id');

-- SEED DATA FOR EDUREPORT NG
INSERT INTO users (id, email, display_name, password_hash, role, status, created_at, force_password_change) VALUES ('super-admin-id', 'admin@report.com', 'Super Admin', '$2a$10$X8O.U/GgJd2d.8pW/X6sMeQ3A7P3A/L4Zq8B6m1g8aE8W0Q7.Gz3S', 'ADMIN', 'ACTIVE', '2026-06-15T13:17:58.078Z', 0);
INSERT INTO users (id, email, display_name, password_hash, role, status, created_at, force_password_change) VALUES ('demo-user-id', 'demo@report.com', 'Demo Admin', '$2a$10$X8O.U/GgJd2d.8pW/X6sMeQ3A7P3A/L4Zq8B6m1g8aE8W0Q7.Gz3S', 'SCHOOL', 'ACTIVE', '2026-06-15T13:17:58.078Z', 0);
INSERT INTO users (id, email, display_name, password_hash, role, status, created_at) VALUES ('demo-teacher-id', 'teacher@report.com', 'Mr. Olumide Johnson', '$2a$10$X8O.U/GgJd2d.8pW/X6sMeQ3A7P3A/L4Zq8B6m1g8aE8W0Q7.Gz3S', 'TEACHER', 'ACTIVE', '2026-06-15T13:17:58.078Z');
INSERT INTO users (id, email, display_name, password_hash, role, status, created_at) VALUES ('demo-parent-id', 'parent@report.com', 'Mrs. Amina Abubakar', '$2a$10$X8O.U/GgJd2d.8pW/X6sMeQ3A7P3A/L4Zq8B6m1g8aE8W0Q7.Gz3S', 'PARENT', 'ACTIVE', '2026-06-15T13:17:58.078Z');
INSERT INTO schools (id, owner_id, name, abbr, address, contact, session, term, ca1_max, ca2_max, exam_max, subjects, grades, plan, created_at, updated_at) VALUES ('demo-school-id', 'demo-user-id', 'Global Excellence Academy', 'GEA', '123 Education Way, Lagos, Nigeria', '08037000456', '2023/2024', 'First Term', 10, 10, 80, '["Mathematics","English Language","Basic Science","Social Studies","Civic Education","Agricultural Science","Business Studies","Computer Studies","Home Economics","Physical Health Education"]', '[{"min":70,"max":100,"grade":"A","remark":"Excellent"},{"min":60,"max":69,"grade":"B","remark":"Very Good"},{"min":50,"max":59,"grade":"C","remark":"Good"},{"min":45,"max":49,"grade":"D","remark":"Fair"},{"min":40,"max":44,"grade":"E","remark":"Pass"},{"min":0,"max":39,"grade":"F","remark":"Fail"}]', 'LIFETIME', '2026-06-15T13:17:58.078Z', '2026-06-15T13:17:58.078Z');
INSERT INTO teacher_profiles (id, user_id, school_id, display_name, created_at, updated_at) VALUES ('tp1', 'demo-teacher-id', 'demo-school-id', 'Mr. Olumide Johnson', '2026-06-15T13:17:58.078Z', '2026-06-15T13:17:58.078Z');
INSERT INTO teacher_class_assignments (id, school_id, teacher_user_id, class_name, created_at) VALUES ('tca-JSS1', 'demo-school-id', 'demo-teacher-id', 'JSS 1', '2026-06-15T13:17:58.078Z');
INSERT INTO students (id, school_id, name, admission_no, gender, class_name, created_at, updated_at) VALUES ('stu-JSS1-1', 'demo-school-id', 'Amina Abubakar', 'ADM/2023/0001', 'Male', 'JSS 1', '2026-06-15T13:17:58.078Z', '2026-06-15T13:17:58.078Z');
INSERT INTO score_sheets (id, school_id, student_id, data, created_at, updated_at) VALUES ('score-stu-JSS1-1', 'demo-school-id', 'stu-JSS1-1', '{"Mathematics":{"ca1":0,"ca2":10,"exam":39},"English Language":{"ca1":10,"ca2":4,"exam":59},"Basic Science":{"ca1":3,"ca2":2,"exam":78},"Social Studies":{"ca1":3,"ca2":9,"exam":46},"Civic Education":{"ca1":3,"ca2":0,"exam":34},"Business Studies":{"ca1":0,"ca2":5,"exam":47},"Computer Studies":{"ca1":5,"ca2":9,"exam":74},"Home Economics":{"ca1":6,"ca2":7,"exam":59},"Physical Health Education":{"ca1":5,"ca2":4,"exam":53}}', '2026-06-15T13:17:58.078Z', '2026-06-15T13:17:58.078Z');
INSERT INTO report_extras (id, school_id, student_id, session, term, attendance, traits, comments, promotion, created_at, updated_at) VALUES ('ext-stu-JSS1-1', 'demo-school-id', 'stu-JSS1-1', '2023/2024', 'First Term', '92', '{"punctuality":4,"neatness":5,"honesty":4}', '{"principal":"A very brilliant performance. Keep it up.","teacher":"Well-behaved and respectful student."}', '', '2026-06-15T13:17:58.078Z', '2026-06-15T13:17:58.078Z');
INSERT INTO student_links (id, school_id, student_id, user_id, link_type, created_at) VALUES ('link-stu-JSS1-1', 'demo-school-id', 'stu-JSS1-1', 'demo-parent-id', 'PARENT', '2026-06-15T13:17:58.078Z');
INSERT INTO students (id, school_id, name, admission_no, gender, class_name, created_at, updated_at) VALUES ('stu-JSS1-2', 'demo-school-id', 'Aisha Chukwuma', 'ADM/2023/0002', 'Female', 'JSS 1', '2026-06-15T13:17:58.078Z', '2026-06-15T13:17:58.078Z');
INSERT INTO score_sheets (id, school_id, student_id, data, created_at, updated_at) VALUES ('score-stu-JSS1-2', 'demo-school-id', 'stu-JSS1-2', '{"Mathematics":{"ca1":3,"ca2":9,"exam":45},"English Language":{"ca1":5,"ca2":3,"exam":38},"Social Studies":{"ca1":4,"ca2":6,"exam":73},"Civic Education":{"ca1":1,"ca2":1,"exam":70},"Agricultural Science":{"ca1":10,"ca2":5,"exam":56},"Business Studies":{"ca1":1,"ca2":3,"exam":47},"Computer Studies":{"ca1":9,"ca2":0,"exam":77},"Home Economics":{"ca1":9,"ca2":4,"exam":34},"Physical Health Education":{"ca1":2,"ca2":1,"exam":59}}', '2026-06-15T13:17:58.078Z', '2026-06-15T13:17:58.078Z');
INSERT INTO report_extras (id, school_id, student_id, session, term, attendance, traits, comments, promotion, created_at, updated_at) VALUES ('ext-stu-JSS1-2', 'demo-school-id', 'stu-JSS1-2', '2023/2024', 'First Term', '86', '{"punctuality":4,"neatness":3,"honesty":3}', '{"principal":"Satisfactory performance. Aim for higher grades next term.","teacher":"A dedicated and hardworking student."}', '', '2026-06-15T13:17:58.078Z', '2026-06-15T13:17:58.078Z');
INSERT INTO students (id, school_id, name, admission_no, gender, class_name, created_at, updated_at) VALUES ('stu-JSS1-3', 'demo-school-id', 'Ibrahim Nwosu', 'ADM/2023/0003', 'Female', 'JSS 1', '2026-06-15T13:17:58.078Z', '2026-06-15T13:17:58.078Z');
INSERT INTO score_sheets (id, school_id, student_id, data, created_at, updated_at) VALUES ('score-stu-JSS1-3', 'demo-school-id', 'stu-JSS1-3', '{"Mathematics":{"ca1":7,"ca2":4,"exam":31},"English Language":{"ca1":4,"ca2":1,"exam":66},"Basic Science":{"ca1":2,"ca2":8,"exam":72},"Civic Education":{"ca1":4,"ca2":5,"exam":50},"Agricultural Science":{"ca1":3,"ca2":8,"exam":54},"Business Studies":{"ca1":7,"ca2":8,"exam":70},"Computer Studies":{"ca1":1,"ca2":0,"exam":32},"Home Economics":{"ca1":10,"ca2":10,"exam":55},"Physical Health Education":{"ca1":10,"ca2":6,"exam":60}}', '2026-06-15T13:17:58.078Z', '2026-06-15T13:17:58.078Z');
INSERT INTO report_extras (id, school_id, student_id, session, term, attendance, traits, comments, promotion, created_at, updated_at) VALUES ('ext-stu-JSS1-3', 'demo-school-id', 'stu-JSS1-3', '2023/2024', 'First Term', '93', '{"punctuality":4,"neatness":4,"honesty":4}', '{"principal":"Satisfactory performance. Aim for higher grades next term.","teacher":"A dedicated and hardworking student."}', '', '2026-06-15T13:17:58.078Z', '2026-06-15T13:17:58.078Z');
INSERT INTO students (id, school_id, name, admission_no, gender, class_name, created_at, updated_at) VALUES ('stu-JSS1-4', 'demo-school-id', 'Yinka Ani', 'ADM/2023/0004', 'Male', 'JSS 1', '2026-06-15T13:17:58.078Z', '2026-06-15T13:17:58.078Z');
INSERT INTO score_sheets (id, school_id, student_id, data, created_at, updated_at) VALUES ('score-stu-JSS1-4', 'demo-school-id', 'stu-JSS1-4', '{"Mathematics":{"ca1":8,"ca2":4,"exam":56},"English Language":{"ca1":9,"ca2":8,"exam":35},"Basic Science":{"ca1":5,"ca2":10,"exam":39},"Social Studies":{"ca1":0,"ca2":3,"exam":72},"Civic Education":{"ca1":0,"ca2":5,"exam":44},"Agricultural Science":{"ca1":0,"ca2":1,"exam":80},"Business Studies":{"ca1":6,"ca2":2,"exam":80},"Computer Studies":{"ca1":10,"ca2":8,"exam":48},"Home Economics":{"ca1":5,"ca2":3,"exam":61},"Physical Health Education":{"ca1":10,"ca2":7,"exam":37}}', '2026-06-15T13:17:58.078Z', '2026-06-15T13:17:58.078Z');
INSERT INTO report_extras (id, school_id, student_id, session, term, attendance, traits, comments, promotion, created_at, updated_at) VALUES ('ext-stu-JSS1-4', 'demo-school-id', 'stu-JSS1-4', '2023/2024', 'First Term', '94', '{"punctuality":5,"neatness":3,"honesty":5}', '{"principal":"A good result. You can do better with more practice.","teacher":"Strongly motivated and shows great potential."}', '', '2026-06-15T13:17:58.078Z', '2026-06-15T13:17:58.078Z');
INSERT INTO students (id, school_id, name, admission_no, gender, class_name, created_at, updated_at) VALUES ('stu-JSS1-5', 'demo-school-id', 'Kelechi Okonkwo', 'ADM/2023/0005', 'Male', 'JSS 1', '2026-06-15T13:17:58.078Z', '2026-06-15T13:17:58.078Z');
INSERT INTO score_sheets (id, school_id, student_id, data, created_at, updated_at) VALUES ('score-stu-JSS1-5', 'demo-school-id', 'stu-JSS1-5', '{"Mathematics":{"ca1":4,"ca2":0,"exam":52},"English Language":{"ca1":2,"ca2":3,"exam":60},"Basic Science":{"ca1":10,"ca2":5,"exam":57},"Social Studies":{"ca1":4,"ca2":2,"exam":76},"Civic Education":{"ca1":0,"ca2":0,"exam":58},"Agricultural Science":{"ca1":4,"ca2":6,"exam":78},"Business Studies":{"ca1":7,"ca2":10,"exam":76},"Computer Studies":{"ca1":7,"ca2":2,"exam":77},"Home Economics":{"ca1":8,"ca2":7,"exam":58},"Physical Health Education":{"ca1":4,"ca2":6,"exam":78}}', '2026-06-15T13:17:58.078Z', '2026-06-15T13:17:58.078Z');
INSERT INTO report_extras (id, school_id, student_id, session, term, attendance, traits, comments, promotion, created_at, updated_at) VALUES ('ext-stu-JSS1-5', 'demo-school-id', 'stu-JSS1-5', '2023/2024', 'First Term', '98', '{"punctuality":3,"neatness":4,"honesty":5}', '{"principal":"Impressive grades. More focus needed in Mathematics.","teacher":"Very active in class activities. Good job."}', '', '2026-06-15T13:17:58.078Z', '2026-06-15T13:17:58.078Z');
INSERT INTO students (id, school_id, name, admission_no, gender, class_name, created_at, updated_at) VALUES ('stu-JSS1-6', 'demo-school-id', 'Emeka Adebayo', 'ADM/2023/0006', 'Female', 'JSS 1', '2026-06-15T13:17:58.078Z', '2026-06-15T13:17:58.078Z');
INSERT INTO score_sheets (id, school_id, student_id, data, created_at, updated_at) VALUES ('score-stu-JSS1-6', 'demo-school-id', 'stu-JSS1-6', '{"Mathematics":{"ca1":8,"ca2":3,"exam":42},"English Language":{"ca1":6,"ca2":1,"exam":54},"Basic Science":{"ca1":8,"ca2":0,"exam":43},"Social Studies":{"ca1":5,"ca2":4,"exam":70},"Civic Education":{"ca1":8,"ca2":8,"exam":62},"Agricultural Science":{"ca1":1,"ca2":9,"exam":58},"Business Studies":{"ca1":9,"ca2":10,"exam":79},"Home Economics":{"ca1":9,"ca2":5,"exam":51},"Physical Health Education":{"ca1":6,"ca2":7,"exam":31}}', '2026-06-15T13:17:58.078Z', '2026-06-15T13:17:58.078Z');
INSERT INTO report_extras (id, school_id, student_id, session, term, attendance, traits, comments, promotion, created_at, updated_at) VALUES ('ext-stu-JSS1-6', 'demo-school-id', 'stu-JSS1-6', '2023/2024', 'First Term', '95', '{"punctuality":4,"neatness":3,"honesty":3}', '{"principal":"A very brilliant performance. Keep it up.","teacher":"A dedicated and hardworking student."}', '', '2026-06-15T13:17:58.078Z', '2026-06-15T13:17:58.078Z');
INSERT INTO students (id, school_id, name, admission_no, gender, class_name, created_at, updated_at) VALUES ('stu-JSS1-7', 'demo-school-id', 'Oluwaseun Garba', 'ADM/2023/0007', 'Female', 'JSS 1', '2026-06-15T13:17:58.078Z', '2026-06-15T13:17:58.078Z');
INSERT INTO score_sheets (id, school_id, student_id, data, created_at, updated_at) VALUES ('score-stu-JSS1-7', 'demo-school-id', 'stu-JSS1-7', '{"Mathematics":{"ca1":9,"ca2":2,"exam":56},"English Language":{"ca1":7,"ca2":6,"exam":64},"Basic Science":{"ca1":10,"ca2":0,"exam":44},"Social Studies":{"ca1":9,"ca2":8,"exam":76},"Civic Education":{"ca1":6,"ca2":1,"exam":59},"Agricultural Science":{"ca1":8,"ca2":0,"exam":44},"Computer Studies":{"ca1":1,"ca2":0,"exam":41},"Physical Health Education":{"ca1":10,"ca2":0,"exam":48}}', '2026-06-15T13:17:58.078Z', '2026-06-15T13:17:58.078Z');
INSERT INTO report_extras (id, school_id, student_id, session, term, attendance, traits, comments, promotion, created_at, updated_at) VALUES ('ext-stu-JSS1-7', 'demo-school-id', 'stu-JSS1-7', '2023/2024', 'First Term', '93', '{"punctuality":3,"neatness":5,"honesty":3}', '{"principal":"Impressive grades. More focus needed in Mathematics.","teacher":"Neat and regular in school. Keep it up."}', '', '2026-06-15T13:17:58.078Z', '2026-06-15T13:17:58.078Z');
INSERT INTO students (id, school_id, name, admission_no, gender, class_name, created_at, updated_at) VALUES ('stu-JSS1-8', 'demo-school-id', 'Obinna Danjuma', 'ADM/2023/0008', 'Female', 'JSS 1', '2026-06-15T13:17:58.078Z', '2026-06-15T13:17:58.078Z');
INSERT INTO score_sheets (id, school_id, student_id, data, created_at, updated_at) VALUES ('score-stu-JSS1-8', 'demo-school-id', 'stu-JSS1-8', '{"Mathematics":{"ca1":7,"ca2":0,"exam":40},"English Language":{"ca1":6,"ca2":1,"exam":38},"Basic Science":{"ca1":3,"ca2":8,"exam":47},"Social Studies":{"ca1":7,"ca2":0,"exam":56},"Civic Education":{"ca1":2,"ca2":1,"exam":53},"Business Studies":{"ca1":9,"ca2":4,"exam":47},"Computer Studies":{"ca1":8,"ca2":1,"exam":42},"Home Economics":{"ca1":9,"ca2":2,"exam":66},"Physical Health Education":{"ca1":7,"ca2":8,"exam":35}}', '2026-06-15T13:17:58.078Z', '2026-06-15T13:17:58.078Z');
INSERT INTO report_extras (id, school_id, student_id, session, term, attendance, traits, comments, promotion, created_at, updated_at) VALUES ('ext-stu-JSS1-8', 'demo-school-id', 'stu-JSS1-8', '2023/2024', 'First Term', '99', '{"punctuality":5,"neatness":4,"honesty":5}', '{"principal":"Impressive grades. More focus needed in Mathematics.","teacher":"Well-behaved and respectful student."}', '', '2026-06-15T13:17:58.078Z', '2026-06-15T13:17:58.078Z');
INSERT INTO students (id, school_id, name, admission_no, gender, class_name, created_at, updated_at) VALUES ('stu-JSS1-9', 'demo-school-id', 'Musa Danjuma', 'ADM/2023/0009', 'Male', 'JSS 1', '2026-06-15T13:17:58.078Z', '2026-06-15T13:17:58.078Z');
INSERT INTO score_sheets (id, school_id, student_id, data, created_at, updated_at) VALUES ('score-stu-JSS1-9', 'demo-school-id', 'stu-JSS1-9', '{"Mathematics":{"ca1":4,"ca2":5,"exam":77},"English Language":{"ca1":3,"ca2":3,"exam":63},"Basic Science":{"ca1":5,"ca2":4,"exam":71},"Civic Education":{"ca1":2,"ca2":1,"exam":56},"Agricultural Science":{"ca1":4,"ca2":7,"exam":65},"Business Studies":{"ca1":10,"ca2":10,"exam":53},"Computer Studies":{"ca1":1,"ca2":10,"exam":63},"Home Economics":{"ca1":9,"ca2":9,"exam":61}}', '2026-06-15T13:17:58.078Z', '2026-06-15T13:17:58.078Z');
INSERT INTO report_extras (id, school_id, student_id, session, term, attendance, traits, comments, promotion, created_at, updated_at) VALUES ('ext-stu-JSS1-9', 'demo-school-id', 'stu-JSS1-9', '2023/2024', 'First Term', '91', '{"punctuality":4,"neatness":4,"honesty":4}', '{"principal":"Excellent result. Consistent effort shown.","teacher":"Very active in class activities. Good job."}', '', '2026-06-15T13:17:58.078Z', '2026-06-15T13:17:58.078Z');
INSERT INTO students (id, school_id, name, admission_no, gender, class_name, created_at, updated_at) VALUES ('stu-JSS1-10', 'demo-school-id', 'Yinka Okonkwo', 'ADM/2023/0010', 'Male', 'JSS 1', '2026-06-15T13:17:58.078Z', '2026-06-15T13:17:58.078Z');
INSERT INTO score_sheets (id, school_id, student_id, data, created_at, updated_at) VALUES ('score-stu-JSS1-10', 'demo-school-id', 'stu-JSS1-10', '{"English Language":{"ca1":2,"ca2":9,"exam":71},"Basic Science":{"ca1":6,"ca2":8,"exam":76},"Social Studies":{"ca1":7,"ca2":0,"exam":58},"Civic Education":{"ca1":1,"ca2":7,"exam":31},"Agricultural Science":{"ca1":3,"ca2":0,"exam":42},"Business Studies":{"ca1":0,"ca2":9,"exam":58},"Computer Studies":{"ca1":3,"ca2":4,"exam":62},"Home Economics":{"ca1":1,"ca2":1,"exam":54},"Physical Health Education":{"ca1":6,"ca2":8,"exam":49}}', '2026-06-15T13:17:58.078Z', '2026-06-15T13:17:58.078Z');
INSERT INTO report_extras (id, school_id, student_id, session, term, attendance, traits, comments, promotion, created_at, updated_at) VALUES ('ext-stu-JSS1-10', 'demo-school-id', 'stu-JSS1-10', '2023/2024', 'First Term', '87', '{"punctuality":4,"neatness":5,"honesty":4}', '{"principal":"A good result. You can do better with more practice.","teacher":"Well-behaved and respectful student."}', '', '2026-06-15T13:17:58.078Z', '2026-06-15T13:17:58.078Z');
INSERT INTO students (id, school_id, name, admission_no, gender, class_name, created_at, updated_at) VALUES ('stu-JSS1-11', 'demo-school-id', 'Mustapha Adeyemi', 'ADM/2023/0011', 'Male', 'JSS 1', '2026-06-15T13:17:58.078Z', '2026-06-15T13:17:58.078Z');
INSERT INTO score_sheets (id, school_id, student_id, data, created_at, updated_at) VALUES ('score-stu-JSS1-11', 'demo-school-id', 'stu-JSS1-11', '{"Mathematics":{"ca1":1,"ca2":4,"exam":53},"English Language":{"ca1":9,"ca2":9,"exam":47},"Basic Science":{"ca1":6,"ca2":0,"exam":51},"Social Studies":{"ca1":6,"ca2":9,"exam":68},"Civic Education":{"ca1":9,"ca2":9,"exam":49},"Agricultural Science":{"ca1":7,"ca2":2,"exam":53},"Home Economics":{"ca1":10,"ca2":4,"exam":46},"Physical Health Education":{"ca1":2,"ca2":0,"exam":78}}', '2026-06-15T13:17:58.078Z', '2026-06-15T13:17:58.078Z');
INSERT INTO report_extras (id, school_id, student_id, session, term, attendance, traits, comments, promotion, created_at, updated_at) VALUES ('ext-stu-JSS1-11', 'demo-school-id', 'stu-JSS1-11', '2023/2024', 'First Term', '87', '{"punctuality":4,"neatness":3,"honesty":5}', '{"principal":"A good result. You can do better with more practice.","teacher":"A dedicated and hardworking student."}', '', '2026-06-15T13:17:58.078Z', '2026-06-15T13:17:58.078Z');
INSERT INTO students (id, school_id, name, admission_no, gender, class_name, created_at, updated_at) VALUES ('stu-JSS1-12', 'demo-school-id', 'Chinelo Garba', 'ADM/2023/0012', 'Male', 'JSS 1', '2026-06-15T13:17:58.078Z', '2026-06-15T13:17:58.078Z');
INSERT INTO score_sheets (id, school_id, student_id, data, created_at, updated_at) VALUES ('score-stu-JSS1-12', 'demo-school-id', 'stu-JSS1-12', '{"Mathematics":{"ca1":8,"ca2":5,"exam":38},"English Language":{"ca1":9,"ca2":9,"exam":42},"Basic Science":{"ca1":5,"ca2":9,"exam":67},"Social Studies":{"ca1":3,"ca2":5,"exam":71},"Civic Education":{"ca1":5,"ca2":6,"exam":63},"Business Studies":{"ca1":10,"ca2":1,"exam":31},"Computer Studies":{"ca1":3,"ca2":6,"exam":68},"Home Economics":{"ca1":2,"ca2":5,"exam":58},"Physical Health Education":{"ca1":4,"ca2":6,"exam":56}}', '2026-06-15T13:17:58.078Z', '2026-06-15T13:17:58.078Z');
INSERT INTO report_extras (id, school_id, student_id, session, term, attendance, traits, comments, promotion, created_at, updated_at) VALUES ('ext-stu-JSS1-12', 'demo-school-id', 'stu-JSS1-12', '2023/2024', 'First Term', '95', '{"punctuality":3,"neatness":5,"honesty":5}', '{"principal":"Impressive grades. More focus needed in Mathematics.","teacher":"Strongly motivated and shows great potential."}', '', '2026-06-15T13:17:58.078Z', '2026-06-15T13:17:58.078Z');
INSERT INTO students (id, school_id, name, admission_no, gender, class_name, created_at, updated_at) VALUES ('stu-JSS1-13', 'demo-school-id', 'Hadiza Chukwuma', 'ADM/2023/0013', 'Male', 'JSS 1', '2026-06-15T13:17:58.078Z', '2026-06-15T13:17:58.078Z');
INSERT INTO score_sheets (id, school_id, student_id, data, created_at, updated_at) VALUES ('score-stu-JSS1-13', 'demo-school-id', 'stu-JSS1-13', '{"Mathematics":{"ca1":7,"ca2":5,"exam":55},"English Language":{"ca1":2,"ca2":6,"exam":45},"Basic Science":{"ca1":10,"ca2":6,"exam":39},"Social Studies":{"ca1":9,"ca2":9,"exam":33},"Civic Education":{"ca1":6,"ca2":10,"exam":54},"Agricultural Science":{"ca1":8,"ca2":6,"exam":69},"Business Studies":{"ca1":7,"ca2":3,"exam":43},"Computer Studies":{"ca1":0,"ca2":3,"exam":78},"Home Economics":{"ca1":0,"ca2":8,"exam":54},"Physical Health Education":{"ca1":4,"ca2":5,"exam":31}}', '2026-06-15T13:17:58.078Z', '2026-06-15T13:17:58.078Z');
INSERT INTO report_extras (id, school_id, student_id, session, term, attendance, traits, comments, promotion, created_at, updated_at) VALUES ('ext-stu-JSS1-13', 'demo-school-id', 'stu-JSS1-13', '2023/2024', 'First Term', '99', '{"punctuality":5,"neatness":4,"honesty":3}', '{"principal":"A good result. You can do better with more practice.","teacher":"Neat and regular in school. Keep it up."}', '', '2026-06-15T13:17:58.078Z', '2026-06-15T13:17:58.078Z');
INSERT INTO students (id, school_id, name, admission_no, gender, class_name, created_at, updated_at) VALUES ('stu-JSS1-14', 'demo-school-id', 'Yinka Okafor', 'ADM/2023/0014', 'Male', 'JSS 1', '2026-06-15T13:17:58.078Z', '2026-06-15T13:17:58.078Z');
INSERT INTO score_sheets (id, school_id, student_id, data, created_at, updated_at) VALUES ('score-stu-JSS1-14', 'demo-school-id', 'stu-JSS1-14', '{"Mathematics":{"ca1":1,"ca2":6,"exam":80},"English Language":{"ca1":10,"ca2":10,"exam":35},"Basic Science":{"ca1":5,"ca2":5,"exam":34},"Social Studies":{"ca1":4,"ca2":2,"exam":51},"Civic Education":{"ca1":4,"ca2":9,"exam":70},"Agricultural Science":{"ca1":6,"ca2":0,"exam":78},"Business Studies":{"ca1":6,"ca2":8,"exam":71},"Computer Studies":{"ca1":2,"ca2":1,"exam":63},"Physical Health Education":{"ca1":10,"ca2":2,"exam":47}}', '2026-06-15T13:17:58.078Z', '2026-06-15T13:17:58.078Z');
INSERT INTO report_extras (id, school_id, student_id, session, term, attendance, traits, comments, promotion, created_at, updated_at) VALUES ('ext-stu-JSS1-14', 'demo-school-id', 'stu-JSS1-14', '2023/2024', 'First Term', '94', '{"punctuality":4,"neatness":5,"honesty":3}', '{"principal":"Impressive grades. More focus needed in Mathematics.","teacher":"Neat and regular in school. Keep it up."}', '', '2026-06-15T13:17:58.078Z', '2026-06-15T13:17:58.078Z');
INSERT INTO students (id, school_id, name, admission_no, gender, class_name, created_at, updated_at) VALUES ('stu-JSS1-15', 'demo-school-id', 'Amina Sanni', 'ADM/2023/0015', 'Male', 'JSS 1', '2026-06-15T13:17:58.078Z', '2026-06-15T13:17:58.078Z');
INSERT INTO score_sheets (id, school_id, student_id, data, created_at, updated_at) VALUES ('score-stu-JSS1-15', 'demo-school-id', 'stu-JSS1-15', '{"Mathematics":{"ca1":6,"ca2":0,"exam":69},"Basic Science":{"ca1":1,"ca2":5,"exam":64},"Social Studies":{"ca1":3,"ca2":4,"exam":69},"Civic Education":{"ca1":1,"ca2":10,"exam":43},"Agricultural Science":{"ca1":3,"ca2":6,"exam":53},"Business Studies":{"ca1":5,"ca2":8,"exam":48},"Computer Studies":{"ca1":7,"ca2":1,"exam":45},"Home Economics":{"ca1":0,"ca2":10,"exam":33},"Physical Health Education":{"ca1":7,"ca2":1,"exam":57}}', '2026-06-15T13:17:58.078Z', '2026-06-15T13:17:58.078Z');
INSERT INTO report_extras (id, school_id, student_id, session, term, attendance, traits, comments, promotion, created_at, updated_at) VALUES ('ext-stu-JSS1-15', 'demo-school-id', 'stu-JSS1-15', '2023/2024', 'First Term', '98', '{"punctuality":5,"neatness":4,"honesty":3}', '{"principal":"Impressive grades. More focus needed in Mathematics.","teacher":"Strongly motivated and shows great potential."}', '', '2026-06-15T13:17:58.078Z', '2026-06-15T13:17:58.078Z');
INSERT INTO students (id, school_id, name, admission_no, gender, class_name, created_at, updated_at) VALUES ('stu-JSS1-16', 'demo-school-id', 'Fatima Nnaji', 'ADM/2023/0016', 'Female', 'JSS 1', '2026-06-15T13:17:58.078Z', '2026-06-15T13:17:58.078Z');
INSERT INTO score_sheets (id, school_id, student_id, data, created_at, updated_at) VALUES ('score-stu-JSS1-16', 'demo-school-id', 'stu-JSS1-16', '{"Mathematics":{"ca1":2,"ca2":1,"exam":46},"English Language":{"ca1":8,"ca2":8,"exam":41},"Basic Science":{"ca1":1,"ca2":8,"exam":76},"Civic Education":{"ca1":8,"ca2":3,"exam":58},"Agricultural Science":{"ca1":10,"ca2":7,"exam":70},"Business Studies":{"ca1":6,"ca2":3,"exam":43},"Computer Studies":{"ca1":6,"ca2":6,"exam":73},"Home Economics":{"ca1":6,"ca2":8,"exam":59},"Physical Health Education":{"ca1":8,"ca2":6,"exam":32}}', '2026-06-15T13:17:58.078Z', '2026-06-15T13:17:58.078Z');
INSERT INTO report_extras (id, school_id, student_id, session, term, attendance, traits, comments, promotion, created_at, updated_at) VALUES ('ext-stu-JSS1-16', 'demo-school-id', 'stu-JSS1-16', '2023/2024', 'First Term', '92', '{"punctuality":4,"neatness":4,"honesty":5}', '{"principal":"Excellent result. Consistent effort shown.","teacher":"Neat and regular in school. Keep it up."}', '', '2026-06-15T13:17:58.078Z', '2026-06-15T13:17:58.078Z');
INSERT INTO students (id, school_id, name, admission_no, gender, class_name, created_at, updated_at) VALUES ('stu-JSS1-17', 'demo-school-id', 'Chidi Balogun', 'ADM/2023/0017', 'Male', 'JSS 1', '2026-06-15T13:17:58.078Z', '2026-06-15T13:17:58.078Z');
INSERT INTO score_sheets (id, school_id, student_id, data, created_at, updated_at) VALUES ('score-stu-JSS1-17', 'demo-school-id', 'stu-JSS1-17', '{"Mathematics":{"ca1":1,"ca2":6,"exam":59},"Basic Science":{"ca1":3,"ca2":5,"exam":40},"Civic Education":{"ca1":10,"ca2":1,"exam":62},"Agricultural Science":{"ca1":4,"ca2":3,"exam":52},"Business Studies":{"ca1":9,"ca2":1,"exam":69},"Computer Studies":{"ca1":8,"ca2":0,"exam":69},"Physical Health Education":{"ca1":2,"ca2":2,"exam":71}}', '2026-06-15T13:17:58.078Z', '2026-06-15T13:17:58.078Z');
INSERT INTO report_extras (id, school_id, student_id, session, term, attendance, traits, comments, promotion, created_at, updated_at) VALUES ('ext-stu-JSS1-17', 'demo-school-id', 'stu-JSS1-17', '2023/2024', 'First Term', '85', '{"punctuality":3,"neatness":5,"honesty":3}', '{"principal":"Excellent result. Consistent effort shown.","teacher":"Neat and regular in school. Keep it up."}', '', '2026-06-15T13:17:58.078Z', '2026-06-15T13:17:58.078Z');
INSERT INTO students (id, school_id, name, admission_no, gender, class_name, created_at, updated_at) VALUES ('stu-JSS1-18', 'demo-school-id', 'Babatunde Okonkwo', 'ADM/2023/0018', 'Male', 'JSS 1', '2026-06-15T13:17:58.078Z', '2026-06-15T13:17:58.078Z');
INSERT INTO score_sheets (id, school_id, student_id, data, created_at, updated_at) VALUES ('score-stu-JSS1-18', 'demo-school-id', 'stu-JSS1-18', '{"Mathematics":{"ca1":5,"ca2":10,"exam":47},"English Language":{"ca1":1,"ca2":5,"exam":58},"Basic Science":{"ca1":6,"ca2":10,"exam":55},"Social Studies":{"ca1":8,"ca2":7,"exam":38},"Civic Education":{"ca1":5,"ca2":1,"exam":66},"Agricultural Science":{"ca1":6,"ca2":10,"exam":53},"Business Studies":{"ca1":5,"ca2":6,"exam":52},"Computer Studies":{"ca1":10,"ca2":8,"exam":35},"Home Economics":{"ca1":10,"ca2":10,"exam":54},"Physical Health Education":{"ca1":2,"ca2":6,"exam":53}}', '2026-06-15T13:17:58.078Z', '2026-06-15T13:17:58.078Z');
INSERT INTO report_extras (id, school_id, student_id, session, term, attendance, traits, comments, promotion, created_at, updated_at) VALUES ('ext-stu-JSS1-18', 'demo-school-id', 'stu-JSS1-18', '2023/2024', 'First Term', '93', '{"punctuality":4,"neatness":4,"honesty":4}', '{"principal":"A very brilliant performance. Keep it up.","teacher":"Very active in class activities. Good job."}', '', '2026-06-15T13:17:58.078Z', '2026-06-15T13:17:58.078Z');
INSERT INTO students (id, school_id, name, admission_no, gender, class_name, created_at, updated_at) VALUES ('stu-JSS1-19', 'demo-school-id', 'Oluwaseun Adebayo', 'ADM/2023/0019', 'Male', 'JSS 1', '2026-06-15T13:17:58.078Z', '2026-06-15T13:17:58.078Z');
INSERT INTO score_sheets (id, school_id, student_id, data, created_at, updated_at) VALUES ('score-stu-JSS1-19', 'demo-school-id', 'stu-JSS1-19', '{"Mathematics":{"ca1":1,"ca2":3,"exam":70},"English Language":{"ca1":6,"ca2":7,"exam":32},"Basic Science":{"ca1":8,"ca2":10,"exam":43},"Civic Education":{"ca1":8,"ca2":0,"exam":32},"Agricultural Science":{"ca1":1,"ca2":5,"exam":32},"Computer Studies":{"ca1":10,"ca2":9,"exam":52},"Home Economics":{"ca1":2,"ca2":3,"exam":35},"Physical Health Education":{"ca1":1,"ca2":10,"exam":57}}', '2026-06-15T13:17:58.078Z', '2026-06-15T13:17:58.078Z');
INSERT INTO report_extras (id, school_id, student_id, session, term, attendance, traits, comments, promotion, created_at, updated_at) VALUES ('ext-stu-JSS1-19', 'demo-school-id', 'stu-JSS1-19', '2023/2024', 'First Term', '98', '{"punctuality":3,"neatness":3,"honesty":4}', '{"principal":"A good result. You can do better with more practice.","teacher":"Strongly motivated and shows great potential."}', '', '2026-06-15T13:17:58.078Z', '2026-06-15T13:17:58.078Z');
INSERT INTO students (id, school_id, name, admission_no, gender, class_name, created_at, updated_at) VALUES ('stu-JSS1-20', 'demo-school-id', 'Emeka Adeyemi', 'ADM/2023/0020', 'Male', 'JSS 1', '2026-06-15T13:17:58.078Z', '2026-06-15T13:17:58.078Z');
INSERT INTO score_sheets (id, school_id, student_id, data, created_at, updated_at) VALUES ('score-stu-JSS1-20', 'demo-school-id', 'stu-JSS1-20', '{"English Language":{"ca1":6,"ca2":6,"exam":43},"Basic Science":{"ca1":9,"ca2":2,"exam":39},"Social Studies":{"ca1":9,"ca2":9,"exam":74},"Civic Education":{"ca1":2,"ca2":1,"exam":71},"Agricultural Science":{"ca1":7,"ca2":9,"exam":71},"Business Studies":{"ca1":9,"ca2":5,"exam":52},"Computer Studies":{"ca1":4,"ca2":7,"exam":30},"Home Economics":{"ca1":10,"ca2":3,"exam":49},"Physical Health Education":{"ca1":9,"ca2":5,"exam":44}}', '2026-06-15T13:17:58.078Z', '2026-06-15T13:17:58.078Z');
INSERT INTO report_extras (id, school_id, student_id, session, term, attendance, traits, comments, promotion, created_at, updated_at) VALUES ('ext-stu-JSS1-20', 'demo-school-id', 'stu-JSS1-20', '2023/2024', 'First Term', '89', '{"punctuality":4,"neatness":3,"honesty":3}', '{"principal":"Excellent result. Consistent effort shown.","teacher":"Very active in class activities. Good job."}', '', '2026-06-15T13:17:58.078Z', '2026-06-15T13:17:58.078Z');
INSERT INTO students (id, school_id, name, admission_no, gender, class_name, created_at, updated_at) VALUES ('stu-JSS1-21', 'demo-school-id', 'Tunde Nwosu', 'ADM/2023/0021', 'Female', 'JSS 1', '2026-06-15T13:17:58.078Z', '2026-06-15T13:17:58.078Z');
INSERT INTO score_sheets (id, school_id, student_id, data, created_at, updated_at) VALUES ('score-stu-JSS1-21', 'demo-school-id', 'stu-JSS1-21', '{"Mathematics":{"ca1":7,"ca2":4,"exam":37},"English Language":{"ca1":6,"ca2":1,"exam":47},"Basic Science":{"ca1":0,"ca2":4,"exam":52},"Civic Education":{"ca1":7,"ca2":10,"exam":34},"Agricultural Science":{"ca1":8,"ca2":5,"exam":68},"Business Studies":{"ca1":0,"ca2":5,"exam":73},"Computer Studies":{"ca1":4,"ca2":9,"exam":32},"Home Economics":{"ca1":3,"ca2":6,"exam":49},"Physical Health Education":{"ca1":2,"ca2":0,"exam":53}}', '2026-06-15T13:17:58.078Z', '2026-06-15T13:17:58.078Z');
INSERT INTO report_extras (id, school_id, student_id, session, term, attendance, traits, comments, promotion, created_at, updated_at) VALUES ('ext-stu-JSS1-21', 'demo-school-id', 'stu-JSS1-21', '2023/2024', 'First Term', '86', '{"punctuality":5,"neatness":3,"honesty":5}', '{"principal":"Impressive grades. More focus needed in Mathematics.","teacher":"Very active in class activities. Good job."}', '', '2026-06-15T13:17:58.078Z', '2026-06-15T13:17:58.078Z');
INSERT INTO students (id, school_id, name, admission_no, gender, class_name, created_at, updated_at) VALUES ('stu-JSS1-22', 'demo-school-id', 'Yinka Okonkwo', 'ADM/2023/0022', 'Female', 'JSS 1', '2026-06-15T13:17:58.078Z', '2026-06-15T13:17:58.078Z');
INSERT INTO score_sheets (id, school_id, student_id, data, created_at, updated_at) VALUES ('score-stu-JSS1-22', 'demo-school-id', 'stu-JSS1-22', '{"Mathematics":{"ca1":9,"ca2":5,"exam":74},"English Language":{"ca1":0,"ca2":3,"exam":37},"Social Studies":{"ca1":9,"ca2":3,"exam":67},"Civic Education":{"ca1":3,"ca2":7,"exam":38},"Agricultural Science":{"ca1":2,"ca2":5,"exam":36},"Business Studies":{"ca1":4,"ca2":8,"exam":51},"Computer Studies":{"ca1":5,"ca2":5,"exam":71},"Home Economics":{"ca1":1,"ca2":9,"exam":42},"Physical Health Education":{"ca1":10,"ca2":2,"exam":63}}', '2026-06-15T13:17:58.078Z', '2026-06-15T13:17:58.078Z');
INSERT INTO report_extras (id, school_id, student_id, session, term, attendance, traits, comments, promotion, created_at, updated_at) VALUES ('ext-stu-JSS1-22', 'demo-school-id', 'stu-JSS1-22', '2023/2024', 'First Term', '86', '{"punctuality":5,"neatness":3,"honesty":3}', '{"principal":"A good result. You can do better with more practice.","teacher":"A dedicated and hardworking student."}', '', '2026-06-15T13:17:58.078Z', '2026-06-15T13:17:58.078Z');
INSERT INTO students (id, school_id, name, admission_no, gender, class_name, created_at, updated_at) VALUES ('stu-JSS1-23', 'demo-school-id', 'Uche Sanni', 'ADM/2023/0023', 'Male', 'JSS 1', '2026-06-15T13:17:58.078Z', '2026-06-15T13:17:58.078Z');
INSERT INTO score_sheets (id, school_id, student_id, data, created_at, updated_at) VALUES ('score-stu-JSS1-23', 'demo-school-id', 'stu-JSS1-23', '{"Mathematics":{"ca1":6,"ca2":6,"exam":36},"English Language":{"ca1":5,"ca2":9,"exam":68},"Basic Science":{"ca1":3,"ca2":6,"exam":35},"Social Studies":{"ca1":8,"ca2":10,"exam":46},"Civic Education":{"ca1":0,"ca2":4,"exam":39},"Agricultural Science":{"ca1":7,"ca2":1,"exam":33},"Business Studies":{"ca1":5,"ca2":3,"exam":34},"Computer Studies":{"ca1":9,"ca2":5,"exam":36},"Home Economics":{"ca1":9,"ca2":10,"exam":52},"Physical Health Education":{"ca1":7,"ca2":3,"exam":66}}', '2026-06-15T13:17:58.078Z', '2026-06-15T13:17:58.078Z');
INSERT INTO report_extras (id, school_id, student_id, session, term, attendance, traits, comments, promotion, created_at, updated_at) VALUES ('ext-stu-JSS1-23', 'demo-school-id', 'stu-JSS1-23', '2023/2024', 'First Term', '98', '{"punctuality":5,"neatness":4,"honesty":4}', '{"principal":"Satisfactory performance. Aim for higher grades next term.","teacher":"Very active in class activities. Good job."}', '', '2026-06-15T13:17:58.078Z', '2026-06-15T13:17:58.078Z');
INSERT INTO students (id, school_id, name, admission_no, gender, class_name, created_at, updated_at) VALUES ('stu-JSS1-24', 'demo-school-id', 'Musa Nwosu', 'ADM/2023/0024', 'Female', 'JSS 1', '2026-06-15T13:17:58.078Z', '2026-06-15T13:17:58.078Z');
INSERT INTO score_sheets (id, school_id, student_id, data, created_at, updated_at) VALUES ('score-stu-JSS1-24', 'demo-school-id', 'stu-JSS1-24', '{"Mathematics":{"ca1":8,"ca2":8,"exam":49},"English Language":{"ca1":0,"ca2":0,"exam":78},"Basic Science":{"ca1":1,"ca2":7,"exam":40},"Civic Education":{"ca1":6,"ca2":4,"exam":61},"Agricultural Science":{"ca1":6,"ca2":7,"exam":33},"Business Studies":{"ca1":2,"ca2":6,"exam":61},"Computer Studies":{"ca1":2,"ca2":3,"exam":30},"Home Economics":{"ca1":2,"ca2":1,"exam":71},"Physical Health Education":{"ca1":2,"ca2":7,"exam":41}}', '2026-06-15T13:17:58.078Z', '2026-06-15T13:17:58.078Z');
INSERT INTO report_extras (id, school_id, student_id, session, term, attendance, traits, comments, promotion, created_at, updated_at) VALUES ('ext-stu-JSS1-24', 'demo-school-id', 'stu-JSS1-24', '2023/2024', 'First Term', '86', '{"punctuality":3,"neatness":4,"honesty":5}', '{"principal":"Satisfactory performance. Aim for higher grades next term.","teacher":"Neat and regular in school. Keep it up."}', '', '2026-06-15T13:17:58.078Z', '2026-06-15T13:17:58.078Z');
INSERT INTO students (id, school_id, name, admission_no, gender, class_name, created_at, updated_at) VALUES ('stu-JSS1-25', 'demo-school-id', 'Aisha Muhammed', 'ADM/2023/0025', 'Male', 'JSS 1', '2026-06-15T13:17:58.078Z', '2026-06-15T13:17:58.078Z');
INSERT INTO score_sheets (id, school_id, student_id, data, created_at, updated_at) VALUES ('score-stu-JSS1-25', 'demo-school-id', 'stu-JSS1-25', '{"Mathematics":{"ca1":9,"ca2":4,"exam":63},"English Language":{"ca1":8,"ca2":0,"exam":61},"Basic Science":{"ca1":2,"ca2":2,"exam":44},"Social Studies":{"ca1":1,"ca2":9,"exam":55},"Civic Education":{"ca1":5,"ca2":1,"exam":65},"Agricultural Science":{"ca1":4,"ca2":1,"exam":57},"Business Studies":{"ca1":7,"ca2":8,"exam":43},"Computer Studies":{"ca1":3,"ca2":8,"exam":46},"Home Economics":{"ca1":9,"ca2":6,"exam":71},"Physical Health Education":{"ca1":5,"ca2":6,"exam":59}}', '2026-06-15T13:17:58.078Z', '2026-06-15T13:17:58.078Z');
INSERT INTO report_extras (id, school_id, student_id, session, term, attendance, traits, comments, promotion, created_at, updated_at) VALUES ('ext-stu-JSS1-25', 'demo-school-id', 'stu-JSS1-25', '2023/2024', 'First Term', '90', '{"punctuality":4,"neatness":3,"honesty":4}', '{"principal":"Satisfactory performance. Aim for higher grades next term.","teacher":"Strongly motivated and shows great potential."}', '', '2026-06-15T13:17:58.078Z', '2026-06-15T13:17:58.078Z');
INSERT INTO students (id, school_id, name, admission_no, gender, class_name, created_at, updated_at) VALUES ('stu-JSS1-26', 'demo-school-id', 'Zainab Abubakar', 'ADM/2023/0026', 'Female', 'JSS 1', '2026-06-15T13:17:58.078Z', '2026-06-15T13:17:58.078Z');
INSERT INTO score_sheets (id, school_id, student_id, data, created_at, updated_at) VALUES ('score-stu-JSS1-26', 'demo-school-id', 'stu-JSS1-26', '{"Mathematics":{"ca1":9,"ca2":9,"exam":58},"English Language":{"ca1":6,"ca2":9,"exam":59},"Basic Science":{"ca1":10,"ca2":2,"exam":60},"Social Studies":{"ca1":10,"ca2":5,"exam":35},"Civic Education":{"ca1":8,"ca2":2,"exam":41},"Agricultural Science":{"ca1":10,"ca2":7,"exam":76},"Business Studies":{"ca1":3,"ca2":3,"exam":42},"Computer Studies":{"ca1":6,"ca2":0,"exam":61},"Home Economics":{"ca1":5,"ca2":5,"exam":71},"Physical Health Education":{"ca1":7,"ca2":9,"exam":48}}', '2026-06-15T13:17:58.078Z', '2026-06-15T13:17:58.078Z');
INSERT INTO report_extras (id, school_id, student_id, session, term, attendance, traits, comments, promotion, created_at, updated_at) VALUES ('ext-stu-JSS1-26', 'demo-school-id', 'stu-JSS1-26', '2023/2024', 'First Term', '94', '{"punctuality":3,"neatness":3,"honesty":4}', '{"principal":"Impressive grades. More focus needed in Mathematics.","teacher":"Strongly motivated and shows great potential."}', '', '2026-06-15T13:17:58.078Z', '2026-06-15T13:17:58.078Z');
INSERT INTO students (id, school_id, name, admission_no, gender, class_name, created_at, updated_at) VALUES ('stu-JSS1-27', 'demo-school-id', 'Emeka Nnaji', 'ADM/2023/0027', 'Female', 'JSS 1', '2026-06-15T13:17:58.078Z', '2026-06-15T13:17:58.078Z');
INSERT INTO score_sheets (id, school_id, student_id, data, created_at, updated_at) VALUES ('score-stu-JSS1-27', 'demo-school-id', 'stu-JSS1-27', '{"Mathematics":{"ca1":10,"ca2":6,"exam":73},"English Language":{"ca1":7,"ca2":4,"exam":53},"Basic Science":{"ca1":1,"ca2":3,"exam":78},"Social Studies":{"ca1":2,"ca2":8,"exam":55},"Agricultural Science":{"ca1":10,"ca2":6,"exam":56},"Business Studies":{"ca1":4,"ca2":6,"exam":45},"Computer Studies":{"ca1":6,"ca2":0,"exam":57},"Home Economics":{"ca1":1,"ca2":9,"exam":35},"Physical Health Education":{"ca1":10,"ca2":1,"exam":56}}', '2026-06-15T13:17:58.078Z', '2026-06-15T13:17:58.078Z');
INSERT INTO report_extras (id, school_id, student_id, session, term, attendance, traits, comments, promotion, created_at, updated_at) VALUES ('ext-stu-JSS1-27', 'demo-school-id', 'stu-JSS1-27', '2023/2024', 'First Term', '90', '{"punctuality":3,"neatness":5,"honesty":5}', '{"principal":"A very brilliant performance. Keep it up.","teacher":"A dedicated and hardworking student."}', '', '2026-06-15T13:17:58.078Z', '2026-06-15T13:17:58.078Z');
INSERT INTO students (id, school_id, name, admission_no, gender, class_name, created_at, updated_at) VALUES ('stu-JSS1-28', 'demo-school-id', 'Emeka Adeyemi', 'ADM/2023/0028', 'Male', 'JSS 1', '2026-06-15T13:17:58.078Z', '2026-06-15T13:17:58.078Z');
INSERT INTO score_sheets (id, school_id, student_id, data, created_at, updated_at) VALUES ('score-stu-JSS1-28', 'demo-school-id', 'stu-JSS1-28', '{"Mathematics":{"ca1":5,"ca2":8,"exam":66},"English Language":{"ca1":1,"ca2":10,"exam":79},"Basic Science":{"ca1":4,"ca2":1,"exam":35},"Social Studies":{"ca1":5,"ca2":6,"exam":36},"Agricultural Science":{"ca1":10,"ca2":6,"exam":80},"Business Studies":{"ca1":2,"ca2":8,"exam":41},"Computer Studies":{"ca1":4,"ca2":10,"exam":78},"Home Economics":{"ca1":4,"ca2":5,"exam":47},"Physical Health Education":{"ca1":7,"ca2":8,"exam":55}}', '2026-06-15T13:17:58.078Z', '2026-06-15T13:17:58.078Z');
INSERT INTO report_extras (id, school_id, student_id, session, term, attendance, traits, comments, promotion, created_at, updated_at) VALUES ('ext-stu-JSS1-28', 'demo-school-id', 'stu-JSS1-28', '2023/2024', 'First Term', '94', '{"punctuality":5,"neatness":3,"honesty":3}', '{"principal":"Satisfactory performance. Aim for higher grades next term.","teacher":"Well-behaved and respectful student."}', '', '2026-06-15T13:17:58.078Z', '2026-06-15T13:17:58.078Z');
INSERT INTO students (id, school_id, name, admission_no, gender, class_name, created_at, updated_at) VALUES ('stu-JSS1-29', 'demo-school-id', 'Fatima Eze', 'ADM/2023/0029', 'Female', 'JSS 1', '2026-06-15T13:17:58.078Z', '2026-06-15T13:17:58.078Z');
INSERT INTO score_sheets (id, school_id, student_id, data, created_at, updated_at) VALUES ('score-stu-JSS1-29', 'demo-school-id', 'stu-JSS1-29', '{"Mathematics":{"ca1":2,"ca2":9,"exam":58},"Basic Science":{"ca1":10,"ca2":9,"exam":48},"Social Studies":{"ca1":0,"ca2":6,"exam":32},"Civic Education":{"ca1":1,"ca2":4,"exam":74},"Agricultural Science":{"ca1":9,"ca2":9,"exam":71},"Business Studies":{"ca1":8,"ca2":7,"exam":80},"Computer Studies":{"ca1":1,"ca2":9,"exam":36},"Home Economics":{"ca1":10,"ca2":5,"exam":59},"Physical Health Education":{"ca1":10,"ca2":2,"exam":76}}', '2026-06-15T13:17:58.078Z', '2026-06-15T13:17:58.078Z');
INSERT INTO report_extras (id, school_id, student_id, session, term, attendance, traits, comments, promotion, created_at, updated_at) VALUES ('ext-stu-JSS1-29', 'demo-school-id', 'stu-JSS1-29', '2023/2024', 'First Term', '92', '{"punctuality":4,"neatness":5,"honesty":3}', '{"principal":"Impressive grades. More focus needed in Mathematics.","teacher":"Well-behaved and respectful student."}', '', '2026-06-15T13:17:58.078Z', '2026-06-15T13:17:58.078Z');
INSERT INTO students (id, school_id, name, admission_no, gender, class_name, created_at, updated_at) VALUES ('stu-JSS1-30', 'demo-school-id', 'Folake Muhammed', 'ADM/2023/0030', 'Female', 'JSS 1', '2026-06-15T13:17:58.078Z', '2026-06-15T13:17:58.078Z');
INSERT INTO score_sheets (id, school_id, student_id, data, created_at, updated_at) VALUES ('score-stu-JSS1-30', 'demo-school-id', 'stu-JSS1-30', '{"Mathematics":{"ca1":8,"ca2":5,"exam":44},"English Language":{"ca1":5,"ca2":4,"exam":58},"Basic Science":{"ca1":3,"ca2":1,"exam":66},"Social Studies":{"ca1":2,"ca2":8,"exam":63},"Civic Education":{"ca1":10,"ca2":10,"exam":31},"Business Studies":{"ca1":9,"ca2":8,"exam":68},"Computer Studies":{"ca1":0,"ca2":8,"exam":59},"Home Economics":{"ca1":7,"ca2":4,"exam":71},"Physical Health Education":{"ca1":0,"ca2":9,"exam":59}}', '2026-06-15T13:17:58.078Z', '2026-06-15T13:17:58.078Z');
INSERT INTO report_extras (id, school_id, student_id, session, term, attendance, traits, comments, promotion, created_at, updated_at) VALUES ('ext-stu-JSS1-30', 'demo-school-id', 'stu-JSS1-30', '2023/2024', 'First Term', '89', '{"punctuality":5,"neatness":3,"honesty":4}', '{"principal":"A good result. You can do better with more practice.","teacher":"A dedicated and hardworking student."}', '', '2026-06-15T13:17:58.078Z', '2026-06-15T13:17:58.078Z');
INSERT INTO students (id, school_id, name, admission_no, gender, class_name, created_at, updated_at) VALUES ('stu-JSS1-31', 'demo-school-id', 'Tunde Nnaji', 'ADM/2023/0031', 'Male', 'JSS 1', '2026-06-15T13:17:58.078Z', '2026-06-15T13:17:58.078Z');
INSERT INTO score_sheets (id, school_id, student_id, data, created_at, updated_at) VALUES ('score-stu-JSS1-31', 'demo-school-id', 'stu-JSS1-31', '{"Mathematics":{"ca1":1,"ca2":6,"exam":43},"English Language":{"ca1":9,"ca2":10,"exam":79},"Social Studies":{"ca1":6,"ca2":0,"exam":48},"Civic Education":{"ca1":5,"ca2":10,"exam":53},"Agricultural Science":{"ca1":5,"ca2":10,"exam":41},"Business Studies":{"ca1":10,"ca2":9,"exam":72},"Computer Studies":{"ca1":10,"ca2":10,"exam":33},"Home Economics":{"ca1":9,"ca2":10,"exam":65},"Physical Health Education":{"ca1":5,"ca2":5,"exam":33}}', '2026-06-15T13:17:58.078Z', '2026-06-15T13:17:58.078Z');
INSERT INTO report_extras (id, school_id, student_id, session, term, attendance, traits, comments, promotion, created_at, updated_at) VALUES ('ext-stu-JSS1-31', 'demo-school-id', 'stu-JSS1-31', '2023/2024', 'First Term', '87', '{"punctuality":3,"neatness":3,"honesty":5}', '{"principal":"A very brilliant performance. Keep it up.","teacher":"Strongly motivated and shows great potential."}', '', '2026-06-15T13:17:58.078Z', '2026-06-15T13:17:58.078Z');
INSERT INTO students (id, school_id, name, admission_no, gender, class_name, created_at, updated_at) VALUES ('stu-JSS1-32', 'demo-school-id', 'Babatunde Adeyemi', 'ADM/2023/0032', 'Male', 'JSS 1', '2026-06-15T13:17:58.078Z', '2026-06-15T13:17:58.078Z');
INSERT INTO score_sheets (id, school_id, student_id, data, created_at, updated_at) VALUES ('score-stu-JSS1-32', 'demo-school-id', 'stu-JSS1-32', '{"Mathematics":{"ca1":3,"ca2":2,"exam":70},"English Language":{"ca1":6,"ca2":6,"exam":42},"Basic Science":{"ca1":3,"ca2":2,"exam":68},"Social Studies":{"ca1":9,"ca2":5,"exam":71},"Civic Education":{"ca1":4,"ca2":1,"exam":59},"Agricultural Science":{"ca1":6,"ca2":6,"exam":37},"Business Studies":{"ca1":7,"ca2":8,"exam":37},"Home Economics":{"ca1":6,"ca2":8,"exam":62},"Physical Health Education":{"ca1":6,"ca2":2,"exam":68}}', '2026-06-15T13:17:58.078Z', '2026-06-15T13:17:58.078Z');
INSERT INTO report_extras (id, school_id, student_id, session, term, attendance, traits, comments, promotion, created_at, updated_at) VALUES ('ext-stu-JSS1-32', 'demo-school-id', 'stu-JSS1-32', '2023/2024', 'First Term', '93', '{"punctuality":3,"neatness":5,"honesty":3}', '{"principal":"Satisfactory performance. Aim for higher grades next term.","teacher":"Strongly motivated and shows great potential."}', '', '2026-06-15T13:17:58.078Z', '2026-06-15T13:17:58.078Z');
INSERT INTO students (id, school_id, name, admission_no, gender, class_name, created_at, updated_at) VALUES ('stu-JSS1-33', 'demo-school-id', 'Aisha Nwosu', 'ADM/2023/0033', 'Female', 'JSS 1', '2026-06-15T13:17:58.078Z', '2026-06-15T13:17:58.078Z');
INSERT INTO score_sheets (id, school_id, student_id, data, created_at, updated_at) VALUES ('score-stu-JSS1-33', 'demo-school-id', 'stu-JSS1-33', '{"Mathematics":{"ca1":10,"ca2":1,"exam":80},"Basic Science":{"ca1":6,"ca2":8,"exam":33},"Social Studies":{"ca1":1,"ca2":10,"exam":74},"Civic Education":{"ca1":8,"ca2":2,"exam":43},"Agricultural Science":{"ca1":0,"ca2":10,"exam":45},"Business Studies":{"ca1":0,"ca2":8,"exam":80},"Computer Studies":{"ca1":9,"ca2":8,"exam":55},"Home Economics":{"ca1":5,"ca2":5,"exam":36},"Physical Health Education":{"ca1":9,"ca2":10,"exam":66}}', '2026-06-15T13:17:58.078Z', '2026-06-15T13:17:58.078Z');
INSERT INTO report_extras (id, school_id, student_id, session, term, attendance, traits, comments, promotion, created_at, updated_at) VALUES ('ext-stu-JSS1-33', 'demo-school-id', 'stu-JSS1-33', '2023/2024', 'First Term', '95', '{"punctuality":4,"neatness":5,"honesty":3}', '{"principal":"A good result. You can do better with more practice.","teacher":"A dedicated and hardworking student."}', '', '2026-06-15T13:17:58.078Z', '2026-06-15T13:17:58.078Z');
INSERT INTO students (id, school_id, name, admission_no, gender, class_name, created_at, updated_at) VALUES ('stu-JSS1-34', 'demo-school-id', 'Folake Olawale', 'ADM/2023/0034', 'Male', 'JSS 1', '2026-06-15T13:17:58.078Z', '2026-06-15T13:17:58.078Z');
INSERT INTO score_sheets (id, school_id, student_id, data, created_at, updated_at) VALUES ('score-stu-JSS1-34', 'demo-school-id', 'stu-JSS1-34', '{"English Language":{"ca1":6,"ca2":9,"exam":64},"Basic Science":{"ca1":8,"ca2":9,"exam":65},"Social Studies":{"ca1":1,"ca2":6,"exam":68},"Civic Education":{"ca1":3,"ca2":8,"exam":37},"Agricultural Science":{"ca1":6,"ca2":0,"exam":34},"Business Studies":{"ca1":4,"ca2":3,"exam":41},"Computer Studies":{"ca1":3,"ca2":5,"exam":58},"Home Economics":{"ca1":0,"ca2":2,"exam":70},"Physical Health Education":{"ca1":10,"ca2":8,"exam":76}}', '2026-06-15T13:17:58.078Z', '2026-06-15T13:17:58.078Z');
INSERT INTO report_extras (id, school_id, student_id, session, term, attendance, traits, comments, promotion, created_at, updated_at) VALUES ('ext-stu-JSS1-34', 'demo-school-id', 'stu-JSS1-34', '2023/2024', 'First Term', '93', '{"punctuality":3,"neatness":5,"honesty":5}', '{"principal":"Impressive grades. More focus needed in Mathematics.","teacher":"Very active in class activities. Good job."}', '', '2026-06-15T13:17:58.078Z', '2026-06-15T13:17:58.078Z');
INSERT INTO students (id, school_id, name, admission_no, gender, class_name, created_at, updated_at) VALUES ('stu-JSS1-35', 'demo-school-id', 'Mustapha Garba', 'ADM/2023/0035', 'Male', 'JSS 1', '2026-06-15T13:17:58.078Z', '2026-06-15T13:17:58.078Z');
INSERT INTO score_sheets (id, school_id, student_id, data, created_at, updated_at) VALUES ('score-stu-JSS1-35', 'demo-school-id', 'stu-JSS1-35', '{"Mathematics":{"ca1":1,"ca2":1,"exam":40},"English Language":{"ca1":3,"ca2":4,"exam":49},"Basic Science":{"ca1":3,"ca2":7,"exam":58},"Social Studies":{"ca1":9,"ca2":0,"exam":38},"Civic Education":{"ca1":8,"ca2":0,"exam":38},"Agricultural Science":{"ca1":3,"ca2":2,"exam":73},"Business Studies":{"ca1":8,"ca2":6,"exam":70},"Computer Studies":{"ca1":2,"ca2":7,"exam":66},"Home Economics":{"ca1":1,"ca2":3,"exam":63},"Physical Health Education":{"ca1":7,"ca2":10,"exam":58}}', '2026-06-15T13:17:58.078Z', '2026-06-15T13:17:58.078Z');
INSERT INTO report_extras (id, school_id, student_id, session, term, attendance, traits, comments, promotion, created_at, updated_at) VALUES ('ext-stu-JSS1-35', 'demo-school-id', 'stu-JSS1-35', '2023/2024', 'First Term', '88', '{"punctuality":5,"neatness":4,"honesty":3}', '{"principal":"A good result. You can do better with more practice.","teacher":"Neat and regular in school. Keep it up."}', '', '2026-06-15T13:17:58.078Z', '2026-06-15T13:17:58.078Z');
INSERT INTO students (id, school_id, name, admission_no, gender, class_name, created_at, updated_at) VALUES ('stu-JSS1-36', 'demo-school-id', 'Emeka Usman', 'ADM/2023/0036', 'Female', 'JSS 1', '2026-06-15T13:17:58.078Z', '2026-06-15T13:17:58.078Z');
INSERT INTO score_sheets (id, school_id, student_id, data, created_at, updated_at) VALUES ('score-stu-JSS1-36', 'demo-school-id', 'stu-JSS1-36', '{"Mathematics":{"ca1":5,"ca2":4,"exam":64},"English Language":{"ca1":8,"ca2":10,"exam":53},"Basic Science":{"ca1":9,"ca2":2,"exam":47},"Social Studies":{"ca1":4,"ca2":3,"exam":40},"Agricultural Science":{"ca1":5,"ca2":1,"exam":66},"Business Studies":{"ca1":8,"ca2":0,"exam":30},"Computer Studies":{"ca1":10,"ca2":7,"exam":33},"Home Economics":{"ca1":2,"ca2":7,"exam":48},"Physical Health Education":{"ca1":10,"ca2":5,"exam":45}}', '2026-06-15T13:17:58.078Z', '2026-06-15T13:17:58.078Z');
INSERT INTO report_extras (id, school_id, student_id, session, term, attendance, traits, comments, promotion, created_at, updated_at) VALUES ('ext-stu-JSS1-36', 'demo-school-id', 'stu-JSS1-36', '2023/2024', 'First Term', '97', '{"punctuality":4,"neatness":3,"honesty":4}', '{"principal":"Excellent result. Consistent effort shown.","teacher":"A dedicated and hardworking student."}', '', '2026-06-15T13:17:58.078Z', '2026-06-15T13:17:58.078Z');
INSERT INTO students (id, school_id, name, admission_no, gender, class_name, created_at, updated_at) VALUES ('stu-JSS1-37', 'demo-school-id', 'Ibrahim Ani', 'ADM/2023/0037', 'Male', 'JSS 1', '2026-06-15T13:17:58.078Z', '2026-06-15T13:17:58.078Z');
INSERT INTO score_sheets (id, school_id, student_id, data, created_at, updated_at) VALUES ('score-stu-JSS1-37', 'demo-school-id', 'stu-JSS1-37', '{"Mathematics":{"ca1":9,"ca2":5,"exam":68},"English Language":{"ca1":6,"ca2":2,"exam":70},"Basic Science":{"ca1":9,"ca2":9,"exam":79},"Social Studies":{"ca1":0,"ca2":1,"exam":54},"Civic Education":{"ca1":2,"ca2":9,"exam":79},"Business Studies":{"ca1":2,"ca2":3,"exam":70},"Computer Studies":{"ca1":6,"ca2":10,"exam":34},"Home Economics":{"ca1":10,"ca2":0,"exam":64},"Physical Health Education":{"ca1":9,"ca2":5,"exam":42}}', '2026-06-15T13:17:58.078Z', '2026-06-15T13:17:58.078Z');
INSERT INTO report_extras (id, school_id, student_id, session, term, attendance, traits, comments, promotion, created_at, updated_at) VALUES ('ext-stu-JSS1-37', 'demo-school-id', 'stu-JSS1-37', '2023/2024', 'First Term', '97', '{"punctuality":5,"neatness":3,"honesty":3}', '{"principal":"Excellent result. Consistent effort shown.","teacher":"Neat and regular in school. Keep it up."}', '', '2026-06-15T13:17:58.078Z', '2026-06-15T13:17:58.078Z');
INSERT INTO students (id, school_id, name, admission_no, gender, class_name, created_at, updated_at) VALUES ('stu-JSS1-38', 'demo-school-id', 'Chinelo Olawale', 'ADM/2023/0038', 'Female', 'JSS 1', '2026-06-15T13:17:58.078Z', '2026-06-15T13:17:58.078Z');
INSERT INTO score_sheets (id, school_id, student_id, data, created_at, updated_at) VALUES ('score-stu-JSS1-38', 'demo-school-id', 'stu-JSS1-38', '{"Mathematics":{"ca1":5,"ca2":2,"exam":50},"English Language":{"ca1":4,"ca2":4,"exam":67},"Basic Science":{"ca1":10,"ca2":0,"exam":43},"Social Studies":{"ca1":0,"ca2":2,"exam":73},"Civic Education":{"ca1":5,"ca2":0,"exam":30},"Agricultural Science":{"ca1":2,"ca2":4,"exam":54},"Business Studies":{"ca1":5,"ca2":8,"exam":40},"Computer Studies":{"ca1":2,"ca2":7,"exam":41},"Home Economics":{"ca1":3,"ca2":4,"exam":47},"Physical Health Education":{"ca1":3,"ca2":4,"exam":56}}', '2026-06-15T13:17:58.078Z', '2026-06-15T13:17:58.078Z');
INSERT INTO report_extras (id, school_id, student_id, session, term, attendance, traits, comments, promotion, created_at, updated_at) VALUES ('ext-stu-JSS1-38', 'demo-school-id', 'stu-JSS1-38', '2023/2024', 'First Term', '97', '{"punctuality":4,"neatness":3,"honesty":4}', '{"principal":"Excellent result. Consistent effort shown.","teacher":"Strongly motivated and shows great potential."}', '', '2026-06-15T13:17:58.078Z', '2026-06-15T13:17:58.078Z');
INSERT INTO students (id, school_id, name, admission_no, gender, class_name, created_at, updated_at) VALUES ('stu-JSS1-39', 'demo-school-id', 'Tunde Balogun', 'ADM/2023/0039', 'Female', 'JSS 1', '2026-06-15T13:17:58.078Z', '2026-06-15T13:17:58.078Z');
INSERT INTO score_sheets (id, school_id, student_id, data, created_at, updated_at) VALUES ('score-stu-JSS1-39', 'demo-school-id', 'stu-JSS1-39', '{"Mathematics":{"ca1":6,"ca2":0,"exam":32},"English Language":{"ca1":3,"ca2":6,"exam":74},"Basic Science":{"ca1":5,"ca2":4,"exam":76},"Social Studies":{"ca1":10,"ca2":3,"exam":30},"Civic Education":{"ca1":7,"ca2":4,"exam":38},"Business Studies":{"ca1":0,"ca2":6,"exam":44},"Computer Studies":{"ca1":10,"ca2":4,"exam":43},"Physical Health Education":{"ca1":6,"ca2":1,"exam":31}}', '2026-06-15T13:17:58.078Z', '2026-06-15T13:17:58.078Z');
INSERT INTO report_extras (id, school_id, student_id, session, term, attendance, traits, comments, promotion, created_at, updated_at) VALUES ('ext-stu-JSS1-39', 'demo-school-id', 'stu-JSS1-39', '2023/2024', 'First Term', '85', '{"punctuality":4,"neatness":3,"honesty":3}', '{"principal":"Satisfactory performance. Aim for higher grades next term.","teacher":"Well-behaved and respectful student."}', '', '2026-06-15T13:17:58.078Z', '2026-06-15T13:17:58.078Z');
INSERT INTO students (id, school_id, name, admission_no, gender, class_name, created_at, updated_at) VALUES ('stu-JSS1-40', 'demo-school-id', 'Tunde Balogun', 'ADM/2023/0040', 'Male', 'JSS 1', '2026-06-15T13:17:58.078Z', '2026-06-15T13:17:58.078Z');
INSERT INTO score_sheets (id, school_id, student_id, data, created_at, updated_at) VALUES ('score-stu-JSS1-40', 'demo-school-id', 'stu-JSS1-40', '{"English Language":{"ca1":1,"ca2":8,"exam":34},"Basic Science":{"ca1":4,"ca2":9,"exam":71},"Social Studies":{"ca1":8,"ca2":6,"exam":51},"Civic Education":{"ca1":7,"ca2":0,"exam":52},"Agricultural Science":{"ca1":8,"ca2":10,"exam":37},"Business Studies":{"ca1":0,"ca2":7,"exam":76},"Computer Studies":{"ca1":10,"ca2":7,"exam":31},"Physical Health Education":{"ca1":1,"ca2":5,"exam":47}}', '2026-06-15T13:17:58.078Z', '2026-06-15T13:17:58.078Z');
INSERT INTO report_extras (id, school_id, student_id, session, term, attendance, traits, comments, promotion, created_at, updated_at) VALUES ('ext-stu-JSS1-40', 'demo-school-id', 'stu-JSS1-40', '2023/2024', 'First Term', '97', '{"punctuality":3,"neatness":5,"honesty":5}', '{"principal":"Excellent result. Consistent effort shown.","teacher":"Neat and regular in school. Keep it up."}', '', '2026-06-15T13:17:58.078Z', '2026-06-15T13:17:58.078Z');
INSERT INTO students (id, school_id, name, admission_no, gender, class_name, created_at, updated_at) VALUES ('stu-JSS1-41', 'demo-school-id', 'Ibrahim Muhammed', 'ADM/2023/0041', 'Male', 'JSS 1', '2026-06-15T13:17:58.078Z', '2026-06-15T13:17:58.078Z');
INSERT INTO score_sheets (id, school_id, student_id, data, created_at, updated_at) VALUES ('score-stu-JSS1-41', 'demo-school-id', 'stu-JSS1-41', '{"Mathematics":{"ca1":7,"ca2":10,"exam":46},"English Language":{"ca1":8,"ca2":0,"exam":30},"Basic Science":{"ca1":2,"ca2":10,"exam":30},"Social Studies":{"ca1":2,"ca2":9,"exam":42},"Civic Education":{"ca1":10,"ca2":8,"exam":55},"Business Studies":{"ca1":8,"ca2":5,"exam":51},"Computer Studies":{"ca1":1,"ca2":3,"exam":60},"Home Economics":{"ca1":3,"ca2":2,"exam":66},"Physical Health Education":{"ca1":0,"ca2":2,"exam":51}}', '2026-06-15T13:17:58.078Z', '2026-06-15T13:17:58.078Z');
INSERT INTO report_extras (id, school_id, student_id, session, term, attendance, traits, comments, promotion, created_at, updated_at) VALUES ('ext-stu-JSS1-41', 'demo-school-id', 'stu-JSS1-41', '2023/2024', 'First Term', '95', '{"punctuality":5,"neatness":3,"honesty":5}', '{"principal":"Impressive grades. More focus needed in Mathematics.","teacher":"Strongly motivated and shows great potential."}', '', '2026-06-15T13:17:58.078Z', '2026-06-15T13:17:58.078Z');
INSERT INTO students (id, school_id, name, admission_no, gender, class_name, created_at, updated_at) VALUES ('stu-JSS1-42', 'demo-school-id', 'Musa Adebayo', 'ADM/2023/0042', 'Male', 'JSS 1', '2026-06-15T13:17:58.078Z', '2026-06-15T13:17:58.078Z');
INSERT INTO score_sheets (id, school_id, student_id, data, created_at, updated_at) VALUES ('score-stu-JSS1-42', 'demo-school-id', 'stu-JSS1-42', '{"Mathematics":{"ca1":1,"ca2":8,"exam":73},"English Language":{"ca1":4,"ca2":0,"exam":51},"Basic Science":{"ca1":6,"ca2":0,"exam":67},"Social Studies":{"ca1":4,"ca2":7,"exam":68},"Civic Education":{"ca1":3,"ca2":6,"exam":74},"Agricultural Science":{"ca1":6,"ca2":6,"exam":39},"Business Studies":{"ca1":10,"ca2":1,"exam":44},"Computer Studies":{"ca1":5,"ca2":0,"exam":77},"Home Economics":{"ca1":7,"ca2":1,"exam":55},"Physical Health Education":{"ca1":6,"ca2":9,"exam":70}}', '2026-06-15T13:17:58.078Z', '2026-06-15T13:17:58.078Z');
INSERT INTO report_extras (id, school_id, student_id, session, term, attendance, traits, comments, promotion, created_at, updated_at) VALUES ('ext-stu-JSS1-42', 'demo-school-id', 'stu-JSS1-42', '2023/2024', 'First Term', '86', '{"punctuality":3,"neatness":3,"honesty":3}', '{"principal":"Satisfactory performance. Aim for higher grades next term.","teacher":"Well-behaved and respectful student."}', '', '2026-06-15T13:17:58.078Z', '2026-06-15T13:17:58.078Z');
INSERT INTO students (id, school_id, name, admission_no, gender, class_name, created_at, updated_at) VALUES ('stu-JSS1-43', 'demo-school-id', 'Chinelo Nwosu', 'ADM/2023/0043', 'Female', 'JSS 1', '2026-06-15T13:17:58.078Z', '2026-06-15T13:17:58.078Z');
INSERT INTO score_sheets (id, school_id, student_id, data, created_at, updated_at) VALUES ('score-stu-JSS1-43', 'demo-school-id', 'stu-JSS1-43', '{"English Language":{"ca1":9,"ca2":8,"exam":73},"Basic Science":{"ca1":2,"ca2":0,"exam":37},"Social Studies":{"ca1":1,"ca2":9,"exam":36},"Civic Education":{"ca1":1,"ca2":9,"exam":58},"Business Studies":{"ca1":6,"ca2":3,"exam":62},"Computer Studies":{"ca1":10,"ca2":8,"exam":37},"Home Economics":{"ca1":7,"ca2":10,"exam":74}}', '2026-06-15T13:17:58.078Z', '2026-06-15T13:17:58.078Z');
INSERT INTO report_extras (id, school_id, student_id, session, term, attendance, traits, comments, promotion, created_at, updated_at) VALUES ('ext-stu-JSS1-43', 'demo-school-id', 'stu-JSS1-43', '2023/2024', 'First Term', '90', '{"punctuality":4,"neatness":3,"honesty":5}', '{"principal":"Excellent result. Consistent effort shown.","teacher":"Well-behaved and respectful student."}', '', '2026-06-15T13:17:58.078Z', '2026-06-15T13:17:58.078Z');
INSERT INTO students (id, school_id, name, admission_no, gender, class_name, created_at, updated_at) VALUES ('stu-JSS1-44', 'demo-school-id', 'Chinelo Okonkwo', 'ADM/2023/0044', 'Female', 'JSS 1', '2026-06-15T13:17:58.078Z', '2026-06-15T13:17:58.078Z');
INSERT INTO score_sheets (id, school_id, student_id, data, created_at, updated_at) VALUES ('score-stu-JSS1-44', 'demo-school-id', 'stu-JSS1-44', '{"Mathematics":{"ca1":6,"ca2":4,"exam":51},"English Language":{"ca1":2,"ca2":2,"exam":45},"Social Studies":{"ca1":7,"ca2":1,"exam":67},"Civic Education":{"ca1":2,"ca2":2,"exam":33},"Business Studies":{"ca1":10,"ca2":2,"exam":51},"Computer Studies":{"ca1":0,"ca2":4,"exam":60},"Home Economics":{"ca1":10,"ca2":10,"exam":50},"Physical Health Education":{"ca1":5,"ca2":2,"exam":51}}', '2026-06-15T13:17:58.078Z', '2026-06-15T13:17:58.078Z');
INSERT INTO report_extras (id, school_id, student_id, session, term, attendance, traits, comments, promotion, created_at, updated_at) VALUES ('ext-stu-JSS1-44', 'demo-school-id', 'stu-JSS1-44', '2023/2024', 'First Term', '97', '{"punctuality":5,"neatness":4,"honesty":5}', '{"principal":"Excellent result. Consistent effort shown.","teacher":"Very active in class activities. Good job."}', '', '2026-06-15T13:17:58.078Z', '2026-06-15T13:17:58.078Z');
INSERT INTO students (id, school_id, name, admission_no, gender, class_name, created_at, updated_at) VALUES ('stu-JSS1-45', 'demo-school-id', 'Obinna Sanni', 'ADM/2023/0045', 'Male', 'JSS 1', '2026-06-15T13:17:58.078Z', '2026-06-15T13:17:58.078Z');
INSERT INTO score_sheets (id, school_id, student_id, data, created_at, updated_at) VALUES ('score-stu-JSS1-45', 'demo-school-id', 'stu-JSS1-45', '{"Mathematics":{"ca1":0,"ca2":0,"exam":39},"English Language":{"ca1":7,"ca2":7,"exam":66},"Social Studies":{"ca1":4,"ca2":8,"exam":62},"Civic Education":{"ca1":4,"ca2":5,"exam":77},"Agricultural Science":{"ca1":1,"ca2":0,"exam":65},"Business Studies":{"ca1":6,"ca2":2,"exam":44},"Computer Studies":{"ca1":8,"ca2":3,"exam":78},"Home Economics":{"ca1":1,"ca2":7,"exam":56},"Physical Health Education":{"ca1":10,"ca2":0,"exam":56}}', '2026-06-15T13:17:58.078Z', '2026-06-15T13:17:58.078Z');
INSERT INTO report_extras (id, school_id, student_id, session, term, attendance, traits, comments, promotion, created_at, updated_at) VALUES ('ext-stu-JSS1-45', 'demo-school-id', 'stu-JSS1-45', '2023/2024', 'First Term', '94', '{"punctuality":4,"neatness":3,"honesty":5}', '{"principal":"Satisfactory performance. Aim for higher grades next term.","teacher":"Neat and regular in school. Keep it up."}', '', '2026-06-15T13:17:58.078Z', '2026-06-15T13:17:58.078Z');
INSERT INTO students (id, school_id, name, admission_no, gender, class_name, created_at, updated_at) VALUES ('stu-JSS1-46', 'demo-school-id', 'Zainab Eze', 'ADM/2023/0046', 'Male', 'JSS 1', '2026-06-15T13:17:58.078Z', '2026-06-15T13:17:58.078Z');
INSERT INTO score_sheets (id, school_id, student_id, data, created_at, updated_at) VALUES ('score-stu-JSS1-46', 'demo-school-id', 'stu-JSS1-46', '{"Mathematics":{"ca1":2,"ca2":8,"exam":41},"English Language":{"ca1":4,"ca2":5,"exam":69},"Basic Science":{"ca1":7,"ca2":7,"exam":49},"Social Studies":{"ca1":9,"ca2":2,"exam":33},"Civic Education":{"ca1":9,"ca2":9,"exam":45},"Agricultural Science":{"ca1":6,"ca2":1,"exam":53},"Business Studies":{"ca1":9,"ca2":5,"exam":32},"Physical Health Education":{"ca1":1,"ca2":6,"exam":48}}', '2026-06-15T13:17:58.078Z', '2026-06-15T13:17:58.078Z');
INSERT INTO report_extras (id, school_id, student_id, session, term, attendance, traits, comments, promotion, created_at, updated_at) VALUES ('ext-stu-JSS1-46', 'demo-school-id', 'stu-JSS1-46', '2023/2024', 'First Term', '96', '{"punctuality":4,"neatness":5,"honesty":5}', '{"principal":"A very brilliant performance. Keep it up.","teacher":"Neat and regular in school. Keep it up."}', '', '2026-06-15T13:17:58.078Z', '2026-06-15T13:17:58.078Z');
INSERT INTO students (id, school_id, name, admission_no, gender, class_name, created_at, updated_at) VALUES ('stu-JSS1-47', 'demo-school-id', 'Tunde Danjuma', 'ADM/2023/0047', 'Male', 'JSS 1', '2026-06-15T13:17:58.078Z', '2026-06-15T13:17:58.078Z');
INSERT INTO score_sheets (id, school_id, student_id, data, created_at, updated_at) VALUES ('score-stu-JSS1-47', 'demo-school-id', 'stu-JSS1-47', '{"Mathematics":{"ca1":4,"ca2":0,"exam":52},"English Language":{"ca1":5,"ca2":3,"exam":61},"Basic Science":{"ca1":1,"ca2":6,"exam":68},"Social Studies":{"ca1":10,"ca2":0,"exam":35},"Civic Education":{"ca1":0,"ca2":6,"exam":60},"Agricultural Science":{"ca1":2,"ca2":4,"exam":38},"Business Studies":{"ca1":7,"ca2":8,"exam":37},"Computer Studies":{"ca1":3,"ca2":7,"exam":39},"Physical Health Education":{"ca1":7,"ca2":4,"exam":56}}', '2026-06-15T13:17:58.078Z', '2026-06-15T13:17:58.078Z');
INSERT INTO report_extras (id, school_id, student_id, session, term, attendance, traits, comments, promotion, created_at, updated_at) VALUES ('ext-stu-JSS1-47', 'demo-school-id', 'stu-JSS1-47', '2023/2024', 'First Term', '88', '{"punctuality":4,"neatness":4,"honesty":5}', '{"principal":"Satisfactory performance. Aim for higher grades next term.","teacher":"Very active in class activities. Good job."}', '', '2026-06-15T13:17:58.078Z', '2026-06-15T13:17:58.078Z');
INSERT INTO students (id, school_id, name, admission_no, gender, class_name, created_at, updated_at) VALUES ('stu-JSS1-48', 'demo-school-id', 'Oluwaseun Lawal', 'ADM/2023/0048', 'Female', 'JSS 1', '2026-06-15T13:17:58.078Z', '2026-06-15T13:17:58.078Z');
INSERT INTO score_sheets (id, school_id, student_id, data, created_at, updated_at) VALUES ('score-stu-JSS1-48', 'demo-school-id', 'stu-JSS1-48', '{"Mathematics":{"ca1":1,"ca2":10,"exam":73},"English Language":{"ca1":6,"ca2":9,"exam":51},"Basic Science":{"ca1":10,"ca2":3,"exam":68},"Social Studies":{"ca1":4,"ca2":3,"exam":52},"Civic Education":{"ca1":3,"ca2":8,"exam":65},"Agricultural Science":{"ca1":3,"ca2":1,"exam":73},"Business Studies":{"ca1":8,"ca2":1,"exam":61},"Computer Studies":{"ca1":2,"ca2":5,"exam":80},"Home Economics":{"ca1":3,"ca2":3,"exam":76},"Physical Health Education":{"ca1":7,"ca2":8,"exam":78}}', '2026-06-15T13:17:58.078Z', '2026-06-15T13:17:58.078Z');
INSERT INTO report_extras (id, school_id, student_id, session, term, attendance, traits, comments, promotion, created_at, updated_at) VALUES ('ext-stu-JSS1-48', 'demo-school-id', 'stu-JSS1-48', '2023/2024', 'First Term', '92', '{"punctuality":4,"neatness":3,"honesty":5}', '{"principal":"Satisfactory performance. Aim for higher grades next term.","teacher":"Well-behaved and respectful student."}', '', '2026-06-15T13:17:58.078Z', '2026-06-15T13:17:58.078Z');
INSERT INTO students (id, school_id, name, admission_no, gender, class_name, created_at, updated_at) VALUES ('stu-JSS1-49', 'demo-school-id', 'Babatunde Chukwuma', 'ADM/2023/0049', 'Female', 'JSS 1', '2026-06-15T13:17:58.078Z', '2026-06-15T13:17:58.078Z');
INSERT INTO score_sheets (id, school_id, student_id, data, created_at, updated_at) VALUES ('score-stu-JSS1-49', 'demo-school-id', 'stu-JSS1-49', '{"Mathematics":{"ca1":5,"ca2":3,"exam":78},"English Language":{"ca1":5,"ca2":7,"exam":50},"Basic Science":{"ca1":10,"ca2":8,"exam":75},"Social Studies":{"ca1":2,"ca2":4,"exam":62},"Civic Education":{"ca1":5,"ca2":1,"exam":67},"Agricultural Science":{"ca1":2,"ca2":7,"exam":74},"Business Studies":{"ca1":6,"ca2":3,"exam":31},"Computer Studies":{"ca1":1,"ca2":2,"exam":64},"Home Economics":{"ca1":9,"ca2":1,"exam":42},"Physical Health Education":{"ca1":1,"ca2":5,"exam":50}}', '2026-06-15T13:17:58.078Z', '2026-06-15T13:17:58.078Z');
INSERT INTO report_extras (id, school_id, student_id, session, term, attendance, traits, comments, promotion, created_at, updated_at) VALUES ('ext-stu-JSS1-49', 'demo-school-id', 'stu-JSS1-49', '2023/2024', 'First Term', '99', '{"punctuality":5,"neatness":4,"honesty":3}', '{"principal":"Excellent result. Consistent effort shown.","teacher":"Well-behaved and respectful student."}', '', '2026-06-15T13:17:58.078Z', '2026-06-15T13:17:58.078Z');
INSERT INTO students (id, school_id, name, admission_no, gender, class_name, created_at, updated_at) VALUES ('stu-JSS1-50', 'demo-school-id', 'Oluwaseun Bello', 'ADM/2023/0050', 'Female', 'JSS 1', '2026-06-15T13:17:58.078Z', '2026-06-15T13:17:58.078Z');
INSERT INTO score_sheets (id, school_id, student_id, data, created_at, updated_at) VALUES ('score-stu-JSS1-50', 'demo-school-id', 'stu-JSS1-50', '{"Mathematics":{"ca1":5,"ca2":6,"exam":36},"Basic Science":{"ca1":1,"ca2":8,"exam":55},"Social Studies":{"ca1":10,"ca2":8,"exam":55},"Business Studies":{"ca1":4,"ca2":8,"exam":46},"Computer Studies":{"ca1":5,"ca2":4,"exam":65},"Home Economics":{"ca1":4,"ca2":0,"exam":44},"Physical Health Education":{"ca1":1,"ca2":4,"exam":49}}', '2026-06-15T13:17:58.078Z', '2026-06-15T13:17:58.078Z');
INSERT INTO report_extras (id, school_id, student_id, session, term, attendance, traits, comments, promotion, created_at, updated_at) VALUES ('ext-stu-JSS1-50', 'demo-school-id', 'stu-JSS1-50', '2023/2024', 'First Term', '88', '{"punctuality":3,"neatness":4,"honesty":3}', '{"principal":"A very brilliant performance. Keep it up.","teacher":"A dedicated and hardworking student."}', '', '2026-06-15T13:17:58.078Z', '2026-06-15T13:17:58.078Z');
INSERT INTO teacher_class_assignments (id, school_id, teacher_user_id, class_name, created_at) VALUES ('tca-JSS2', 'demo-school-id', 'demo-teacher-id', 'JSS 2', '2026-06-15T13:17:58.078Z');
INSERT INTO students (id, school_id, name, admission_no, gender, class_name, created_at, updated_at) VALUES ('stu-JSS2-1', 'demo-school-id', 'Hadiza Adeyemi', 'ADM/2023/0051', 'Female', 'JSS 2', '2026-06-15T13:17:58.078Z', '2026-06-15T13:17:58.078Z');
INSERT INTO score_sheets (id, school_id, student_id, data, created_at, updated_at) VALUES ('score-stu-JSS2-1', 'demo-school-id', 'stu-JSS2-1', '{"Mathematics":{"ca1":8,"ca2":1,"exam":45},"English Language":{"ca1":5,"ca2":8,"exam":34},"Basic Science":{"ca1":5,"ca2":7,"exam":59},"Social Studies":{"ca1":0,"ca2":7,"exam":75},"Civic Education":{"ca1":2,"ca2":7,"exam":31},"Agricultural Science":{"ca1":3,"ca2":7,"exam":37},"Business Studies":{"ca1":3,"ca2":8,"exam":33},"Computer Studies":{"ca1":0,"ca2":2,"exam":77},"Home Economics":{"ca1":5,"ca2":6,"exam":70},"Physical Health Education":{"ca1":8,"ca2":7,"exam":58}}', '2026-06-15T13:17:58.078Z', '2026-06-15T13:17:58.078Z');
INSERT INTO report_extras (id, school_id, student_id, session, term, attendance, traits, comments, promotion, created_at, updated_at) VALUES ('ext-stu-JSS2-1', 'demo-school-id', 'stu-JSS2-1', '2023/2024', 'First Term', '85', '{"punctuality":4,"neatness":5,"honesty":3}', '{"principal":"A good result. You can do better with more practice.","teacher":"Neat and regular in school. Keep it up."}', '', '2026-06-15T13:17:58.078Z', '2026-06-15T13:17:58.078Z');
INSERT INTO student_links (id, school_id, student_id, user_id, link_type, created_at) VALUES ('link-stu-JSS2-1', 'demo-school-id', 'stu-JSS2-1', 'demo-parent-id', 'PARENT', '2026-06-15T13:17:58.078Z');
INSERT INTO students (id, school_id, name, admission_no, gender, class_name, created_at, updated_at) VALUES ('stu-JSS2-2', 'demo-school-id', 'Ngozi Olawale', 'ADM/2023/0052', 'Male', 'JSS 2', '2026-06-15T13:17:58.078Z', '2026-06-15T13:17:58.078Z');
INSERT INTO score_sheets (id, school_id, student_id, data, created_at, updated_at) VALUES ('score-stu-JSS2-2', 'demo-school-id', 'stu-JSS2-2', '{"Mathematics":{"ca1":1,"ca2":0,"exam":47},"English Language":{"ca1":1,"ca2":0,"exam":62},"Basic Science":{"ca1":4,"ca2":1,"exam":58},"Social Studies":{"ca1":1,"ca2":10,"exam":51},"Civic Education":{"ca1":10,"ca2":9,"exam":77},"Agricultural Science":{"ca1":5,"ca2":9,"exam":59},"Business Studies":{"ca1":9,"ca2":1,"exam":49},"Computer Studies":{"ca1":9,"ca2":6,"exam":59},"Home Economics":{"ca1":4,"ca2":7,"exam":41}}', '2026-06-15T13:17:58.078Z', '2026-06-15T13:17:58.078Z');
INSERT INTO report_extras (id, school_id, student_id, session, term, attendance, traits, comments, promotion, created_at, updated_at) VALUES ('ext-stu-JSS2-2', 'demo-school-id', 'stu-JSS2-2', '2023/2024', 'First Term', '93', '{"punctuality":5,"neatness":3,"honesty":4}', '{"principal":"A good result. You can do better with more practice.","teacher":"Neat and regular in school. Keep it up."}', '', '2026-06-15T13:17:58.078Z', '2026-06-15T13:17:58.078Z');
INSERT INTO students (id, school_id, name, admission_no, gender, class_name, created_at, updated_at) VALUES ('stu-JSS2-3', 'demo-school-id', 'Amina Sanni', 'ADM/2023/0053', 'Male', 'JSS 2', '2026-06-15T13:17:58.078Z', '2026-06-15T13:17:58.078Z');
INSERT INTO score_sheets (id, school_id, student_id, data, created_at, updated_at) VALUES ('score-stu-JSS2-3', 'demo-school-id', 'stu-JSS2-3', '{"Mathematics":{"ca1":1,"ca2":6,"exam":48},"Basic Science":{"ca1":0,"ca2":4,"exam":55},"Social Studies":{"ca1":7,"ca2":7,"exam":52},"Civic Education":{"ca1":4,"ca2":0,"exam":75},"Agricultural Science":{"ca1":9,"ca2":7,"exam":74},"Business Studies":{"ca1":6,"ca2":6,"exam":35},"Computer Studies":{"ca1":2,"ca2":8,"exam":43},"Home Economics":{"ca1":3,"ca2":9,"exam":57}}', '2026-06-15T13:17:58.078Z', '2026-06-15T13:17:58.078Z');
INSERT INTO report_extras (id, school_id, student_id, session, term, attendance, traits, comments, promotion, created_at, updated_at) VALUES ('ext-stu-JSS2-3', 'demo-school-id', 'stu-JSS2-3', '2023/2024', 'First Term', '95', '{"punctuality":5,"neatness":5,"honesty":4}', '{"principal":"Impressive grades. More focus needed in Mathematics.","teacher":"Neat and regular in school. Keep it up."}', '', '2026-06-15T13:17:58.078Z', '2026-06-15T13:17:58.078Z');
INSERT INTO students (id, school_id, name, admission_no, gender, class_name, created_at, updated_at) VALUES ('stu-JSS2-4', 'demo-school-id', 'Amina Nnaji', 'ADM/2023/0054', 'Female', 'JSS 2', '2026-06-15T13:17:58.078Z', '2026-06-15T13:17:58.078Z');
INSERT INTO score_sheets (id, school_id, student_id, data, created_at, updated_at) VALUES ('score-stu-JSS2-4', 'demo-school-id', 'stu-JSS2-4', '{"Mathematics":{"ca1":8,"ca2":8,"exam":71},"Basic Science":{"ca1":3,"ca2":6,"exam":62},"Social Studies":{"ca1":2,"ca2":4,"exam":70},"Agricultural Science":{"ca1":6,"ca2":8,"exam":68},"Business Studies":{"ca1":9,"ca2":0,"exam":32},"Computer Studies":{"ca1":2,"ca2":5,"exam":32},"Home Economics":{"ca1":5,"ca2":1,"exam":48}}', '2026-06-15T13:17:58.078Z', '2026-06-15T13:17:58.078Z');
INSERT INTO report_extras (id, school_id, student_id, session, term, attendance, traits, comments, promotion, created_at, updated_at) VALUES ('ext-stu-JSS2-4', 'demo-school-id', 'stu-JSS2-4', '2023/2024', 'First Term', '97', '{"punctuality":4,"neatness":5,"honesty":4}', '{"principal":"A good result. You can do better with more practice.","teacher":"Very active in class activities. Good job."}', '', '2026-06-15T13:17:58.078Z', '2026-06-15T13:17:58.078Z');
INSERT INTO students (id, school_id, name, admission_no, gender, class_name, created_at, updated_at) VALUES ('stu-JSS2-5', 'demo-school-id', 'Uche Okafor', 'ADM/2023/0055', 'Male', 'JSS 2', '2026-06-15T13:17:58.078Z', '2026-06-15T13:17:58.078Z');
INSERT INTO score_sheets (id, school_id, student_id, data, created_at, updated_at) VALUES ('score-stu-JSS2-5', 'demo-school-id', 'stu-JSS2-5', '{"Mathematics":{"ca1":9,"ca2":3,"exam":61},"English Language":{"ca1":5,"ca2":8,"exam":74},"Basic Science":{"ca1":3,"ca2":8,"exam":47},"Social Studies":{"ca1":2,"ca2":9,"exam":51},"Civic Education":{"ca1":9,"ca2":8,"exam":30},"Agricultural Science":{"ca1":5,"ca2":5,"exam":67},"Computer Studies":{"ca1":6,"ca2":0,"exam":38},"Home Economics":{"ca1":8,"ca2":6,"exam":66},"Physical Health Education":{"ca1":4,"ca2":1,"exam":65}}', '2026-06-15T13:17:58.078Z', '2026-06-15T13:17:58.078Z');
INSERT INTO report_extras (id, school_id, student_id, session, term, attendance, traits, comments, promotion, created_at, updated_at) VALUES ('ext-stu-JSS2-5', 'demo-school-id', 'stu-JSS2-5', '2023/2024', 'First Term', '93', '{"punctuality":3,"neatness":5,"honesty":3}', '{"principal":"Excellent result. Consistent effort shown.","teacher":"Well-behaved and respectful student."}', '', '2026-06-15T13:17:58.078Z', '2026-06-15T13:17:58.078Z');
INSERT INTO students (id, school_id, name, admission_no, gender, class_name, created_at, updated_at) VALUES ('stu-JSS2-6', 'demo-school-id', 'Ngozi Ibrahim', 'ADM/2023/0056', 'Female', 'JSS 2', '2026-06-15T13:17:58.078Z', '2026-06-15T13:17:58.078Z');
INSERT INTO score_sheets (id, school_id, student_id, data, created_at, updated_at) VALUES ('score-stu-JSS2-6', 'demo-school-id', 'stu-JSS2-6', '{"Mathematics":{"ca1":6,"ca2":3,"exam":31},"English Language":{"ca1":1,"ca2":9,"exam":45},"Basic Science":{"ca1":4,"ca2":6,"exam":75},"Social Studies":{"ca1":7,"ca2":2,"exam":37},"Civic Education":{"ca1":3,"ca2":4,"exam":66},"Agricultural Science":{"ca1":3,"ca2":10,"exam":60},"Computer Studies":{"ca1":7,"ca2":7,"exam":58},"Home Economics":{"ca1":6,"ca2":8,"exam":34},"Physical Health Education":{"ca1":6,"ca2":5,"exam":38}}', '2026-06-15T13:17:58.078Z', '2026-06-15T13:17:58.078Z');
INSERT INTO report_extras (id, school_id, student_id, session, term, attendance, traits, comments, promotion, created_at, updated_at) VALUES ('ext-stu-JSS2-6', 'demo-school-id', 'stu-JSS2-6', '2023/2024', 'First Term', '87', '{"punctuality":4,"neatness":3,"honesty":4}', '{"principal":"A good result. You can do better with more practice.","teacher":"Well-behaved and respectful student."}', '', '2026-06-15T13:17:58.078Z', '2026-06-15T13:17:58.078Z');
INSERT INTO students (id, school_id, name, admission_no, gender, class_name, created_at, updated_at) VALUES ('stu-JSS2-7', 'demo-school-id', 'Yinka Nnaji', 'ADM/2023/0057', 'Male', 'JSS 2', '2026-06-15T13:17:58.078Z', '2026-06-15T13:17:58.078Z');
INSERT INTO score_sheets (id, school_id, student_id, data, created_at, updated_at) VALUES ('score-stu-JSS2-7', 'demo-school-id', 'stu-JSS2-7', '{"Mathematics":{"ca1":10,"ca2":3,"exam":42},"Basic Science":{"ca1":2,"ca2":5,"exam":39},"Social Studies":{"ca1":8,"ca2":3,"exam":49},"Civic Education":{"ca1":7,"ca2":1,"exam":65},"Business Studies":{"ca1":0,"ca2":6,"exam":61},"Computer Studies":{"ca1":5,"ca2":6,"exam":59},"Home Economics":{"ca1":2,"ca2":5,"exam":54}}', '2026-06-15T13:17:58.078Z', '2026-06-15T13:17:58.078Z');
INSERT INTO report_extras (id, school_id, student_id, session, term, attendance, traits, comments, promotion, created_at, updated_at) VALUES ('ext-stu-JSS2-7', 'demo-school-id', 'stu-JSS2-7', '2023/2024', 'First Term', '97', '{"punctuality":4,"neatness":3,"honesty":5}', '{"principal":"Satisfactory performance. Aim for higher grades next term.","teacher":"Very active in class activities. Good job."}', '', '2026-06-15T13:17:58.078Z', '2026-06-15T13:17:58.078Z');
INSERT INTO students (id, school_id, name, admission_no, gender, class_name, created_at, updated_at) VALUES ('stu-JSS2-8', 'demo-school-id', 'Tunde Muhammed', 'ADM/2023/0058', 'Male', 'JSS 2', '2026-06-15T13:17:58.078Z', '2026-06-15T13:17:58.078Z');
INSERT INTO score_sheets (id, school_id, student_id, data, created_at, updated_at) VALUES ('score-stu-JSS2-8', 'demo-school-id', 'stu-JSS2-8', '{"Mathematics":{"ca1":2,"ca2":7,"exam":66},"English Language":{"ca1":1,"ca2":7,"exam":65},"Basic Science":{"ca1":7,"ca2":4,"exam":47},"Social Studies":{"ca1":5,"ca2":4,"exam":51},"Civic Education":{"ca1":4,"ca2":2,"exam":47},"Agricultural Science":{"ca1":10,"ca2":5,"exam":50},"Business Studies":{"ca1":5,"ca2":0,"exam":31},"Computer Studies":{"ca1":4,"ca2":4,"exam":55},"Home Economics":{"ca1":7,"ca2":3,"exam":68},"Physical Health Education":{"ca1":9,"ca2":7,"exam":73}}', '2026-06-15T13:17:58.078Z', '2026-06-15T13:17:58.078Z');
INSERT INTO report_extras (id, school_id, student_id, session, term, attendance, traits, comments, promotion, created_at, updated_at) VALUES ('ext-stu-JSS2-8', 'demo-school-id', 'stu-JSS2-8', '2023/2024', 'First Term', '87', '{"punctuality":5,"neatness":5,"honesty":5}', '{"principal":"A good result. You can do better with more practice.","teacher":"Strongly motivated and shows great potential."}', '', '2026-06-15T13:17:58.078Z', '2026-06-15T13:17:58.078Z');
INSERT INTO students (id, school_id, name, admission_no, gender, class_name, created_at, updated_at) VALUES ('stu-JSS2-9', 'demo-school-id', 'Kelechi Olawale', 'ADM/2023/0059', 'Male', 'JSS 2', '2026-06-15T13:17:58.078Z', '2026-06-15T13:17:58.078Z');
INSERT INTO score_sheets (id, school_id, student_id, data, created_at, updated_at) VALUES ('score-stu-JSS2-9', 'demo-school-id', 'stu-JSS2-9', '{"Mathematics":{"ca1":10,"ca2":7,"exam":40},"English Language":{"ca1":4,"ca2":10,"exam":56},"Basic Science":{"ca1":0,"ca2":3,"exam":62},"Social Studies":{"ca1":4,"ca2":8,"exam":60},"Civic Education":{"ca1":10,"ca2":2,"exam":69},"Agricultural Science":{"ca1":4,"ca2":4,"exam":67},"Business Studies":{"ca1":6,"ca2":9,"exam":51},"Home Economics":{"ca1":0,"ca2":10,"exam":67},"Physical Health Education":{"ca1":5,"ca2":5,"exam":48}}', '2026-06-15T13:17:58.078Z', '2026-06-15T13:17:58.078Z');
INSERT INTO report_extras (id, school_id, student_id, session, term, attendance, traits, comments, promotion, created_at, updated_at) VALUES ('ext-stu-JSS2-9', 'demo-school-id', 'stu-JSS2-9', '2023/2024', 'First Term', '92', '{"punctuality":4,"neatness":3,"honesty":4}', '{"principal":"Excellent result. Consistent effort shown.","teacher":"Very active in class activities. Good job."}', '', '2026-06-15T13:17:58.078Z', '2026-06-15T13:17:58.078Z');
INSERT INTO students (id, school_id, name, admission_no, gender, class_name, created_at, updated_at) VALUES ('stu-JSS2-10', 'demo-school-id', 'Hadiza Sanni', 'ADM/2023/0060', 'Male', 'JSS 2', '2026-06-15T13:17:58.078Z', '2026-06-15T13:17:58.078Z');
INSERT INTO score_sheets (id, school_id, student_id, data, created_at, updated_at) VALUES ('score-stu-JSS2-10', 'demo-school-id', 'stu-JSS2-10', '{"Mathematics":{"ca1":4,"ca2":6,"exam":68},"English Language":{"ca1":6,"ca2":6,"exam":58},"Basic Science":{"ca1":8,"ca2":4,"exam":30},"Social Studies":{"ca1":6,"ca2":7,"exam":65},"Civic Education":{"ca1":2,"ca2":8,"exam":62},"Agricultural Science":{"ca1":9,"ca2":1,"exam":44},"Business Studies":{"ca1":6,"ca2":5,"exam":42},"Home Economics":{"ca1":3,"ca2":9,"exam":80},"Physical Health Education":{"ca1":2,"ca2":1,"exam":73}}', '2026-06-15T13:17:58.078Z', '2026-06-15T13:17:58.078Z');
INSERT INTO report_extras (id, school_id, student_id, session, term, attendance, traits, comments, promotion, created_at, updated_at) VALUES ('ext-stu-JSS2-10', 'demo-school-id', 'stu-JSS2-10', '2023/2024', 'First Term', '99', '{"punctuality":3,"neatness":4,"honesty":4}', '{"principal":"Impressive grades. More focus needed in Mathematics.","teacher":"Neat and regular in school. Keep it up."}', '', '2026-06-15T13:17:58.078Z', '2026-06-15T13:17:58.078Z');
INSERT INTO students (id, school_id, name, admission_no, gender, class_name, created_at, updated_at) VALUES ('stu-JSS2-11', 'demo-school-id', 'Mustapha Sanni', 'ADM/2023/0061', 'Male', 'JSS 2', '2026-06-15T13:17:58.078Z', '2026-06-15T13:17:58.078Z');
INSERT INTO score_sheets (id, school_id, student_id, data, created_at, updated_at) VALUES ('score-stu-JSS2-11', 'demo-school-id', 'stu-JSS2-11', '{"Mathematics":{"ca1":10,"ca2":0,"exam":79},"English Language":{"ca1":7,"ca2":10,"exam":46},"Social Studies":{"ca1":9,"ca2":7,"exam":75},"Civic Education":{"ca1":3,"ca2":3,"exam":80},"Agricultural Science":{"ca1":8,"ca2":4,"exam":34},"Business Studies":{"ca1":10,"ca2":4,"exam":32},"Computer Studies":{"ca1":3,"ca2":8,"exam":63},"Home Economics":{"ca1":8,"ca2":7,"exam":30},"Physical Health Education":{"ca1":8,"ca2":10,"exam":48}}', '2026-06-15T13:17:58.078Z', '2026-06-15T13:17:58.078Z');
INSERT INTO report_extras (id, school_id, student_id, session, term, attendance, traits, comments, promotion, created_at, updated_at) VALUES ('ext-stu-JSS2-11', 'demo-school-id', 'stu-JSS2-11', '2023/2024', 'First Term', '91', '{"punctuality":3,"neatness":5,"honesty":3}', '{"principal":"A good result. You can do better with more practice.","teacher":"A dedicated and hardworking student."}', '', '2026-06-15T13:17:58.078Z', '2026-06-15T13:17:58.078Z');
INSERT INTO students (id, school_id, name, admission_no, gender, class_name, created_at, updated_at) VALUES ('stu-JSS2-12', 'demo-school-id', 'Zainab Garba', 'ADM/2023/0062', 'Female', 'JSS 2', '2026-06-15T13:17:58.078Z', '2026-06-15T13:17:58.078Z');
INSERT INTO score_sheets (id, school_id, student_id, data, created_at, updated_at) VALUES ('score-stu-JSS2-12', 'demo-school-id', 'stu-JSS2-12', '{"Mathematics":{"ca1":3,"ca2":8,"exam":31},"English Language":{"ca1":2,"ca2":9,"exam":65},"Basic Science":{"ca1":7,"ca2":3,"exam":45},"Social Studies":{"ca1":9,"ca2":1,"exam":62},"Civic Education":{"ca1":0,"ca2":0,"exam":31},"Agricultural Science":{"ca1":3,"ca2":0,"exam":41},"Business Studies":{"ca1":8,"ca2":5,"exam":45},"Computer Studies":{"ca1":7,"ca2":2,"exam":47},"Home Economics":{"ca1":4,"ca2":3,"exam":59},"Physical Health Education":{"ca1":6,"ca2":3,"exam":70}}', '2026-06-15T13:17:58.078Z', '2026-06-15T13:17:58.078Z');
INSERT INTO report_extras (id, school_id, student_id, session, term, attendance, traits, comments, promotion, created_at, updated_at) VALUES ('ext-stu-JSS2-12', 'demo-school-id', 'stu-JSS2-12', '2023/2024', 'First Term', '95', '{"punctuality":5,"neatness":4,"honesty":4}', '{"principal":"Excellent result. Consistent effort shown.","teacher":"Well-behaved and respectful student."}', '', '2026-06-15T13:17:58.078Z', '2026-06-15T13:17:58.078Z');
INSERT INTO students (id, school_id, name, admission_no, gender, class_name, created_at, updated_at) VALUES ('stu-JSS2-13', 'demo-school-id', 'Fatima Ani', 'ADM/2023/0063', 'Female', 'JSS 2', '2026-06-15T13:17:58.078Z', '2026-06-15T13:17:58.078Z');
INSERT INTO score_sheets (id, school_id, student_id, data, created_at, updated_at) VALUES ('score-stu-JSS2-13', 'demo-school-id', 'stu-JSS2-13', '{"Mathematics":{"ca1":6,"ca2":6,"exam":46},"English Language":{"ca1":5,"ca2":2,"exam":34},"Basic Science":{"ca1":7,"ca2":4,"exam":30},"Social Studies":{"ca1":3,"ca2":3,"exam":42},"Agricultural Science":{"ca1":6,"ca2":8,"exam":79},"Business Studies":{"ca1":3,"ca2":4,"exam":39},"Computer Studies":{"ca1":1,"ca2":6,"exam":39},"Home Economics":{"ca1":7,"ca2":9,"exam":44},"Physical Health Education":{"ca1":1,"ca2":0,"exam":73}}', '2026-06-15T13:17:58.078Z', '2026-06-15T13:17:58.078Z');
INSERT INTO report_extras (id, school_id, student_id, session, term, attendance, traits, comments, promotion, created_at, updated_at) VALUES ('ext-stu-JSS2-13', 'demo-school-id', 'stu-JSS2-13', '2023/2024', 'First Term', '87', '{"punctuality":3,"neatness":4,"honesty":3}', '{"principal":"Satisfactory performance. Aim for higher grades next term.","teacher":"A dedicated and hardworking student."}', '', '2026-06-15T13:17:58.078Z', '2026-06-15T13:17:58.078Z');
INSERT INTO students (id, school_id, name, admission_no, gender, class_name, created_at, updated_at) VALUES ('stu-JSS2-14', 'demo-school-id', 'Folake Eze', 'ADM/2023/0064', 'Male', 'JSS 2', '2026-06-15T13:17:58.078Z', '2026-06-15T13:17:58.078Z');
INSERT INTO score_sheets (id, school_id, student_id, data, created_at, updated_at) VALUES ('score-stu-JSS2-14', 'demo-school-id', 'stu-JSS2-14', '{"Mathematics":{"ca1":8,"ca2":7,"exam":48},"English Language":{"ca1":2,"ca2":8,"exam":51},"Basic Science":{"ca1":7,"ca2":7,"exam":48},"Social Studies":{"ca1":3,"ca2":3,"exam":74},"Civic Education":{"ca1":7,"ca2":2,"exam":76},"Agricultural Science":{"ca1":0,"ca2":6,"exam":55},"Business Studies":{"ca1":8,"ca2":1,"exam":49},"Computer Studies":{"ca1":3,"ca2":3,"exam":43},"Home Economics":{"ca1":5,"ca2":9,"exam":50},"Physical Health Education":{"ca1":10,"ca2":10,"exam":37}}', '2026-06-15T13:17:58.078Z', '2026-06-15T13:17:58.078Z');
INSERT INTO report_extras (id, school_id, student_id, session, term, attendance, traits, comments, promotion, created_at, updated_at) VALUES ('ext-stu-JSS2-14', 'demo-school-id', 'stu-JSS2-14', '2023/2024', 'First Term', '88', '{"punctuality":5,"neatness":4,"honesty":3}', '{"principal":"A good result. You can do better with more practice.","teacher":"A dedicated and hardworking student."}', '', '2026-06-15T13:17:58.078Z', '2026-06-15T13:17:58.078Z');
INSERT INTO students (id, school_id, name, admission_no, gender, class_name, created_at, updated_at) VALUES ('stu-JSS2-15', 'demo-school-id', 'Folake Chukwuma', 'ADM/2023/0065', 'Male', 'JSS 2', '2026-06-15T13:17:58.078Z', '2026-06-15T13:17:58.078Z');
INSERT INTO score_sheets (id, school_id, student_id, data, created_at, updated_at) VALUES ('score-stu-JSS2-15', 'demo-school-id', 'stu-JSS2-15', '{"Mathematics":{"ca1":5,"ca2":8,"exam":36},"English Language":{"ca1":8,"ca2":6,"exam":78},"Basic Science":{"ca1":4,"ca2":10,"exam":73},"Social Studies":{"ca1":9,"ca2":6,"exam":53},"Civic Education":{"ca1":0,"ca2":2,"exam":48},"Business Studies":{"ca1":6,"ca2":7,"exam":59},"Computer Studies":{"ca1":6,"ca2":4,"exam":45},"Home Economics":{"ca1":6,"ca2":9,"exam":72},"Physical Health Education":{"ca1":4,"ca2":3,"exam":33}}', '2026-06-15T13:17:58.078Z', '2026-06-15T13:17:58.078Z');
INSERT INTO report_extras (id, school_id, student_id, session, term, attendance, traits, comments, promotion, created_at, updated_at) VALUES ('ext-stu-JSS2-15', 'demo-school-id', 'stu-JSS2-15', '2023/2024', 'First Term', '97', '{"punctuality":5,"neatness":5,"honesty":3}', '{"principal":"Satisfactory performance. Aim for higher grades next term.","teacher":"Strongly motivated and shows great potential."}', '', '2026-06-15T13:17:58.078Z', '2026-06-15T13:17:58.078Z');
INSERT INTO students (id, school_id, name, admission_no, gender, class_name, created_at, updated_at) VALUES ('stu-JSS2-16', 'demo-school-id', 'Chinelo Ibrahim', 'ADM/2023/0066', 'Male', 'JSS 2', '2026-06-15T13:17:58.078Z', '2026-06-15T13:17:58.078Z');
INSERT INTO score_sheets (id, school_id, student_id, data, created_at, updated_at) VALUES ('score-stu-JSS2-16', 'demo-school-id', 'stu-JSS2-16', '{"Mathematics":{"ca1":4,"ca2":9,"exam":61},"English Language":{"ca1":7,"ca2":7,"exam":71},"Basic Science":{"ca1":0,"ca2":8,"exam":64},"Social Studies":{"ca1":0,"ca2":8,"exam":35},"Computer Studies":{"ca1":2,"ca2":1,"exam":78},"Home Economics":{"ca1":3,"ca2":6,"exam":32},"Physical Health Education":{"ca1":1,"ca2":4,"exam":76}}', '2026-06-15T13:17:58.078Z', '2026-06-15T13:17:58.078Z');
INSERT INTO report_extras (id, school_id, student_id, session, term, attendance, traits, comments, promotion, created_at, updated_at) VALUES ('ext-stu-JSS2-16', 'demo-school-id', 'stu-JSS2-16', '2023/2024', 'First Term', '91', '{"punctuality":3,"neatness":5,"honesty":3}', '{"principal":"Excellent result. Consistent effort shown.","teacher":"A dedicated and hardworking student."}', '', '2026-06-15T13:17:58.078Z', '2026-06-15T13:17:58.078Z');
INSERT INTO students (id, school_id, name, admission_no, gender, class_name, created_at, updated_at) VALUES ('stu-JSS2-17', 'demo-school-id', 'Amina Lawal', 'ADM/2023/0067', 'Male', 'JSS 2', '2026-06-15T13:17:58.078Z', '2026-06-15T13:17:58.078Z');
INSERT INTO score_sheets (id, school_id, student_id, data, created_at, updated_at) VALUES ('score-stu-JSS2-17', 'demo-school-id', 'stu-JSS2-17', '{"Mathematics":{"ca1":10,"ca2":0,"exam":47},"English Language":{"ca1":4,"ca2":9,"exam":72},"Basic Science":{"ca1":8,"ca2":3,"exam":49},"Social Studies":{"ca1":2,"ca2":10,"exam":43},"Civic Education":{"ca1":10,"ca2":2,"exam":40},"Agricultural Science":{"ca1":10,"ca2":6,"exam":63},"Business Studies":{"ca1":2,"ca2":5,"exam":77},"Home Economics":{"ca1":0,"ca2":5,"exam":33}}', '2026-06-15T13:17:58.078Z', '2026-06-15T13:17:58.078Z');
INSERT INTO report_extras (id, school_id, student_id, session, term, attendance, traits, comments, promotion, created_at, updated_at) VALUES ('ext-stu-JSS2-17', 'demo-school-id', 'stu-JSS2-17', '2023/2024', 'First Term', '95', '{"punctuality":3,"neatness":3,"honesty":4}', '{"principal":"A good result. You can do better with more practice.","teacher":"A dedicated and hardworking student."}', '', '2026-06-15T13:17:58.078Z', '2026-06-15T13:17:58.078Z');
INSERT INTO students (id, school_id, name, admission_no, gender, class_name, created_at, updated_at) VALUES ('stu-JSS2-18', 'demo-school-id', 'Ibrahim Nnaji', 'ADM/2023/0068', 'Male', 'JSS 2', '2026-06-15T13:17:58.078Z', '2026-06-15T13:17:58.078Z');
INSERT INTO score_sheets (id, school_id, student_id, data, created_at, updated_at) VALUES ('score-stu-JSS2-18', 'demo-school-id', 'stu-JSS2-18', '{"Mathematics":{"ca1":0,"ca2":1,"exam":40},"English Language":{"ca1":6,"ca2":0,"exam":36},"Basic Science":{"ca1":7,"ca2":10,"exam":79},"Social Studies":{"ca1":10,"ca2":1,"exam":49},"Civic Education":{"ca1":7,"ca2":9,"exam":53},"Business Studies":{"ca1":7,"ca2":9,"exam":32},"Computer Studies":{"ca1":2,"ca2":3,"exam":49},"Home Economics":{"ca1":3,"ca2":5,"exam":66},"Physical Health Education":{"ca1":6,"ca2":2,"exam":66}}', '2026-06-15T13:17:58.078Z', '2026-06-15T13:17:58.078Z');
INSERT INTO report_extras (id, school_id, student_id, session, term, attendance, traits, comments, promotion, created_at, updated_at) VALUES ('ext-stu-JSS2-18', 'demo-school-id', 'stu-JSS2-18', '2023/2024', 'First Term', '90', '{"punctuality":4,"neatness":5,"honesty":3}', '{"principal":"A good result. You can do better with more practice.","teacher":"Well-behaved and respectful student."}', '', '2026-06-15T13:17:58.078Z', '2026-06-15T13:17:58.078Z');
INSERT INTO students (id, school_id, name, admission_no, gender, class_name, created_at, updated_at) VALUES ('stu-JSS2-19', 'demo-school-id', 'Zainab Nwosu', 'ADM/2023/0069', 'Female', 'JSS 2', '2026-06-15T13:17:58.078Z', '2026-06-15T13:17:58.078Z');
INSERT INTO score_sheets (id, school_id, student_id, data, created_at, updated_at) VALUES ('score-stu-JSS2-19', 'demo-school-id', 'stu-JSS2-19', '{"Mathematics":{"ca1":2,"ca2":9,"exam":67},"English Language":{"ca1":10,"ca2":7,"exam":31},"Basic Science":{"ca1":3,"ca2":2,"exam":74},"Social Studies":{"ca1":3,"ca2":10,"exam":55},"Civic Education":{"ca1":0,"ca2":7,"exam":72},"Agricultural Science":{"ca1":9,"ca2":5,"exam":50},"Business Studies":{"ca1":5,"ca2":7,"exam":70},"Computer Studies":{"ca1":9,"ca2":7,"exam":48},"Home Economics":{"ca1":7,"ca2":3,"exam":73},"Physical Health Education":{"ca1":4,"ca2":8,"exam":71}}', '2026-06-15T13:17:58.078Z', '2026-06-15T13:17:58.078Z');
INSERT INTO report_extras (id, school_id, student_id, session, term, attendance, traits, comments, promotion, created_at, updated_at) VALUES ('ext-stu-JSS2-19', 'demo-school-id', 'stu-JSS2-19', '2023/2024', 'First Term', '91', '{"punctuality":4,"neatness":4,"honesty":4}', '{"principal":"Excellent result. Consistent effort shown.","teacher":"Very active in class activities. Good job."}', '', '2026-06-15T13:17:58.078Z', '2026-06-15T13:17:58.078Z');
INSERT INTO students (id, school_id, name, admission_no, gender, class_name, created_at, updated_at) VALUES ('stu-JSS2-20', 'demo-school-id', 'Babatunde Lawal', 'ADM/2023/0070', 'Female', 'JSS 2', '2026-06-15T13:17:58.078Z', '2026-06-15T13:17:58.078Z');
INSERT INTO score_sheets (id, school_id, student_id, data, created_at, updated_at) VALUES ('score-stu-JSS2-20', 'demo-school-id', 'stu-JSS2-20', '{"Mathematics":{"ca1":0,"ca2":4,"exam":66},"English Language":{"ca1":7,"ca2":9,"exam":40},"Basic Science":{"ca1":5,"ca2":5,"exam":33},"Social Studies":{"ca1":7,"ca2":1,"exam":80},"Agricultural Science":{"ca1":5,"ca2":3,"exam":38},"Business Studies":{"ca1":2,"ca2":6,"exam":64},"Computer Studies":{"ca1":9,"ca2":4,"exam":34},"Physical Health Education":{"ca1":0,"ca2":4,"exam":49}}', '2026-06-15T13:17:58.078Z', '2026-06-15T13:17:58.078Z');
INSERT INTO report_extras (id, school_id, student_id, session, term, attendance, traits, comments, promotion, created_at, updated_at) VALUES ('ext-stu-JSS2-20', 'demo-school-id', 'stu-JSS2-20', '2023/2024', 'First Term', '85', '{"punctuality":3,"neatness":3,"honesty":5}', '{"principal":"A very brilliant performance. Keep it up.","teacher":"Very active in class activities. Good job."}', '', '2026-06-15T13:17:58.078Z', '2026-06-15T13:17:58.078Z');
INSERT INTO students (id, school_id, name, admission_no, gender, class_name, created_at, updated_at) VALUES ('stu-JSS2-21', 'demo-school-id', 'Zainab Balogun', 'ADM/2023/0071', 'Male', 'JSS 2', '2026-06-15T13:17:58.078Z', '2026-06-15T13:17:58.078Z');
INSERT INTO score_sheets (id, school_id, student_id, data, created_at, updated_at) VALUES ('score-stu-JSS2-21', 'demo-school-id', 'stu-JSS2-21', '{"Mathematics":{"ca1":1,"ca2":10,"exam":34},"English Language":{"ca1":0,"ca2":2,"exam":51},"Basic Science":{"ca1":5,"ca2":6,"exam":46},"Social Studies":{"ca1":7,"ca2":6,"exam":73},"Civic Education":{"ca1":1,"ca2":1,"exam":50},"Agricultural Science":{"ca1":5,"ca2":0,"exam":31},"Business Studies":{"ca1":1,"ca2":9,"exam":73},"Computer Studies":{"ca1":6,"ca2":6,"exam":44},"Home Economics":{"ca1":8,"ca2":1,"exam":66},"Physical Health Education":{"ca1":7,"ca2":10,"exam":67}}', '2026-06-15T13:17:58.078Z', '2026-06-15T13:17:58.078Z');
INSERT INTO report_extras (id, school_id, student_id, session, term, attendance, traits, comments, promotion, created_at, updated_at) VALUES ('ext-stu-JSS2-21', 'demo-school-id', 'stu-JSS2-21', '2023/2024', 'First Term', '85', '{"punctuality":5,"neatness":3,"honesty":4}', '{"principal":"A good result. You can do better with more practice.","teacher":"Very active in class activities. Good job."}', '', '2026-06-15T13:17:58.078Z', '2026-06-15T13:17:58.078Z');
INSERT INTO students (id, school_id, name, admission_no, gender, class_name, created_at, updated_at) VALUES ('stu-JSS2-22', 'demo-school-id', 'Aisha Abubakar', 'ADM/2023/0072', 'Male', 'JSS 2', '2026-06-15T13:17:58.078Z', '2026-06-15T13:17:58.078Z');
INSERT INTO score_sheets (id, school_id, student_id, data, created_at, updated_at) VALUES ('score-stu-JSS2-22', 'demo-school-id', 'stu-JSS2-22', '{"Mathematics":{"ca1":10,"ca2":4,"exam":40},"English Language":{"ca1":0,"ca2":2,"exam":60},"Basic Science":{"ca1":4,"ca2":10,"exam":33},"Social Studies":{"ca1":1,"ca2":2,"exam":68},"Civic Education":{"ca1":8,"ca2":10,"exam":42},"Agricultural Science":{"ca1":8,"ca2":7,"exam":80},"Business Studies":{"ca1":4,"ca2":0,"exam":32},"Computer Studies":{"ca1":9,"ca2":4,"exam":47},"Home Economics":{"ca1":9,"ca2":8,"exam":69},"Physical Health Education":{"ca1":7,"ca2":0,"exam":70}}', '2026-06-15T13:17:58.078Z', '2026-06-15T13:17:58.078Z');
INSERT INTO report_extras (id, school_id, student_id, session, term, attendance, traits, comments, promotion, created_at, updated_at) VALUES ('ext-stu-JSS2-22', 'demo-school-id', 'stu-JSS2-22', '2023/2024', 'First Term', '93', '{"punctuality":4,"neatness":4,"honesty":3}', '{"principal":"A good result. You can do better with more practice.","teacher":"Strongly motivated and shows great potential."}', '', '2026-06-15T13:17:58.078Z', '2026-06-15T13:17:58.078Z');
INSERT INTO students (id, school_id, name, admission_no, gender, class_name, created_at, updated_at) VALUES ('stu-JSS2-23', 'demo-school-id', 'Emeka Sanni', 'ADM/2023/0073', 'Male', 'JSS 2', '2026-06-15T13:17:58.078Z', '2026-06-15T13:17:58.078Z');
INSERT INTO score_sheets (id, school_id, student_id, data, created_at, updated_at) VALUES ('score-stu-JSS2-23', 'demo-school-id', 'stu-JSS2-23', '{"Mathematics":{"ca1":3,"ca2":1,"exam":39},"English Language":{"ca1":7,"ca2":0,"exam":76},"Basic Science":{"ca1":10,"ca2":2,"exam":57},"Social Studies":{"ca1":8,"ca2":7,"exam":59},"Civic Education":{"ca1":10,"ca2":7,"exam":49},"Agricultural Science":{"ca1":1,"ca2":6,"exam":63},"Business Studies":{"ca1":7,"ca2":1,"exam":46},"Computer Studies":{"ca1":2,"ca2":2,"exam":74},"Home Economics":{"ca1":4,"ca2":7,"exam":31},"Physical Health Education":{"ca1":2,"ca2":10,"exam":60}}', '2026-06-15T13:17:58.078Z', '2026-06-15T13:17:58.078Z');
INSERT INTO report_extras (id, school_id, student_id, session, term, attendance, traits, comments, promotion, created_at, updated_at) VALUES ('ext-stu-JSS2-23', 'demo-school-id', 'stu-JSS2-23', '2023/2024', 'First Term', '92', '{"punctuality":5,"neatness":4,"honesty":3}', '{"principal":"Satisfactory performance. Aim for higher grades next term.","teacher":"Neat and regular in school. Keep it up."}', '', '2026-06-15T13:17:58.078Z', '2026-06-15T13:17:58.078Z');
INSERT INTO students (id, school_id, name, admission_no, gender, class_name, created_at, updated_at) VALUES ('stu-JSS2-24', 'demo-school-id', 'Yinka Okonkwo', 'ADM/2023/0074', 'Male', 'JSS 2', '2026-06-15T13:17:58.078Z', '2026-06-15T13:17:58.078Z');
INSERT INTO score_sheets (id, school_id, student_id, data, created_at, updated_at) VALUES ('score-stu-JSS2-24', 'demo-school-id', 'stu-JSS2-24', '{"Mathematics":{"ca1":6,"ca2":10,"exam":31},"English Language":{"ca1":8,"ca2":0,"exam":52},"Basic Science":{"ca1":5,"ca2":5,"exam":76},"Social Studies":{"ca1":0,"ca2":1,"exam":33},"Civic Education":{"ca1":3,"ca2":7,"exam":61},"Agricultural Science":{"ca1":2,"ca2":6,"exam":67},"Business Studies":{"ca1":6,"ca2":7,"exam":62},"Computer Studies":{"ca1":3,"ca2":1,"exam":73},"Home Economics":{"ca1":3,"ca2":7,"exam":60},"Physical Health Education":{"ca1":7,"ca2":5,"exam":71}}', '2026-06-15T13:17:58.078Z', '2026-06-15T13:17:58.078Z');
INSERT INTO report_extras (id, school_id, student_id, session, term, attendance, traits, comments, promotion, created_at, updated_at) VALUES ('ext-stu-JSS2-24', 'demo-school-id', 'stu-JSS2-24', '2023/2024', 'First Term', '88', '{"punctuality":4,"neatness":5,"honesty":3}', '{"principal":"Excellent result. Consistent effort shown.","teacher":"Very active in class activities. Good job."}', '', '2026-06-15T13:17:58.078Z', '2026-06-15T13:17:58.078Z');
INSERT INTO students (id, school_id, name, admission_no, gender, class_name, created_at, updated_at) VALUES ('stu-JSS2-25', 'demo-school-id', 'Musa Adebayo', 'ADM/2023/0075', 'Female', 'JSS 2', '2026-06-15T13:17:58.078Z', '2026-06-15T13:17:58.078Z');
INSERT INTO score_sheets (id, school_id, student_id, data, created_at, updated_at) VALUES ('score-stu-JSS2-25', 'demo-school-id', 'stu-JSS2-25', '{"Mathematics":{"ca1":10,"ca2":8,"exam":75},"English Language":{"ca1":2,"ca2":9,"exam":67},"Basic Science":{"ca1":3,"ca2":1,"exam":75},"Social Studies":{"ca1":0,"ca2":4,"exam":78},"Civic Education":{"ca1":4,"ca2":1,"exam":47},"Business Studies":{"ca1":7,"ca2":6,"exam":59},"Computer Studies":{"ca1":3,"ca2":10,"exam":73},"Physical Health Education":{"ca1":7,"ca2":6,"exam":67}}', '2026-06-15T13:17:58.078Z', '2026-06-15T13:17:58.078Z');
INSERT INTO report_extras (id, school_id, student_id, session, term, attendance, traits, comments, promotion, created_at, updated_at) VALUES ('ext-stu-JSS2-25', 'demo-school-id', 'stu-JSS2-25', '2023/2024', 'First Term', '95', '{"punctuality":5,"neatness":4,"honesty":4}', '{"principal":"Satisfactory performance. Aim for higher grades next term.","teacher":"Very active in class activities. Good job."}', '', '2026-06-15T13:17:58.078Z', '2026-06-15T13:17:58.078Z');
INSERT INTO students (id, school_id, name, admission_no, gender, class_name, created_at, updated_at) VALUES ('stu-JSS2-26', 'demo-school-id', 'Tunde Chukwuma', 'ADM/2023/0076', 'Female', 'JSS 2', '2026-06-15T13:17:58.078Z', '2026-06-15T13:17:58.078Z');
INSERT INTO score_sheets (id, school_id, student_id, data, created_at, updated_at) VALUES ('score-stu-JSS2-26', 'demo-school-id', 'stu-JSS2-26', '{"English Language":{"ca1":1,"ca2":10,"exam":68},"Civic Education":{"ca1":2,"ca2":8,"exam":71},"Agricultural Science":{"ca1":10,"ca2":7,"exam":66},"Business Studies":{"ca1":7,"ca2":2,"exam":57},"Computer Studies":{"ca1":5,"ca2":3,"exam":57},"Home Economics":{"ca1":1,"ca2":9,"exam":41},"Physical Health Education":{"ca1":5,"ca2":7,"exam":48}}', '2026-06-15T13:17:58.078Z', '2026-06-15T13:17:58.078Z');
INSERT INTO report_extras (id, school_id, student_id, session, term, attendance, traits, comments, promotion, created_at, updated_at) VALUES ('ext-stu-JSS2-26', 'demo-school-id', 'stu-JSS2-26', '2023/2024', 'First Term', '87', '{"punctuality":3,"neatness":4,"honesty":5}', '{"principal":"A very brilliant performance. Keep it up.","teacher":"Very active in class activities. Good job."}', '', '2026-06-15T13:17:58.078Z', '2026-06-15T13:17:58.078Z');
INSERT INTO students (id, school_id, name, admission_no, gender, class_name, created_at, updated_at) VALUES ('stu-JSS2-27', 'demo-school-id', 'Oluwaseun Muhammed', 'ADM/2023/0077', 'Male', 'JSS 2', '2026-06-15T13:17:58.078Z', '2026-06-15T13:17:58.078Z');
INSERT INTO score_sheets (id, school_id, student_id, data, created_at, updated_at) VALUES ('score-stu-JSS2-27', 'demo-school-id', 'stu-JSS2-27', '{"Mathematics":{"ca1":8,"ca2":3,"exam":43},"English Language":{"ca1":5,"ca2":1,"exam":42},"Basic Science":{"ca1":8,"ca2":0,"exam":41},"Social Studies":{"ca1":6,"ca2":7,"exam":47},"Civic Education":{"ca1":5,"ca2":2,"exam":76},"Business Studies":{"ca1":2,"ca2":7,"exam":69},"Home Economics":{"ca1":9,"ca2":2,"exam":42},"Physical Health Education":{"ca1":0,"ca2":8,"exam":38}}', '2026-06-15T13:17:58.078Z', '2026-06-15T13:17:58.078Z');
INSERT INTO report_extras (id, school_id, student_id, session, term, attendance, traits, comments, promotion, created_at, updated_at) VALUES ('ext-stu-JSS2-27', 'demo-school-id', 'stu-JSS2-27', '2023/2024', 'First Term', '90', '{"punctuality":4,"neatness":3,"honesty":3}', '{"principal":"Satisfactory performance. Aim for higher grades next term.","teacher":"Neat and regular in school. Keep it up."}', '', '2026-06-15T13:17:58.078Z', '2026-06-15T13:17:58.078Z');
INSERT INTO students (id, school_id, name, admission_no, gender, class_name, created_at, updated_at) VALUES ('stu-JSS2-28', 'demo-school-id', 'Babatunde Sanni', 'ADM/2023/0078', 'Male', 'JSS 2', '2026-06-15T13:17:58.078Z', '2026-06-15T13:17:58.078Z');
INSERT INTO score_sheets (id, school_id, student_id, data, created_at, updated_at) VALUES ('score-stu-JSS2-28', 'demo-school-id', 'stu-JSS2-28', '{"Mathematics":{"ca1":2,"ca2":9,"exam":65},"English Language":{"ca1":1,"ca2":6,"exam":43},"Basic Science":{"ca1":4,"ca2":6,"exam":53},"Social Studies":{"ca1":7,"ca2":1,"exam":59},"Civic Education":{"ca1":8,"ca2":10,"exam":49},"Computer Studies":{"ca1":7,"ca2":6,"exam":66},"Home Economics":{"ca1":0,"ca2":7,"exam":51}}', '2026-06-15T13:17:58.078Z', '2026-06-15T13:17:58.078Z');
INSERT INTO report_extras (id, school_id, student_id, session, term, attendance, traits, comments, promotion, created_at, updated_at) VALUES ('ext-stu-JSS2-28', 'demo-school-id', 'stu-JSS2-28', '2023/2024', 'First Term', '93', '{"punctuality":3,"neatness":4,"honesty":5}', '{"principal":"Excellent result. Consistent effort shown.","teacher":"Neat and regular in school. Keep it up."}', '', '2026-06-15T13:17:58.078Z', '2026-06-15T13:17:58.078Z');
INSERT INTO students (id, school_id, name, admission_no, gender, class_name, created_at, updated_at) VALUES ('stu-JSS2-29', 'demo-school-id', 'Aisha Sanni', 'ADM/2023/0079', 'Male', 'JSS 2', '2026-06-15T13:17:58.078Z', '2026-06-15T13:17:58.078Z');
INSERT INTO score_sheets (id, school_id, student_id, data, created_at, updated_at) VALUES ('score-stu-JSS2-29', 'demo-school-id', 'stu-JSS2-29', '{"Mathematics":{"ca1":10,"ca2":1,"exam":72},"English Language":{"ca1":8,"ca2":10,"exam":59},"Basic Science":{"ca1":1,"ca2":7,"exam":51},"Social Studies":{"ca1":8,"ca2":0,"exam":57},"Civic Education":{"ca1":1,"ca2":0,"exam":53},"Agricultural Science":{"ca1":5,"ca2":10,"exam":59},"Computer Studies":{"ca1":6,"ca2":3,"exam":44},"Home Economics":{"ca1":3,"ca2":9,"exam":71}}', '2026-06-15T13:17:58.078Z', '2026-06-15T13:17:58.078Z');
INSERT INTO report_extras (id, school_id, student_id, session, term, attendance, traits, comments, promotion, created_at, updated_at) VALUES ('ext-stu-JSS2-29', 'demo-school-id', 'stu-JSS2-29', '2023/2024', 'First Term', '92', '{"punctuality":3,"neatness":4,"honesty":3}', '{"principal":"A very brilliant performance. Keep it up.","teacher":"Well-behaved and respectful student."}', '', '2026-06-15T13:17:58.078Z', '2026-06-15T13:17:58.078Z');
INSERT INTO students (id, school_id, name, admission_no, gender, class_name, created_at, updated_at) VALUES ('stu-JSS2-30', 'demo-school-id', 'Yinka Abubakar', 'ADM/2023/0080', 'Female', 'JSS 2', '2026-06-15T13:17:58.078Z', '2026-06-15T13:17:58.078Z');
INSERT INTO score_sheets (id, school_id, student_id, data, created_at, updated_at) VALUES ('score-stu-JSS2-30', 'demo-school-id', 'stu-JSS2-30', '{"Mathematics":{"ca1":10,"ca2":7,"exam":35},"English Language":{"ca1":0,"ca2":6,"exam":66},"Social Studies":{"ca1":0,"ca2":3,"exam":38},"Civic Education":{"ca1":9,"ca2":2,"exam":60},"Agricultural Science":{"ca1":7,"ca2":8,"exam":38},"Business Studies":{"ca1":3,"ca2":10,"exam":72},"Computer Studies":{"ca1":2,"ca2":0,"exam":76},"Physical Health Education":{"ca1":10,"ca2":3,"exam":58}}', '2026-06-15T13:17:58.078Z', '2026-06-15T13:17:58.078Z');
INSERT INTO report_extras (id, school_id, student_id, session, term, attendance, traits, comments, promotion, created_at, updated_at) VALUES ('ext-stu-JSS2-30', 'demo-school-id', 'stu-JSS2-30', '2023/2024', 'First Term', '99', '{"punctuality":4,"neatness":4,"honesty":3}', '{"principal":"Impressive grades. More focus needed in Mathematics.","teacher":"Very active in class activities. Good job."}', '', '2026-06-15T13:17:58.078Z', '2026-06-15T13:17:58.078Z');
INSERT INTO students (id, school_id, name, admission_no, gender, class_name, created_at, updated_at) VALUES ('stu-JSS2-31', 'demo-school-id', 'Kelechi Garba', 'ADM/2023/0081', 'Female', 'JSS 2', '2026-06-15T13:17:58.078Z', '2026-06-15T13:17:58.078Z');
INSERT INTO score_sheets (id, school_id, student_id, data, created_at, updated_at) VALUES ('score-stu-JSS2-31', 'demo-school-id', 'stu-JSS2-31', '{"Mathematics":{"ca1":6,"ca2":2,"exam":79},"English Language":{"ca1":9,"ca2":4,"exam":49},"Basic Science":{"ca1":0,"ca2":9,"exam":61},"Social Studies":{"ca1":10,"ca2":1,"exam":79},"Civic Education":{"ca1":10,"ca2":0,"exam":61},"Agricultural Science":{"ca1":0,"ca2":7,"exam":78},"Business Studies":{"ca1":4,"ca2":1,"exam":72},"Computer Studies":{"ca1":8,"ca2":7,"exam":60},"Home Economics":{"ca1":6,"ca2":4,"exam":67},"Physical Health Education":{"ca1":1,"ca2":8,"exam":49}}', '2026-06-15T13:17:58.078Z', '2026-06-15T13:17:58.078Z');
INSERT INTO report_extras (id, school_id, student_id, session, term, attendance, traits, comments, promotion, created_at, updated_at) VALUES ('ext-stu-JSS2-31', 'demo-school-id', 'stu-JSS2-31', '2023/2024', 'First Term', '94', '{"punctuality":5,"neatness":3,"honesty":5}', '{"principal":"A very brilliant performance. Keep it up.","teacher":"Very active in class activities. Good job."}', '', '2026-06-15T13:17:58.078Z', '2026-06-15T13:17:58.078Z');
INSERT INTO students (id, school_id, name, admission_no, gender, class_name, created_at, updated_at) VALUES ('stu-JSS2-32', 'demo-school-id', 'Hadiza Nwosu', 'ADM/2023/0082', 'Female', 'JSS 2', '2026-06-15T13:17:58.078Z', '2026-06-15T13:17:58.078Z');
INSERT INTO score_sheets (id, school_id, student_id, data, created_at, updated_at) VALUES ('score-stu-JSS2-32', 'demo-school-id', 'stu-JSS2-32', '{"Mathematics":{"ca1":2,"ca2":10,"exam":72},"English Language":{"ca1":10,"ca2":1,"exam":66},"Basic Science":{"ca1":4,"ca2":4,"exam":70},"Social Studies":{"ca1":10,"ca2":7,"exam":64},"Civic Education":{"ca1":2,"ca2":7,"exam":53},"Agricultural Science":{"ca1":4,"ca2":6,"exam":33},"Business Studies":{"ca1":0,"ca2":0,"exam":57},"Computer Studies":{"ca1":0,"ca2":0,"exam":64},"Physical Health Education":{"ca1":5,"ca2":0,"exam":65}}', '2026-06-15T13:17:58.078Z', '2026-06-15T13:17:58.078Z');
INSERT INTO report_extras (id, school_id, student_id, session, term, attendance, traits, comments, promotion, created_at, updated_at) VALUES ('ext-stu-JSS2-32', 'demo-school-id', 'stu-JSS2-32', '2023/2024', 'First Term', '93', '{"punctuality":3,"neatness":5,"honesty":3}', '{"principal":"A good result. You can do better with more practice.","teacher":"Strongly motivated and shows great potential."}', '', '2026-06-15T13:17:58.078Z', '2026-06-15T13:17:58.078Z');
INSERT INTO students (id, school_id, name, admission_no, gender, class_name, created_at, updated_at) VALUES ('stu-JSS2-33', 'demo-school-id', 'Aisha Olawale', 'ADM/2023/0083', 'Male', 'JSS 2', '2026-06-15T13:17:58.078Z', '2026-06-15T13:17:58.078Z');
INSERT INTO score_sheets (id, school_id, student_id, data, created_at, updated_at) VALUES ('score-stu-JSS2-33', 'demo-school-id', 'stu-JSS2-33', '{"Mathematics":{"ca1":6,"ca2":5,"exam":45},"Basic Science":{"ca1":8,"ca2":10,"exam":78},"Social Studies":{"ca1":10,"ca2":9,"exam":62},"Civic Education":{"ca1":3,"ca2":7,"exam":62},"Agricultural Science":{"ca1":10,"ca2":1,"exam":42},"Business Studies":{"ca1":4,"ca2":5,"exam":50},"Computer Studies":{"ca1":4,"ca2":5,"exam":35},"Physical Health Education":{"ca1":10,"ca2":3,"exam":46}}', '2026-06-15T13:17:58.078Z', '2026-06-15T13:17:58.078Z');
INSERT INTO report_extras (id, school_id, student_id, session, term, attendance, traits, comments, promotion, created_at, updated_at) VALUES ('ext-stu-JSS2-33', 'demo-school-id', 'stu-JSS2-33', '2023/2024', 'First Term', '93', '{"punctuality":4,"neatness":5,"honesty":5}', '{"principal":"A good result. You can do better with more practice.","teacher":"A dedicated and hardworking student."}', '', '2026-06-15T13:17:58.078Z', '2026-06-15T13:17:58.078Z');
INSERT INTO students (id, school_id, name, admission_no, gender, class_name, created_at, updated_at) VALUES ('stu-JSS2-34', 'demo-school-id', 'Hadiza Bello', 'ADM/2023/0084', 'Male', 'JSS 2', '2026-06-15T13:17:58.078Z', '2026-06-15T13:17:58.078Z');
INSERT INTO score_sheets (id, school_id, student_id, data, created_at, updated_at) VALUES ('score-stu-JSS2-34', 'demo-school-id', 'stu-JSS2-34', '{"English Language":{"ca1":9,"ca2":10,"exam":56},"Basic Science":{"ca1":8,"ca2":0,"exam":34},"Social Studies":{"ca1":4,"ca2":2,"exam":76},"Civic Education":{"ca1":7,"ca2":6,"exam":31},"Business Studies":{"ca1":6,"ca2":5,"exam":50},"Computer Studies":{"ca1":2,"ca2":8,"exam":48},"Home Economics":{"ca1":8,"ca2":9,"exam":69},"Physical Health Education":{"ca1":9,"ca2":0,"exam":43}}', '2026-06-15T13:17:58.078Z', '2026-06-15T13:17:58.078Z');
INSERT INTO report_extras (id, school_id, student_id, session, term, attendance, traits, comments, promotion, created_at, updated_at) VALUES ('ext-stu-JSS2-34', 'demo-school-id', 'stu-JSS2-34', '2023/2024', 'First Term', '97', '{"punctuality":4,"neatness":4,"honesty":5}', '{"principal":"A very brilliant performance. Keep it up.","teacher":"Very active in class activities. Good job."}', '', '2026-06-15T13:17:58.078Z', '2026-06-15T13:17:58.078Z');
INSERT INTO students (id, school_id, name, admission_no, gender, class_name, created_at, updated_at) VALUES ('stu-JSS2-35', 'demo-school-id', 'Kelechi Ibrahim', 'ADM/2023/0085', 'Female', 'JSS 2', '2026-06-15T13:17:58.078Z', '2026-06-15T13:17:58.078Z');
INSERT INTO score_sheets (id, school_id, student_id, data, created_at, updated_at) VALUES ('score-stu-JSS2-35', 'demo-school-id', 'stu-JSS2-35', '{"Mathematics":{"ca1":9,"ca2":5,"exam":62},"English Language":{"ca1":5,"ca2":9,"exam":36},"Basic Science":{"ca1":4,"ca2":9,"exam":38},"Social Studies":{"ca1":0,"ca2":5,"exam":50},"Civic Education":{"ca1":9,"ca2":10,"exam":58},"Agricultural Science":{"ca1":1,"ca2":10,"exam":44},"Business Studies":{"ca1":3,"ca2":2,"exam":36},"Computer Studies":{"ca1":1,"ca2":9,"exam":63},"Home Economics":{"ca1":0,"ca2":3,"exam":55},"Physical Health Education":{"ca1":1,"ca2":1,"exam":31}}', '2026-06-15T13:17:58.078Z', '2026-06-15T13:17:58.078Z');
INSERT INTO report_extras (id, school_id, student_id, session, term, attendance, traits, comments, promotion, created_at, updated_at) VALUES ('ext-stu-JSS2-35', 'demo-school-id', 'stu-JSS2-35', '2023/2024', 'First Term', '99', '{"punctuality":3,"neatness":5,"honesty":5}', '{"principal":"A good result. You can do better with more practice.","teacher":"A dedicated and hardworking student."}', '', '2026-06-15T13:17:58.078Z', '2026-06-15T13:17:58.078Z');
INSERT INTO students (id, school_id, name, admission_no, gender, class_name, created_at, updated_at) VALUES ('stu-JSS2-36', 'demo-school-id', 'Tunde Okafor', 'ADM/2023/0086', 'Male', 'JSS 2', '2026-06-15T13:17:58.078Z', '2026-06-15T13:17:58.078Z');
INSERT INTO score_sheets (id, school_id, student_id, data, created_at, updated_at) VALUES ('score-stu-JSS2-36', 'demo-school-id', 'stu-JSS2-36', '{"Mathematics":{"ca1":1,"ca2":1,"exam":38},"English Language":{"ca1":9,"ca2":3,"exam":71},"Basic Science":{"ca1":4,"ca2":9,"exam":31},"Social Studies":{"ca1":0,"ca2":1,"exam":62},"Civic Education":{"ca1":8,"ca2":9,"exam":67},"Agricultural Science":{"ca1":7,"ca2":0,"exam":60},"Business Studies":{"ca1":4,"ca2":3,"exam":60},"Computer Studies":{"ca1":1,"ca2":8,"exam":31},"Home Economics":{"ca1":2,"ca2":3,"exam":57},"Physical Health Education":{"ca1":0,"ca2":0,"exam":62}}', '2026-06-15T13:17:58.078Z', '2026-06-15T13:17:58.078Z');
INSERT INTO report_extras (id, school_id, student_id, session, term, attendance, traits, comments, promotion, created_at, updated_at) VALUES ('ext-stu-JSS2-36', 'demo-school-id', 'stu-JSS2-36', '2023/2024', 'First Term', '95', '{"punctuality":5,"neatness":3,"honesty":5}', '{"principal":"Satisfactory performance. Aim for higher grades next term.","teacher":"Well-behaved and respectful student."}', '', '2026-06-15T13:17:58.078Z', '2026-06-15T13:17:58.078Z');
INSERT INTO students (id, school_id, name, admission_no, gender, class_name, created_at, updated_at) VALUES ('stu-JSS2-37', 'demo-school-id', 'Tunde Balogun', 'ADM/2023/0087', 'Male', 'JSS 2', '2026-06-15T13:17:58.078Z', '2026-06-15T13:17:58.078Z');
INSERT INTO score_sheets (id, school_id, student_id, data, created_at, updated_at) VALUES ('score-stu-JSS2-37', 'demo-school-id', 'stu-JSS2-37', '{"Mathematics":{"ca1":3,"ca2":1,"exam":47},"English Language":{"ca1":10,"ca2":4,"exam":73},"Basic Science":{"ca1":1,"ca2":2,"exam":43},"Social Studies":{"ca1":10,"ca2":3,"exam":56},"Agricultural Science":{"ca1":0,"ca2":10,"exam":41},"Business Studies":{"ca1":6,"ca2":7,"exam":60},"Computer Studies":{"ca1":4,"ca2":5,"exam":50},"Home Economics":{"ca1":9,"ca2":9,"exam":78},"Physical Health Education":{"ca1":3,"ca2":6,"exam":56}}', '2026-06-15T13:17:58.078Z', '2026-06-15T13:17:58.078Z');
INSERT INTO report_extras (id, school_id, student_id, session, term, attendance, traits, comments, promotion, created_at, updated_at) VALUES ('ext-stu-JSS2-37', 'demo-school-id', 'stu-JSS2-37', '2023/2024', 'First Term', '93', '{"punctuality":4,"neatness":5,"honesty":3}', '{"principal":"A very brilliant performance. Keep it up.","teacher":"Well-behaved and respectful student."}', '', '2026-06-15T13:17:58.078Z', '2026-06-15T13:17:58.078Z');
INSERT INTO students (id, school_id, name, admission_no, gender, class_name, created_at, updated_at) VALUES ('stu-JSS2-38', 'demo-school-id', 'Fatima Okafor', 'ADM/2023/0088', 'Female', 'JSS 2', '2026-06-15T13:17:58.078Z', '2026-06-15T13:17:58.078Z');
INSERT INTO score_sheets (id, school_id, student_id, data, created_at, updated_at) VALUES ('score-stu-JSS2-38', 'demo-school-id', 'stu-JSS2-38', '{"Mathematics":{"ca1":2,"ca2":6,"exam":80},"English Language":{"ca1":5,"ca2":8,"exam":36},"Basic Science":{"ca1":4,"ca2":7,"exam":45},"Social Studies":{"ca1":6,"ca2":4,"exam":61},"Civic Education":{"ca1":0,"ca2":6,"exam":80},"Agricultural Science":{"ca1":6,"ca2":3,"exam":54},"Business Studies":{"ca1":8,"ca2":2,"exam":37},"Computer Studies":{"ca1":8,"ca2":9,"exam":71},"Home Economics":{"ca1":4,"ca2":8,"exam":32},"Physical Health Education":{"ca1":3,"ca2":3,"exam":43}}', '2026-06-15T13:17:58.078Z', '2026-06-15T13:17:58.078Z');
INSERT INTO report_extras (id, school_id, student_id, session, term, attendance, traits, comments, promotion, created_at, updated_at) VALUES ('ext-stu-JSS2-38', 'demo-school-id', 'stu-JSS2-38', '2023/2024', 'First Term', '93', '{"punctuality":3,"neatness":4,"honesty":5}', '{"principal":"Satisfactory performance. Aim for higher grades next term.","teacher":"Very active in class activities. Good job."}', '', '2026-06-15T13:17:58.078Z', '2026-06-15T13:17:58.078Z');
INSERT INTO students (id, school_id, name, admission_no, gender, class_name, created_at, updated_at) VALUES ('stu-JSS2-39', 'demo-school-id', 'Ngozi Abubakar', 'ADM/2023/0089', 'Female', 'JSS 2', '2026-06-15T13:17:58.078Z', '2026-06-15T13:17:58.078Z');
INSERT INTO score_sheets (id, school_id, student_id, data, created_at, updated_at) VALUES ('score-stu-JSS2-39', 'demo-school-id', 'stu-JSS2-39', '{"Mathematics":{"ca1":8,"ca2":8,"exam":76},"English Language":{"ca1":5,"ca2":2,"exam":50},"Basic Science":{"ca1":6,"ca2":5,"exam":41},"Social Studies":{"ca1":4,"ca2":0,"exam":37},"Civic Education":{"ca1":10,"ca2":3,"exam":76},"Agricultural Science":{"ca1":4,"ca2":4,"exam":57},"Business Studies":{"ca1":5,"ca2":2,"exam":68},"Home Economics":{"ca1":3,"ca2":2,"exam":79},"Physical Health Education":{"ca1":5,"ca2":5,"exam":31}}', '2026-06-15T13:17:58.078Z', '2026-06-15T13:17:58.078Z');
INSERT INTO report_extras (id, school_id, student_id, session, term, attendance, traits, comments, promotion, created_at, updated_at) VALUES ('ext-stu-JSS2-39', 'demo-school-id', 'stu-JSS2-39', '2023/2024', 'First Term', '96', '{"punctuality":3,"neatness":5,"honesty":3}', '{"principal":"Impressive grades. More focus needed in Mathematics.","teacher":"Very active in class activities. Good job."}', '', '2026-06-15T13:17:58.078Z', '2026-06-15T13:17:58.078Z');
INSERT INTO students (id, school_id, name, admission_no, gender, class_name, created_at, updated_at) VALUES ('stu-JSS2-40', 'demo-school-id', 'Ngozi Lawal', 'ADM/2023/0090', 'Male', 'JSS 2', '2026-06-15T13:17:58.078Z', '2026-06-15T13:17:58.078Z');
INSERT INTO score_sheets (id, school_id, student_id, data, created_at, updated_at) VALUES ('score-stu-JSS2-40', 'demo-school-id', 'stu-JSS2-40', '{"Mathematics":{"ca1":0,"ca2":7,"exam":52},"English Language":{"ca1":6,"ca2":10,"exam":63},"Basic Science":{"ca1":3,"ca2":0,"exam":55},"Social Studies":{"ca1":5,"ca2":1,"exam":52},"Civic Education":{"ca1":6,"ca2":10,"exam":35},"Agricultural Science":{"ca1":2,"ca2":10,"exam":79},"Business Studies":{"ca1":8,"ca2":7,"exam":45},"Computer Studies":{"ca1":5,"ca2":6,"exam":33},"Home Economics":{"ca1":3,"ca2":0,"exam":77},"Physical Health Education":{"ca1":8,"ca2":6,"exam":72}}', '2026-06-15T13:17:58.078Z', '2026-06-15T13:17:58.078Z');
INSERT INTO report_extras (id, school_id, student_id, session, term, attendance, traits, comments, promotion, created_at, updated_at) VALUES ('ext-stu-JSS2-40', 'demo-school-id', 'stu-JSS2-40', '2023/2024', 'First Term', '85', '{"punctuality":3,"neatness":5,"honesty":3}', '{"principal":"Impressive grades. More focus needed in Mathematics.","teacher":"Neat and regular in school. Keep it up."}', '', '2026-06-15T13:17:58.078Z', '2026-06-15T13:17:58.078Z');
INSERT INTO students (id, school_id, name, admission_no, gender, class_name, created_at, updated_at) VALUES ('stu-JSS2-41', 'demo-school-id', 'Chinelo Balogun', 'ADM/2023/0091', 'Female', 'JSS 2', '2026-06-15T13:17:58.078Z', '2026-06-15T13:17:58.078Z');
INSERT INTO score_sheets (id, school_id, student_id, data, created_at, updated_at) VALUES ('score-stu-JSS2-41', 'demo-school-id', 'stu-JSS2-41', '{"Mathematics":{"ca1":7,"ca2":7,"exam":51},"English Language":{"ca1":8,"ca2":4,"exam":57},"Basic Science":{"ca1":9,"ca2":10,"exam":76},"Social Studies":{"ca1":8,"ca2":4,"exam":71},"Civic Education":{"ca1":2,"ca2":3,"exam":69},"Agricultural Science":{"ca1":0,"ca2":8,"exam":37},"Business Studies":{"ca1":4,"ca2":10,"exam":69},"Home Economics":{"ca1":10,"ca2":7,"exam":49},"Physical Health Education":{"ca1":9,"ca2":3,"exam":41}}', '2026-06-15T13:17:58.078Z', '2026-06-15T13:17:58.078Z');
INSERT INTO report_extras (id, school_id, student_id, session, term, attendance, traits, comments, promotion, created_at, updated_at) VALUES ('ext-stu-JSS2-41', 'demo-school-id', 'stu-JSS2-41', '2023/2024', 'First Term', '98', '{"punctuality":4,"neatness":3,"honesty":4}', '{"principal":"Satisfactory performance. Aim for higher grades next term.","teacher":"Well-behaved and respectful student."}', '', '2026-06-15T13:17:58.078Z', '2026-06-15T13:17:58.078Z');
INSERT INTO students (id, school_id, name, admission_no, gender, class_name, created_at, updated_at) VALUES ('stu-JSS2-42', 'demo-school-id', 'Emeka Sanni', 'ADM/2023/0092', 'Male', 'JSS 2', '2026-06-15T13:17:58.078Z', '2026-06-15T13:17:58.078Z');
INSERT INTO score_sheets (id, school_id, student_id, data, created_at, updated_at) VALUES ('score-stu-JSS2-42', 'demo-school-id', 'stu-JSS2-42', '{"Mathematics":{"ca1":6,"ca2":8,"exam":71},"English Language":{"ca1":9,"ca2":0,"exam":32},"Basic Science":{"ca1":6,"ca2":8,"exam":71},"Civic Education":{"ca1":6,"ca2":7,"exam":45},"Business Studies":{"ca1":5,"ca2":9,"exam":34},"Computer Studies":{"ca1":8,"ca2":9,"exam":31},"Home Economics":{"ca1":5,"ca2":2,"exam":70},"Physical Health Education":{"ca1":10,"ca2":0,"exam":78}}', '2026-06-15T13:17:58.078Z', '2026-06-15T13:17:58.078Z');
INSERT INTO report_extras (id, school_id, student_id, session, term, attendance, traits, comments, promotion, created_at, updated_at) VALUES ('ext-stu-JSS2-42', 'demo-school-id', 'stu-JSS2-42', '2023/2024', 'First Term', '98', '{"punctuality":4,"neatness":4,"honesty":4}', '{"principal":"Excellent result. Consistent effort shown.","teacher":"Strongly motivated and shows great potential."}', '', '2026-06-15T13:17:58.078Z', '2026-06-15T13:17:58.078Z');
INSERT INTO students (id, school_id, name, admission_no, gender, class_name, created_at, updated_at) VALUES ('stu-JSS2-43', 'demo-school-id', 'Obinna Eze', 'ADM/2023/0093', 'Female', 'JSS 2', '2026-06-15T13:17:58.078Z', '2026-06-15T13:17:58.078Z');
INSERT INTO score_sheets (id, school_id, student_id, data, created_at, updated_at) VALUES ('score-stu-JSS2-43', 'demo-school-id', 'stu-JSS2-43', '{"Mathematics":{"ca1":9,"ca2":4,"exam":39},"English Language":{"ca1":1,"ca2":6,"exam":41},"Social Studies":{"ca1":7,"ca2":5,"exam":41},"Civic Education":{"ca1":2,"ca2":8,"exam":30},"Agricultural Science":{"ca1":1,"ca2":6,"exam":77},"Business Studies":{"ca1":2,"ca2":7,"exam":33},"Computer Studies":{"ca1":3,"ca2":2,"exam":68},"Home Economics":{"ca1":0,"ca2":2,"exam":59},"Physical Health Education":{"ca1":4,"ca2":7,"exam":57}}', '2026-06-15T13:17:58.078Z', '2026-06-15T13:17:58.078Z');
INSERT INTO report_extras (id, school_id, student_id, session, term, attendance, traits, comments, promotion, created_at, updated_at) VALUES ('ext-stu-JSS2-43', 'demo-school-id', 'stu-JSS2-43', '2023/2024', 'First Term', '86', '{"punctuality":5,"neatness":5,"honesty":5}', '{"principal":"A very brilliant performance. Keep it up.","teacher":"A dedicated and hardworking student."}', '', '2026-06-15T13:17:58.078Z', '2026-06-15T13:17:58.078Z');
INSERT INTO students (id, school_id, name, admission_no, gender, class_name, created_at, updated_at) VALUES ('stu-JSS2-44', 'demo-school-id', 'Aisha Danjuma', 'ADM/2023/0094', 'Male', 'JSS 2', '2026-06-15T13:17:58.078Z', '2026-06-15T13:17:58.078Z');
INSERT INTO score_sheets (id, school_id, student_id, data, created_at, updated_at) VALUES ('score-stu-JSS2-44', 'demo-school-id', 'stu-JSS2-44', '{"Mathematics":{"ca1":1,"ca2":5,"exam":59},"Basic Science":{"ca1":4,"ca2":6,"exam":34},"Social Studies":{"ca1":6,"ca2":2,"exam":38},"Civic Education":{"ca1":4,"ca2":1,"exam":78},"Agricultural Science":{"ca1":1,"ca2":3,"exam":70},"Business Studies":{"ca1":5,"ca2":2,"exam":44},"Computer Studies":{"ca1":2,"ca2":8,"exam":39},"Home Economics":{"ca1":5,"ca2":0,"exam":75},"Physical Health Education":{"ca1":2,"ca2":0,"exam":79}}', '2026-06-15T13:17:58.078Z', '2026-06-15T13:17:58.078Z');
INSERT INTO report_extras (id, school_id, student_id, session, term, attendance, traits, comments, promotion, created_at, updated_at) VALUES ('ext-stu-JSS2-44', 'demo-school-id', 'stu-JSS2-44', '2023/2024', 'First Term', '93', '{"punctuality":5,"neatness":3,"honesty":5}', '{"principal":"Satisfactory performance. Aim for higher grades next term.","teacher":"Very active in class activities. Good job."}', '', '2026-06-15T13:17:58.078Z', '2026-06-15T13:17:58.078Z');
INSERT INTO students (id, school_id, name, admission_no, gender, class_name, created_at, updated_at) VALUES ('stu-JSS2-45', 'demo-school-id', 'Aisha Chukwuma', 'ADM/2023/0095', 'Male', 'JSS 2', '2026-06-15T13:17:58.078Z', '2026-06-15T13:17:58.078Z');
INSERT INTO score_sheets (id, school_id, student_id, data, created_at, updated_at) VALUES ('score-stu-JSS2-45', 'demo-school-id', 'stu-JSS2-45', '{"Mathematics":{"ca1":7,"ca2":9,"exam":67},"English Language":{"ca1":8,"ca2":10,"exam":52},"Basic Science":{"ca1":9,"ca2":4,"exam":63},"Social Studies":{"ca1":4,"ca2":10,"exam":30},"Agricultural Science":{"ca1":3,"ca2":0,"exam":30},"Business Studies":{"ca1":8,"ca2":1,"exam":60},"Computer Studies":{"ca1":0,"ca2":5,"exam":50},"Home Economics":{"ca1":4,"ca2":4,"exam":71},"Physical Health Education":{"ca1":5,"ca2":10,"exam":48}}', '2026-06-15T13:17:58.078Z', '2026-06-15T13:17:58.078Z');
INSERT INTO report_extras (id, school_id, student_id, session, term, attendance, traits, comments, promotion, created_at, updated_at) VALUES ('ext-stu-JSS2-45', 'demo-school-id', 'stu-JSS2-45', '2023/2024', 'First Term', '86', '{"punctuality":3,"neatness":3,"honesty":4}', '{"principal":"Impressive grades. More focus needed in Mathematics.","teacher":"Well-behaved and respectful student."}', '', '2026-06-15T13:17:58.078Z', '2026-06-15T13:17:58.078Z');
INSERT INTO students (id, school_id, name, admission_no, gender, class_name, created_at, updated_at) VALUES ('stu-JSS2-46', 'demo-school-id', 'Fatima Okonkwo', 'ADM/2023/0096', 'Female', 'JSS 2', '2026-06-15T13:17:58.078Z', '2026-06-15T13:17:58.078Z');
INSERT INTO score_sheets (id, school_id, student_id, data, created_at, updated_at) VALUES ('score-stu-JSS2-46', 'demo-school-id', 'stu-JSS2-46', '{"Mathematics":{"ca1":10,"ca2":8,"exam":61},"Basic Science":{"ca1":9,"ca2":8,"exam":65},"Civic Education":{"ca1":8,"ca2":6,"exam":77},"Agricultural Science":{"ca1":9,"ca2":0,"exam":79},"Business Studies":{"ca1":1,"ca2":4,"exam":33},"Computer Studies":{"ca1":9,"ca2":5,"exam":62},"Home Economics":{"ca1":4,"ca2":0,"exam":65},"Physical Health Education":{"ca1":7,"ca2":10,"exam":49}}', '2026-06-15T13:17:58.078Z', '2026-06-15T13:17:58.078Z');
INSERT INTO report_extras (id, school_id, student_id, session, term, attendance, traits, comments, promotion, created_at, updated_at) VALUES ('ext-stu-JSS2-46', 'demo-school-id', 'stu-JSS2-46', '2023/2024', 'First Term', '99', '{"punctuality":5,"neatness":3,"honesty":3}', '{"principal":"Impressive grades. More focus needed in Mathematics.","teacher":"Well-behaved and respectful student."}', '', '2026-06-15T13:17:58.078Z', '2026-06-15T13:17:58.078Z');
INSERT INTO students (id, school_id, name, admission_no, gender, class_name, created_at, updated_at) VALUES ('stu-JSS2-47', 'demo-school-id', 'Musa Olawale', 'ADM/2023/0097', 'Female', 'JSS 2', '2026-06-15T13:17:58.078Z', '2026-06-15T13:17:58.078Z');
INSERT INTO score_sheets (id, school_id, student_id, data, created_at, updated_at) VALUES ('score-stu-JSS2-47', 'demo-school-id', 'stu-JSS2-47', '{"Mathematics":{"ca1":9,"ca2":6,"exam":37},"English Language":{"ca1":5,"ca2":5,"exam":47},"Basic Science":{"ca1":5,"ca2":10,"exam":80},"Civic Education":{"ca1":4,"ca2":7,"exam":49},"Agricultural Science":{"ca1":10,"ca2":2,"exam":80},"Business Studies":{"ca1":2,"ca2":6,"exam":56},"Computer Studies":{"ca1":5,"ca2":1,"exam":71},"Home Economics":{"ca1":0,"ca2":1,"exam":63},"Physical Health Education":{"ca1":8,"ca2":4,"exam":62}}', '2026-06-15T13:17:58.078Z', '2026-06-15T13:17:58.078Z');
INSERT INTO report_extras (id, school_id, student_id, session, term, attendance, traits, comments, promotion, created_at, updated_at) VALUES ('ext-stu-JSS2-47', 'demo-school-id', 'stu-JSS2-47', '2023/2024', 'First Term', '97', '{"punctuality":5,"neatness":3,"honesty":4}', '{"principal":"Satisfactory performance. Aim for higher grades next term.","teacher":"Neat and regular in school. Keep it up."}', '', '2026-06-15T13:17:58.078Z', '2026-06-15T13:17:58.078Z');
INSERT INTO students (id, school_id, name, admission_no, gender, class_name, created_at, updated_at) VALUES ('stu-JSS2-48', 'demo-school-id', 'Musa Abubakar', 'ADM/2023/0098', 'Male', 'JSS 2', '2026-06-15T13:17:58.078Z', '2026-06-15T13:17:58.078Z');
INSERT INTO score_sheets (id, school_id, student_id, data, created_at, updated_at) VALUES ('score-stu-JSS2-48', 'demo-school-id', 'stu-JSS2-48', '{"Mathematics":{"ca1":7,"ca2":10,"exam":52},"English Language":{"ca1":8,"ca2":1,"exam":79},"Basic Science":{"ca1":2,"ca2":9,"exam":60},"Civic Education":{"ca1":6,"ca2":8,"exam":64},"Agricultural Science":{"ca1":2,"ca2":2,"exam":57},"Computer Studies":{"ca1":0,"ca2":2,"exam":71},"Home Economics":{"ca1":1,"ca2":7,"exam":44}}', '2026-06-15T13:17:58.078Z', '2026-06-15T13:17:58.078Z');
INSERT INTO report_extras (id, school_id, student_id, session, term, attendance, traits, comments, promotion, created_at, updated_at) VALUES ('ext-stu-JSS2-48', 'demo-school-id', 'stu-JSS2-48', '2023/2024', 'First Term', '93', '{"punctuality":4,"neatness":3,"honesty":3}', '{"principal":"Excellent result. Consistent effort shown.","teacher":"Strongly motivated and shows great potential."}', '', '2026-06-15T13:17:58.078Z', '2026-06-15T13:17:58.078Z');
INSERT INTO students (id, school_id, name, admission_no, gender, class_name, created_at, updated_at) VALUES ('stu-JSS2-49', 'demo-school-id', 'Uche Chukwuma', 'ADM/2023/0099', 'Female', 'JSS 2', '2026-06-15T13:17:58.078Z', '2026-06-15T13:17:58.078Z');
INSERT INTO score_sheets (id, school_id, student_id, data, created_at, updated_at) VALUES ('score-stu-JSS2-49', 'demo-school-id', 'stu-JSS2-49', '{"Mathematics":{"ca1":3,"ca2":1,"exam":60},"Basic Science":{"ca1":4,"ca2":0,"exam":41},"Social Studies":{"ca1":2,"ca2":9,"exam":66},"Civic Education":{"ca1":1,"ca2":7,"exam":78},"Agricultural Science":{"ca1":0,"ca2":8,"exam":41},"Business Studies":{"ca1":3,"ca2":2,"exam":41},"Computer Studies":{"ca1":4,"ca2":0,"exam":53},"Home Economics":{"ca1":3,"ca2":3,"exam":66},"Physical Health Education":{"ca1":8,"ca2":10,"exam":41}}', '2026-06-15T13:17:58.078Z', '2026-06-15T13:17:58.078Z');
INSERT INTO report_extras (id, school_id, student_id, session, term, attendance, traits, comments, promotion, created_at, updated_at) VALUES ('ext-stu-JSS2-49', 'demo-school-id', 'stu-JSS2-49', '2023/2024', 'First Term', '85', '{"punctuality":4,"neatness":3,"honesty":4}', '{"principal":"Impressive grades. More focus needed in Mathematics.","teacher":"Strongly motivated and shows great potential."}', '', '2026-06-15T13:17:58.078Z', '2026-06-15T13:17:58.078Z');
INSERT INTO students (id, school_id, name, admission_no, gender, class_name, created_at, updated_at) VALUES ('stu-JSS2-50', 'demo-school-id', 'Fatima Bello', 'ADM/2023/0100', 'Female', 'JSS 2', '2026-06-15T13:17:58.078Z', '2026-06-15T13:17:58.078Z');
INSERT INTO score_sheets (id, school_id, student_id, data, created_at, updated_at) VALUES ('score-stu-JSS2-50', 'demo-school-id', 'stu-JSS2-50', '{"Mathematics":{"ca1":4,"ca2":1,"exam":37},"English Language":{"ca1":10,"ca2":2,"exam":58},"Basic Science":{"ca1":6,"ca2":2,"exam":69},"Social Studies":{"ca1":1,"ca2":2,"exam":33},"Civic Education":{"ca1":4,"ca2":1,"exam":80},"Agricultural Science":{"ca1":8,"ca2":2,"exam":70},"Computer Studies":{"ca1":0,"ca2":3,"exam":30},"Home Economics":{"ca1":9,"ca2":2,"exam":45},"Physical Health Education":{"ca1":10,"ca2":3,"exam":51}}', '2026-06-15T13:17:58.078Z', '2026-06-15T13:17:58.078Z');
INSERT INTO report_extras (id, school_id, student_id, session, term, attendance, traits, comments, promotion, created_at, updated_at) VALUES ('ext-stu-JSS2-50', 'demo-school-id', 'stu-JSS2-50', '2023/2024', 'First Term', '98', '{"punctuality":5,"neatness":5,"honesty":5}', '{"principal":"Impressive grades. More focus needed in Mathematics.","teacher":"A dedicated and hardworking student."}', '', '2026-06-15T13:17:58.078Z', '2026-06-15T13:17:58.078Z');
INSERT INTO teacher_class_assignments (id, school_id, teacher_user_id, class_name, created_at) VALUES ('tca-JSS3', 'demo-school-id', 'demo-teacher-id', 'JSS 3', '2026-06-15T13:17:58.078Z');
INSERT INTO students (id, school_id, name, admission_no, gender, class_name, created_at, updated_at) VALUES ('stu-JSS3-1', 'demo-school-id', 'Babatunde Nnaji', 'ADM/2023/0101', 'Female', 'JSS 3', '2026-06-15T13:17:58.078Z', '2026-06-15T13:17:58.078Z');
INSERT INTO score_sheets (id, school_id, student_id, data, created_at, updated_at) VALUES ('score-stu-JSS3-1', 'demo-school-id', 'stu-JSS3-1', '{"Mathematics":{"ca1":9,"ca2":7,"exam":47},"English Language":{"ca1":1,"ca2":7,"exam":62},"Basic Science":{"ca1":7,"ca2":6,"exam":68},"Social Studies":{"ca1":1,"ca2":7,"exam":61},"Civic Education":{"ca1":3,"ca2":8,"exam":46},"Agricultural Science":{"ca1":4,"ca2":10,"exam":71},"Business Studies":{"ca1":8,"ca2":5,"exam":38},"Computer Studies":{"ca1":8,"ca2":6,"exam":50},"Home Economics":{"ca1":1,"ca2":0,"exam":70},"Physical Health Education":{"ca1":2,"ca2":0,"exam":39}}', '2026-06-15T13:17:58.078Z', '2026-06-15T13:17:58.078Z');
INSERT INTO report_extras (id, school_id, student_id, session, term, attendance, traits, comments, promotion, created_at, updated_at) VALUES ('ext-stu-JSS3-1', 'demo-school-id', 'stu-JSS3-1', '2023/2024', 'First Term', '89', '{"punctuality":4,"neatness":4,"honesty":5}', '{"principal":"Excellent result. Consistent effort shown.","teacher":"Very active in class activities. Good job."}', '', '2026-06-15T13:17:58.078Z', '2026-06-15T13:17:58.078Z');
INSERT INTO students (id, school_id, name, admission_no, gender, class_name, created_at, updated_at) VALUES ('stu-JSS3-2', 'demo-school-id', 'Folake Lawal', 'ADM/2023/0102', 'Female', 'JSS 3', '2026-06-15T13:17:58.078Z', '2026-06-15T13:17:58.078Z');
INSERT INTO score_sheets (id, school_id, student_id, data, created_at, updated_at) VALUES ('score-stu-JSS3-2', 'demo-school-id', 'stu-JSS3-2', '{"Mathematics":{"ca1":10,"ca2":1,"exam":47},"English Language":{"ca1":2,"ca2":7,"exam":64},"Basic Science":{"ca1":10,"ca2":7,"exam":80},"Social Studies":{"ca1":3,"ca2":2,"exam":55},"Civic Education":{"ca1":6,"ca2":9,"exam":67},"Business Studies":{"ca1":3,"ca2":1,"exam":62},"Home Economics":{"ca1":8,"ca2":2,"exam":39},"Physical Health Education":{"ca1":1,"ca2":7,"exam":50}}', '2026-06-15T13:17:58.078Z', '2026-06-15T13:17:58.078Z');
INSERT INTO report_extras (id, school_id, student_id, session, term, attendance, traits, comments, promotion, created_at, updated_at) VALUES ('ext-stu-JSS3-2', 'demo-school-id', 'stu-JSS3-2', '2023/2024', 'First Term', '87', '{"punctuality":3,"neatness":3,"honesty":5}', '{"principal":"Impressive grades. More focus needed in Mathematics.","teacher":"Neat and regular in school. Keep it up."}', '', '2026-06-15T13:17:58.078Z', '2026-06-15T13:17:58.078Z');
INSERT INTO students (id, school_id, name, admission_no, gender, class_name, created_at, updated_at) VALUES ('stu-JSS3-3', 'demo-school-id', 'Kelechi Muhammed', 'ADM/2023/0103', 'Female', 'JSS 3', '2026-06-15T13:17:58.078Z', '2026-06-15T13:17:58.078Z');
INSERT INTO score_sheets (id, school_id, student_id, data, created_at, updated_at) VALUES ('score-stu-JSS3-3', 'demo-school-id', 'stu-JSS3-3', '{"Mathematics":{"ca1":6,"ca2":5,"exam":53},"English Language":{"ca1":9,"ca2":8,"exam":46},"Basic Science":{"ca1":8,"ca2":5,"exam":63},"Social Studies":{"ca1":7,"ca2":1,"exam":62},"Civic Education":{"ca1":0,"ca2":3,"exam":41},"Agricultural Science":{"ca1":0,"ca2":7,"exam":54},"Business Studies":{"ca1":5,"ca2":7,"exam":47},"Computer Studies":{"ca1":8,"ca2":6,"exam":34},"Home Economics":{"ca1":8,"ca2":3,"exam":65},"Physical Health Education":{"ca1":5,"ca2":9,"exam":42}}', '2026-06-15T13:17:58.078Z', '2026-06-15T13:17:58.078Z');
INSERT INTO report_extras (id, school_id, student_id, session, term, attendance, traits, comments, promotion, created_at, updated_at) VALUES ('ext-stu-JSS3-3', 'demo-school-id', 'stu-JSS3-3', '2023/2024', 'First Term', '96', '{"punctuality":3,"neatness":3,"honesty":3}', '{"principal":"Excellent result. Consistent effort shown.","teacher":"Well-behaved and respectful student."}', '', '2026-06-15T13:17:58.078Z', '2026-06-15T13:17:58.078Z');
INSERT INTO students (id, school_id, name, admission_no, gender, class_name, created_at, updated_at) VALUES ('stu-JSS3-4', 'demo-school-id', 'Babatunde Nwosu', 'ADM/2023/0104', 'Female', 'JSS 3', '2026-06-15T13:17:58.078Z', '2026-06-15T13:17:58.078Z');
INSERT INTO score_sheets (id, school_id, student_id, data, created_at, updated_at) VALUES ('score-stu-JSS3-4', 'demo-school-id', 'stu-JSS3-4', '{"Mathematics":{"ca1":8,"ca2":9,"exam":54},"English Language":{"ca1":3,"ca2":10,"exam":73},"Basic Science":{"ca1":7,"ca2":1,"exam":36},"Social Studies":{"ca1":6,"ca2":3,"exam":45},"Civic Education":{"ca1":7,"ca2":2,"exam":62},"Agricultural Science":{"ca1":8,"ca2":1,"exam":47},"Business Studies":{"ca1":5,"ca2":8,"exam":40},"Computer Studies":{"ca1":7,"ca2":2,"exam":80},"Home Economics":{"ca1":4,"ca2":8,"exam":48}}', '2026-06-15T13:17:58.078Z', '2026-06-15T13:17:58.078Z');
INSERT INTO report_extras (id, school_id, student_id, session, term, attendance, traits, comments, promotion, created_at, updated_at) VALUES ('ext-stu-JSS3-4', 'demo-school-id', 'stu-JSS3-4', '2023/2024', 'First Term', '91', '{"punctuality":5,"neatness":3,"honesty":5}', '{"principal":"A good result. You can do better with more practice.","teacher":"Strongly motivated and shows great potential."}', '', '2026-06-15T13:17:58.078Z', '2026-06-15T13:17:58.078Z');
INSERT INTO students (id, school_id, name, admission_no, gender, class_name, created_at, updated_at) VALUES ('stu-JSS3-5', 'demo-school-id', 'Yinka Nnaji', 'ADM/2023/0105', 'Female', 'JSS 3', '2026-06-15T13:17:58.078Z', '2026-06-15T13:17:58.078Z');
INSERT INTO score_sheets (id, school_id, student_id, data, created_at, updated_at) VALUES ('score-stu-JSS3-5', 'demo-school-id', 'stu-JSS3-5', '{"Mathematics":{"ca1":3,"ca2":2,"exam":51},"English Language":{"ca1":4,"ca2":0,"exam":49},"Basic Science":{"ca1":7,"ca2":3,"exam":62},"Social Studies":{"ca1":2,"ca2":3,"exam":62},"Civic Education":{"ca1":5,"ca2":6,"exam":60},"Agricultural Science":{"ca1":9,"ca2":10,"exam":74},"Business Studies":{"ca1":6,"ca2":9,"exam":72},"Computer Studies":{"ca1":0,"ca2":10,"exam":56},"Home Economics":{"ca1":5,"ca2":8,"exam":68},"Physical Health Education":{"ca1":1,"ca2":10,"exam":71}}', '2026-06-15T13:17:58.078Z', '2026-06-15T13:17:58.078Z');
INSERT INTO report_extras (id, school_id, student_id, session, term, attendance, traits, comments, promotion, created_at, updated_at) VALUES ('ext-stu-JSS3-5', 'demo-school-id', 'stu-JSS3-5', '2023/2024', 'First Term', '97', '{"punctuality":5,"neatness":5,"honesty":5}', '{"principal":"A good result. You can do better with more practice.","teacher":"Neat and regular in school. Keep it up."}', '', '2026-06-15T13:17:58.078Z', '2026-06-15T13:17:58.078Z');
INSERT INTO students (id, school_id, name, admission_no, gender, class_name, created_at, updated_at) VALUES ('stu-JSS3-6', 'demo-school-id', 'Aisha Lawal', 'ADM/2023/0106', 'Female', 'JSS 3', '2026-06-15T13:17:58.078Z', '2026-06-15T13:17:58.078Z');
INSERT INTO score_sheets (id, school_id, student_id, data, created_at, updated_at) VALUES ('score-stu-JSS3-6', 'demo-school-id', 'stu-JSS3-6', '{"Mathematics":{"ca1":1,"ca2":1,"exam":64},"English Language":{"ca1":4,"ca2":4,"exam":60},"Basic Science":{"ca1":3,"ca2":1,"exam":30},"Social Studies":{"ca1":3,"ca2":4,"exam":55},"Civic Education":{"ca1":6,"ca2":4,"exam":33},"Agricultural Science":{"ca1":3,"ca2":5,"exam":38},"Business Studies":{"ca1":1,"ca2":0,"exam":72},"Computer Studies":{"ca1":3,"ca2":1,"exam":60},"Home Economics":{"ca1":4,"ca2":3,"exam":76},"Physical Health Education":{"ca1":4,"ca2":9,"exam":51}}', '2026-06-15T13:17:58.078Z', '2026-06-15T13:17:58.078Z');
INSERT INTO report_extras (id, school_id, student_id, session, term, attendance, traits, comments, promotion, created_at, updated_at) VALUES ('ext-stu-JSS3-6', 'demo-school-id', 'stu-JSS3-6', '2023/2024', 'First Term', '85', '{"punctuality":3,"neatness":4,"honesty":4}', '{"principal":"A very brilliant performance. Keep it up.","teacher":"Strongly motivated and shows great potential."}', '', '2026-06-15T13:17:58.078Z', '2026-06-15T13:17:58.078Z');
INSERT INTO students (id, school_id, name, admission_no, gender, class_name, created_at, updated_at) VALUES ('stu-JSS3-7', 'demo-school-id', 'Oluwaseun Muhammed', 'ADM/2023/0107', 'Female', 'JSS 3', '2026-06-15T13:17:58.078Z', '2026-06-15T13:17:58.078Z');
INSERT INTO score_sheets (id, school_id, student_id, data, created_at, updated_at) VALUES ('score-stu-JSS3-7', 'demo-school-id', 'stu-JSS3-7', '{"Mathematics":{"ca1":0,"ca2":4,"exam":62},"English Language":{"ca1":1,"ca2":8,"exam":52},"Basic Science":{"ca1":2,"ca2":1,"exam":43},"Civic Education":{"ca1":6,"ca2":9,"exam":32},"Agricultural Science":{"ca1":7,"ca2":0,"exam":34},"Business Studies":{"ca1":9,"ca2":1,"exam":77},"Physical Health Education":{"ca1":9,"ca2":6,"exam":37}}', '2026-06-15T13:17:58.078Z', '2026-06-15T13:17:58.078Z');
INSERT INTO report_extras (id, school_id, student_id, session, term, attendance, traits, comments, promotion, created_at, updated_at) VALUES ('ext-stu-JSS3-7', 'demo-school-id', 'stu-JSS3-7', '2023/2024', 'First Term', '92', '{"punctuality":3,"neatness":3,"honesty":3}', '{"principal":"Satisfactory performance. Aim for higher grades next term.","teacher":"Strongly motivated and shows great potential."}', '', '2026-06-15T13:17:58.078Z', '2026-06-15T13:17:58.078Z');
INSERT INTO students (id, school_id, name, admission_no, gender, class_name, created_at, updated_at) VALUES ('stu-JSS3-8', 'demo-school-id', 'Fatima Ani', 'ADM/2023/0108', 'Female', 'JSS 3', '2026-06-15T13:17:58.078Z', '2026-06-15T13:17:58.078Z');
INSERT INTO score_sheets (id, school_id, student_id, data, created_at, updated_at) VALUES ('score-stu-JSS3-8', 'demo-school-id', 'stu-JSS3-8', '{"Mathematics":{"ca1":10,"ca2":5,"exam":49},"English Language":{"ca1":4,"ca2":7,"exam":31},"Basic Science":{"ca1":8,"ca2":3,"exam":38},"Social Studies":{"ca1":0,"ca2":10,"exam":61},"Computer Studies":{"ca1":1,"ca2":0,"exam":60},"Home Economics":{"ca1":6,"ca2":6,"exam":49},"Physical Health Education":{"ca1":9,"ca2":6,"exam":71}}', '2026-06-15T13:17:58.078Z', '2026-06-15T13:17:58.078Z');
INSERT INTO report_extras (id, school_id, student_id, session, term, attendance, traits, comments, promotion, created_at, updated_at) VALUES ('ext-stu-JSS3-8', 'demo-school-id', 'stu-JSS3-8', '2023/2024', 'First Term', '95', '{"punctuality":3,"neatness":3,"honesty":3}', '{"principal":"Impressive grades. More focus needed in Mathematics.","teacher":"A dedicated and hardworking student."}', '', '2026-06-15T13:17:58.078Z', '2026-06-15T13:17:58.078Z');
INSERT INTO students (id, school_id, name, admission_no, gender, class_name, created_at, updated_at) VALUES ('stu-JSS3-9', 'demo-school-id', 'Tunde Eze', 'ADM/2023/0109', 'Male', 'JSS 3', '2026-06-15T13:17:58.078Z', '2026-06-15T13:17:58.078Z');
INSERT INTO score_sheets (id, school_id, student_id, data, created_at, updated_at) VALUES ('score-stu-JSS3-9', 'demo-school-id', 'stu-JSS3-9', '{"Mathematics":{"ca1":6,"ca2":4,"exam":32},"English Language":{"ca1":1,"ca2":8,"exam":62},"Social Studies":{"ca1":7,"ca2":10,"exam":80},"Civic Education":{"ca1":4,"ca2":7,"exam":62},"Agricultural Science":{"ca1":3,"ca2":3,"exam":72},"Business Studies":{"ca1":5,"ca2":7,"exam":47},"Computer Studies":{"ca1":5,"ca2":10,"exam":67},"Home Economics":{"ca1":9,"ca2":1,"exam":32},"Physical Health Education":{"ca1":2,"ca2":8,"exam":56}}', '2026-06-15T13:17:58.078Z', '2026-06-15T13:17:58.078Z');
INSERT INTO report_extras (id, school_id, student_id, session, term, attendance, traits, comments, promotion, created_at, updated_at) VALUES ('ext-stu-JSS3-9', 'demo-school-id', 'stu-JSS3-9', '2023/2024', 'First Term', '85', '{"punctuality":4,"neatness":4,"honesty":4}', '{"principal":"A good result. You can do better with more practice.","teacher":"Very active in class activities. Good job."}', '', '2026-06-15T13:17:58.078Z', '2026-06-15T13:17:58.078Z');
INSERT INTO students (id, school_id, name, admission_no, gender, class_name, created_at, updated_at) VALUES ('stu-JSS3-10', 'demo-school-id', 'Zainab Danjuma', 'ADM/2023/0110', 'Male', 'JSS 3', '2026-06-15T13:17:58.078Z', '2026-06-15T13:17:58.078Z');
INSERT INTO score_sheets (id, school_id, student_id, data, created_at, updated_at) VALUES ('score-stu-JSS3-10', 'demo-school-id', 'stu-JSS3-10', '{"Mathematics":{"ca1":10,"ca2":0,"exam":46},"English Language":{"ca1":1,"ca2":7,"exam":49},"Basic Science":{"ca1":4,"ca2":8,"exam":62},"Social Studies":{"ca1":7,"ca2":7,"exam":45},"Business Studies":{"ca1":4,"ca2":8,"exam":49},"Home Economics":{"ca1":3,"ca2":6,"exam":71},"Physical Health Education":{"ca1":7,"ca2":5,"exam":70}}', '2026-06-15T13:17:58.078Z', '2026-06-15T13:17:58.078Z');
INSERT INTO report_extras (id, school_id, student_id, session, term, attendance, traits, comments, promotion, created_at, updated_at) VALUES ('ext-stu-JSS3-10', 'demo-school-id', 'stu-JSS3-10', '2023/2024', 'First Term', '97', '{"punctuality":4,"neatness":4,"honesty":3}', '{"principal":"A good result. You can do better with more practice.","teacher":"Strongly motivated and shows great potential."}', '', '2026-06-15T13:17:58.078Z', '2026-06-15T13:17:58.078Z');
INSERT INTO students (id, school_id, name, admission_no, gender, class_name, created_at, updated_at) VALUES ('stu-JSS3-11', 'demo-school-id', 'Ngozi Chukwuma', 'ADM/2023/0111', 'Male', 'JSS 3', '2026-06-15T13:17:58.078Z', '2026-06-15T13:17:58.078Z');
INSERT INTO score_sheets (id, school_id, student_id, data, created_at, updated_at) VALUES ('score-stu-JSS3-11', 'demo-school-id', 'stu-JSS3-11', '{"Mathematics":{"ca1":7,"ca2":7,"exam":62},"English Language":{"ca1":3,"ca2":0,"exam":73},"Basic Science":{"ca1":2,"ca2":5,"exam":67},"Social Studies":{"ca1":5,"ca2":7,"exam":50},"Civic Education":{"ca1":8,"ca2":5,"exam":70},"Agricultural Science":{"ca1":5,"ca2":7,"exam":70},"Business Studies":{"ca1":3,"ca2":2,"exam":50},"Computer Studies":{"ca1":3,"ca2":5,"exam":80},"Home Economics":{"ca1":0,"ca2":0,"exam":55},"Physical Health Education":{"ca1":0,"ca2":1,"exam":43}}', '2026-06-15T13:17:58.078Z', '2026-06-15T13:17:58.078Z');
INSERT INTO report_extras (id, school_id, student_id, session, term, attendance, traits, comments, promotion, created_at, updated_at) VALUES ('ext-stu-JSS3-11', 'demo-school-id', 'stu-JSS3-11', '2023/2024', 'First Term', '94', '{"punctuality":5,"neatness":5,"honesty":3}', '{"principal":"A good result. You can do better with more practice.","teacher":"Strongly motivated and shows great potential."}', '', '2026-06-15T13:17:58.078Z', '2026-06-15T13:17:58.078Z');
INSERT INTO students (id, school_id, name, admission_no, gender, class_name, created_at, updated_at) VALUES ('stu-JSS3-12', 'demo-school-id', 'Chinelo Okafor', 'ADM/2023/0112', 'Male', 'JSS 3', '2026-06-15T13:17:58.078Z', '2026-06-15T13:17:58.078Z');
INSERT INTO score_sheets (id, school_id, student_id, data, created_at, updated_at) VALUES ('score-stu-JSS3-12', 'demo-school-id', 'stu-JSS3-12', '{"Mathematics":{"ca1":4,"ca2":6,"exam":71},"English Language":{"ca1":5,"ca2":2,"exam":37},"Basic Science":{"ca1":4,"ca2":5,"exam":42},"Social Studies":{"ca1":1,"ca2":1,"exam":63},"Civic Education":{"ca1":0,"ca2":3,"exam":37},"Agricultural Science":{"ca1":10,"ca2":10,"exam":60},"Business Studies":{"ca1":8,"ca2":4,"exam":42},"Computer Studies":{"ca1":0,"ca2":4,"exam":60},"Home Economics":{"ca1":10,"ca2":3,"exam":35},"Physical Health Education":{"ca1":5,"ca2":7,"exam":52}}', '2026-06-15T13:17:58.078Z', '2026-06-15T13:17:58.078Z');
INSERT INTO report_extras (id, school_id, student_id, session, term, attendance, traits, comments, promotion, created_at, updated_at) VALUES ('ext-stu-JSS3-12', 'demo-school-id', 'stu-JSS3-12', '2023/2024', 'First Term', '90', '{"punctuality":3,"neatness":3,"honesty":3}', '{"principal":"Impressive grades. More focus needed in Mathematics.","teacher":"A dedicated and hardworking student."}', '', '2026-06-15T13:17:58.078Z', '2026-06-15T13:17:58.078Z');
INSERT INTO students (id, school_id, name, admission_no, gender, class_name, created_at, updated_at) VALUES ('stu-JSS3-13', 'demo-school-id', 'Uche Nwosu', 'ADM/2023/0113', 'Male', 'JSS 3', '2026-06-15T13:17:58.078Z', '2026-06-15T13:17:58.078Z');
INSERT INTO score_sheets (id, school_id, student_id, data, created_at, updated_at) VALUES ('score-stu-JSS3-13', 'demo-school-id', 'stu-JSS3-13', '{"Mathematics":{"ca1":4,"ca2":8,"exam":46},"Basic Science":{"ca1":2,"ca2":5,"exam":74},"Social Studies":{"ca1":5,"ca2":6,"exam":64},"Civic Education":{"ca1":6,"ca2":9,"exam":33},"Agricultural Science":{"ca1":1,"ca2":2,"exam":68},"Business Studies":{"ca1":1,"ca2":9,"exam":44},"Computer Studies":{"ca1":9,"ca2":5,"exam":67},"Home Economics":{"ca1":5,"ca2":0,"exam":64},"Physical Health Education":{"ca1":10,"ca2":1,"exam":31}}', '2026-06-15T13:17:58.078Z', '2026-06-15T13:17:58.078Z');
INSERT INTO report_extras (id, school_id, student_id, session, term, attendance, traits, comments, promotion, created_at, updated_at) VALUES ('ext-stu-JSS3-13', 'demo-school-id', 'stu-JSS3-13', '2023/2024', 'First Term', '99', '{"punctuality":4,"neatness":5,"honesty":5}', '{"principal":"Impressive grades. More focus needed in Mathematics.","teacher":"Neat and regular in school. Keep it up."}', '', '2026-06-15T13:17:58.078Z', '2026-06-15T13:17:58.078Z');
INSERT INTO students (id, school_id, name, admission_no, gender, class_name, created_at, updated_at) VALUES ('stu-JSS3-14', 'demo-school-id', 'Yinka Lawal', 'ADM/2023/0114', 'Female', 'JSS 3', '2026-06-15T13:17:58.078Z', '2026-06-15T13:17:58.078Z');
INSERT INTO score_sheets (id, school_id, student_id, data, created_at, updated_at) VALUES ('score-stu-JSS3-14', 'demo-school-id', 'stu-JSS3-14', '{"Mathematics":{"ca1":4,"ca2":8,"exam":43},"English Language":{"ca1":4,"ca2":9,"exam":77},"Social Studies":{"ca1":2,"ca2":1,"exam":34},"Civic Education":{"ca1":0,"ca2":6,"exam":35},"Agricultural Science":{"ca1":10,"ca2":2,"exam":75},"Business Studies":{"ca1":3,"ca2":10,"exam":45},"Computer Studies":{"ca1":4,"ca2":4,"exam":42},"Home Economics":{"ca1":3,"ca2":8,"exam":66},"Physical Health Education":{"ca1":5,"ca2":3,"exam":33}}', '2026-06-15T13:17:58.078Z', '2026-06-15T13:17:58.078Z');
INSERT INTO report_extras (id, school_id, student_id, session, term, attendance, traits, comments, promotion, created_at, updated_at) VALUES ('ext-stu-JSS3-14', 'demo-school-id', 'stu-JSS3-14', '2023/2024', 'First Term', '98', '{"punctuality":5,"neatness":5,"honesty":4}', '{"principal":"A good result. You can do better with more practice.","teacher":"Well-behaved and respectful student."}', '', '2026-06-15T13:17:58.078Z', '2026-06-15T13:17:58.078Z');
INSERT INTO students (id, school_id, name, admission_no, gender, class_name, created_at, updated_at) VALUES ('stu-JSS3-15', 'demo-school-id', 'Hadiza Nnaji', 'ADM/2023/0115', 'Male', 'JSS 3', '2026-06-15T13:17:58.078Z', '2026-06-15T13:17:58.078Z');
INSERT INTO score_sheets (id, school_id, student_id, data, created_at, updated_at) VALUES ('score-stu-JSS3-15', 'demo-school-id', 'stu-JSS3-15', '{"Mathematics":{"ca1":4,"ca2":4,"exam":80},"English Language":{"ca1":0,"ca2":5,"exam":67},"Social Studies":{"ca1":9,"ca2":7,"exam":47},"Civic Education":{"ca1":10,"ca2":0,"exam":32},"Agricultural Science":{"ca1":3,"ca2":8,"exam":46},"Business Studies":{"ca1":0,"ca2":5,"exam":74},"Computer Studies":{"ca1":7,"ca2":5,"exam":71},"Home Economics":{"ca1":0,"ca2":8,"exam":56},"Physical Health Education":{"ca1":6,"ca2":5,"exam":75}}', '2026-06-15T13:17:58.078Z', '2026-06-15T13:17:58.078Z');
INSERT INTO report_extras (id, school_id, student_id, session, term, attendance, traits, comments, promotion, created_at, updated_at) VALUES ('ext-stu-JSS3-15', 'demo-school-id', 'stu-JSS3-15', '2023/2024', 'First Term', '95', '{"punctuality":4,"neatness":3,"honesty":4}', '{"principal":"Impressive grades. More focus needed in Mathematics.","teacher":"Very active in class activities. Good job."}', '', '2026-06-15T13:17:58.078Z', '2026-06-15T13:17:58.078Z');
INSERT INTO students (id, school_id, name, admission_no, gender, class_name, created_at, updated_at) VALUES ('stu-JSS3-16', 'demo-school-id', 'Zainab Bello', 'ADM/2023/0116', 'Female', 'JSS 3', '2026-06-15T13:17:58.078Z', '2026-06-15T13:17:58.078Z');
INSERT INTO score_sheets (id, school_id, student_id, data, created_at, updated_at) VALUES ('score-stu-JSS3-16', 'demo-school-id', 'stu-JSS3-16', '{"Mathematics":{"ca1":6,"ca2":4,"exam":68},"English Language":{"ca1":0,"ca2":0,"exam":69},"Basic Science":{"ca1":7,"ca2":6,"exam":43},"Civic Education":{"ca1":5,"ca2":7,"exam":53},"Agricultural Science":{"ca1":0,"ca2":5,"exam":32},"Business Studies":{"ca1":7,"ca2":9,"exam":63},"Computer Studies":{"ca1":8,"ca2":4,"exam":71},"Home Economics":{"ca1":10,"ca2":0,"exam":38},"Physical Health Education":{"ca1":10,"ca2":6,"exam":42}}', '2026-06-15T13:17:58.078Z', '2026-06-15T13:17:58.078Z');
INSERT INTO report_extras (id, school_id, student_id, session, term, attendance, traits, comments, promotion, created_at, updated_at) VALUES ('ext-stu-JSS3-16', 'demo-school-id', 'stu-JSS3-16', '2023/2024', 'First Term', '94', '{"punctuality":5,"neatness":3,"honesty":3}', '{"principal":"Impressive grades. More focus needed in Mathematics.","teacher":"Very active in class activities. Good job."}', '', '2026-06-15T13:17:58.078Z', '2026-06-15T13:17:58.078Z');
INSERT INTO students (id, school_id, name, admission_no, gender, class_name, created_at, updated_at) VALUES ('stu-JSS3-17', 'demo-school-id', 'Babatunde Eze', 'ADM/2023/0117', 'Female', 'JSS 3', '2026-06-15T13:17:58.078Z', '2026-06-15T13:17:58.078Z');
INSERT INTO score_sheets (id, school_id, student_id, data, created_at, updated_at) VALUES ('score-stu-JSS3-17', 'demo-school-id', 'stu-JSS3-17', '{"Mathematics":{"ca1":0,"ca2":7,"exam":40},"English Language":{"ca1":6,"ca2":6,"exam":64},"Civic Education":{"ca1":9,"ca2":10,"exam":32},"Agricultural Science":{"ca1":7,"ca2":1,"exam":70},"Business Studies":{"ca1":8,"ca2":6,"exam":49},"Computer Studies":{"ca1":2,"ca2":1,"exam":67},"Home Economics":{"ca1":2,"ca2":7,"exam":34},"Physical Health Education":{"ca1":7,"ca2":0,"exam":52}}', '2026-06-15T13:17:58.078Z', '2026-06-15T13:17:58.078Z');
INSERT INTO report_extras (id, school_id, student_id, session, term, attendance, traits, comments, promotion, created_at, updated_at) VALUES ('ext-stu-JSS3-17', 'demo-school-id', 'stu-JSS3-17', '2023/2024', 'First Term', '93', '{"punctuality":4,"neatness":5,"honesty":4}', '{"principal":"Excellent result. Consistent effort shown.","teacher":"Well-behaved and respectful student."}', '', '2026-06-15T13:17:58.078Z', '2026-06-15T13:17:58.078Z');
INSERT INTO students (id, school_id, name, admission_no, gender, class_name, created_at, updated_at) VALUES ('stu-JSS3-18', 'demo-school-id', 'Tunde Eze', 'ADM/2023/0118', 'Female', 'JSS 3', '2026-06-15T13:17:58.078Z', '2026-06-15T13:17:58.078Z');
INSERT INTO score_sheets (id, school_id, student_id, data, created_at, updated_at) VALUES ('score-stu-JSS3-18', 'demo-school-id', 'stu-JSS3-18', '{"Mathematics":{"ca1":9,"ca2":2,"exam":32},"English Language":{"ca1":7,"ca2":3,"exam":78},"Basic Science":{"ca1":0,"ca2":5,"exam":37},"Social Studies":{"ca1":9,"ca2":0,"exam":33},"Civic Education":{"ca1":10,"ca2":2,"exam":51},"Agricultural Science":{"ca1":4,"ca2":2,"exam":58},"Business Studies":{"ca1":7,"ca2":8,"exam":54},"Computer Studies":{"ca1":2,"ca2":0,"exam":46},"Home Economics":{"ca1":8,"ca2":5,"exam":41},"Physical Health Education":{"ca1":9,"ca2":3,"exam":48}}', '2026-06-15T13:17:58.078Z', '2026-06-15T13:17:58.078Z');
INSERT INTO report_extras (id, school_id, student_id, session, term, attendance, traits, comments, promotion, created_at, updated_at) VALUES ('ext-stu-JSS3-18', 'demo-school-id', 'stu-JSS3-18', '2023/2024', 'First Term', '96', '{"punctuality":5,"neatness":3,"honesty":4}', '{"principal":"Impressive grades. More focus needed in Mathematics.","teacher":"Well-behaved and respectful student."}', '', '2026-06-15T13:17:58.078Z', '2026-06-15T13:17:58.078Z');
INSERT INTO students (id, school_id, name, admission_no, gender, class_name, created_at, updated_at) VALUES ('stu-JSS3-19', 'demo-school-id', 'Kelechi Ibrahim', 'ADM/2023/0119', 'Female', 'JSS 3', '2026-06-15T13:17:58.078Z', '2026-06-15T13:17:58.078Z');
INSERT INTO score_sheets (id, school_id, student_id, data, created_at, updated_at) VALUES ('score-stu-JSS3-19', 'demo-school-id', 'stu-JSS3-19', '{"Mathematics":{"ca1":8,"ca2":1,"exam":67},"English Language":{"ca1":9,"ca2":9,"exam":54},"Basic Science":{"ca1":8,"ca2":5,"exam":72},"Social Studies":{"ca1":5,"ca2":6,"exam":33},"Civic Education":{"ca1":2,"ca2":6,"exam":34},"Agricultural Science":{"ca1":7,"ca2":7,"exam":67},"Business Studies":{"ca1":9,"ca2":0,"exam":57},"Computer Studies":{"ca1":0,"ca2":3,"exam":33},"Home Economics":{"ca1":7,"ca2":0,"exam":73},"Physical Health Education":{"ca1":2,"ca2":3,"exam":42}}', '2026-06-15T13:17:58.078Z', '2026-06-15T13:17:58.078Z');
INSERT INTO report_extras (id, school_id, student_id, session, term, attendance, traits, comments, promotion, created_at, updated_at) VALUES ('ext-stu-JSS3-19', 'demo-school-id', 'stu-JSS3-19', '2023/2024', 'First Term', '98', '{"punctuality":4,"neatness":3,"honesty":3}', '{"principal":"Impressive grades. More focus needed in Mathematics.","teacher":"Well-behaved and respectful student."}', '', '2026-06-15T13:17:58.078Z', '2026-06-15T13:17:58.078Z');
INSERT INTO students (id, school_id, name, admission_no, gender, class_name, created_at, updated_at) VALUES ('stu-JSS3-20', 'demo-school-id', 'Hadiza Abubakar', 'ADM/2023/0120', 'Female', 'JSS 3', '2026-06-15T13:17:58.078Z', '2026-06-15T13:17:58.078Z');
INSERT INTO score_sheets (id, school_id, student_id, data, created_at, updated_at) VALUES ('score-stu-JSS3-20', 'demo-school-id', 'stu-JSS3-20', '{"Mathematics":{"ca1":8,"ca2":5,"exam":42},"Basic Science":{"ca1":3,"ca2":4,"exam":61},"Social Studies":{"ca1":3,"ca2":4,"exam":73},"Civic Education":{"ca1":6,"ca2":2,"exam":52},"Agricultural Science":{"ca1":5,"ca2":8,"exam":56},"Business Studies":{"ca1":8,"ca2":8,"exam":77},"Computer Studies":{"ca1":10,"ca2":2,"exam":37},"Home Economics":{"ca1":7,"ca2":5,"exam":55},"Physical Health Education":{"ca1":9,"ca2":6,"exam":38}}', '2026-06-15T13:17:58.078Z', '2026-06-15T13:17:58.078Z');
INSERT INTO report_extras (id, school_id, student_id, session, term, attendance, traits, comments, promotion, created_at, updated_at) VALUES ('ext-stu-JSS3-20', 'demo-school-id', 'stu-JSS3-20', '2023/2024', 'First Term', '86', '{"punctuality":5,"neatness":4,"honesty":3}', '{"principal":"Satisfactory performance. Aim for higher grades next term.","teacher":"Very active in class activities. Good job."}', '', '2026-06-15T13:17:58.078Z', '2026-06-15T13:17:58.078Z');
INSERT INTO students (id, school_id, name, admission_no, gender, class_name, created_at, updated_at) VALUES ('stu-JSS3-21', 'demo-school-id', 'Obinna Sanni', 'ADM/2023/0121', 'Male', 'JSS 3', '2026-06-15T13:17:58.078Z', '2026-06-15T13:17:58.078Z');
INSERT INTO score_sheets (id, school_id, student_id, data, created_at, updated_at) VALUES ('score-stu-JSS3-21', 'demo-school-id', 'stu-JSS3-21', '{"Mathematics":{"ca1":0,"ca2":2,"exam":44},"English Language":{"ca1":6,"ca2":5,"exam":55},"Basic Science":{"ca1":3,"ca2":7,"exam":62},"Social Studies":{"ca1":0,"ca2":1,"exam":32},"Civic Education":{"ca1":0,"ca2":0,"exam":50},"Agricultural Science":{"ca1":1,"ca2":4,"exam":44},"Business Studies":{"ca1":6,"ca2":8,"exam":78},"Computer Studies":{"ca1":3,"ca2":7,"exam":54},"Home Economics":{"ca1":0,"ca2":9,"exam":49},"Physical Health Education":{"ca1":3,"ca2":5,"exam":62}}', '2026-06-15T13:17:58.078Z', '2026-06-15T13:17:58.078Z');
INSERT INTO report_extras (id, school_id, student_id, session, term, attendance, traits, comments, promotion, created_at, updated_at) VALUES ('ext-stu-JSS3-21', 'demo-school-id', 'stu-JSS3-21', '2023/2024', 'First Term', '90', '{"punctuality":5,"neatness":4,"honesty":3}', '{"principal":"Satisfactory performance. Aim for higher grades next term.","teacher":"Strongly motivated and shows great potential."}', '', '2026-06-15T13:17:58.078Z', '2026-06-15T13:17:58.078Z');
INSERT INTO students (id, school_id, name, admission_no, gender, class_name, created_at, updated_at) VALUES ('stu-JSS3-22', 'demo-school-id', 'Chinelo Abubakar', 'ADM/2023/0122', 'Male', 'JSS 3', '2026-06-15T13:17:58.078Z', '2026-06-15T13:17:58.078Z');
INSERT INTO score_sheets (id, school_id, student_id, data, created_at, updated_at) VALUES ('score-stu-JSS3-22', 'demo-school-id', 'stu-JSS3-22', '{"Mathematics":{"ca1":9,"ca2":8,"exam":67},"English Language":{"ca1":1,"ca2":3,"exam":52},"Basic Science":{"ca1":6,"ca2":8,"exam":48},"Social Studies":{"ca1":7,"ca2":4,"exam":38},"Civic Education":{"ca1":2,"ca2":5,"exam":55},"Agricultural Science":{"ca1":10,"ca2":10,"exam":65},"Business Studies":{"ca1":6,"ca2":2,"exam":43},"Computer Studies":{"ca1":0,"ca2":7,"exam":49},"Home Economics":{"ca1":0,"ca2":6,"exam":52},"Physical Health Education":{"ca1":7,"ca2":5,"exam":67}}', '2026-06-15T13:17:58.078Z', '2026-06-15T13:17:58.078Z');
INSERT INTO report_extras (id, school_id, student_id, session, term, attendance, traits, comments, promotion, created_at, updated_at) VALUES ('ext-stu-JSS3-22', 'demo-school-id', 'stu-JSS3-22', '2023/2024', 'First Term', '95', '{"punctuality":5,"neatness":5,"honesty":4}', '{"principal":"Impressive grades. More focus needed in Mathematics.","teacher":"A dedicated and hardworking student."}', '', '2026-06-15T13:17:58.078Z', '2026-06-15T13:17:58.078Z');
INSERT INTO students (id, school_id, name, admission_no, gender, class_name, created_at, updated_at) VALUES ('stu-JSS3-23', 'demo-school-id', 'Chidi Lawal', 'ADM/2023/0123', 'Male', 'JSS 3', '2026-06-15T13:17:58.078Z', '2026-06-15T13:17:58.078Z');
INSERT INTO score_sheets (id, school_id, student_id, data, created_at, updated_at) VALUES ('score-stu-JSS3-23', 'demo-school-id', 'stu-JSS3-23', '{"Mathematics":{"ca1":4,"ca2":3,"exam":60},"English Language":{"ca1":8,"ca2":9,"exam":69},"Basic Science":{"ca1":5,"ca2":7,"exam":75},"Social Studies":{"ca1":5,"ca2":0,"exam":59},"Civic Education":{"ca1":5,"ca2":10,"exam":39},"Agricultural Science":{"ca1":9,"ca2":6,"exam":77},"Business Studies":{"ca1":6,"ca2":1,"exam":72},"Physical Health Education":{"ca1":4,"ca2":9,"exam":68}}', '2026-06-15T13:17:58.078Z', '2026-06-15T13:17:58.078Z');
INSERT INTO report_extras (id, school_id, student_id, session, term, attendance, traits, comments, promotion, created_at, updated_at) VALUES ('ext-stu-JSS3-23', 'demo-school-id', 'stu-JSS3-23', '2023/2024', 'First Term', '92', '{"punctuality":3,"neatness":3,"honesty":4}', '{"principal":"A very brilliant performance. Keep it up.","teacher":"Neat and regular in school. Keep it up."}', '', '2026-06-15T13:17:58.078Z', '2026-06-15T13:17:58.078Z');
INSERT INTO students (id, school_id, name, admission_no, gender, class_name, created_at, updated_at) VALUES ('stu-JSS3-24', 'demo-school-id', 'Oluwaseun Garba', 'ADM/2023/0124', 'Male', 'JSS 3', '2026-06-15T13:17:58.078Z', '2026-06-15T13:17:58.078Z');
INSERT INTO score_sheets (id, school_id, student_id, data, created_at, updated_at) VALUES ('score-stu-JSS3-24', 'demo-school-id', 'stu-JSS3-24', '{"Mathematics":{"ca1":1,"ca2":3,"exam":57},"English Language":{"ca1":9,"ca2":2,"exam":34},"Basic Science":{"ca1":7,"ca2":7,"exam":68},"Social Studies":{"ca1":9,"ca2":4,"exam":72},"Civic Education":{"ca1":10,"ca2":5,"exam":70},"Agricultural Science":{"ca1":10,"ca2":3,"exam":49},"Business Studies":{"ca1":1,"ca2":8,"exam":47},"Home Economics":{"ca1":9,"ca2":1,"exam":44},"Physical Health Education":{"ca1":6,"ca2":5,"exam":49}}', '2026-06-15T13:17:58.078Z', '2026-06-15T13:17:58.078Z');
INSERT INTO report_extras (id, school_id, student_id, session, term, attendance, traits, comments, promotion, created_at, updated_at) VALUES ('ext-stu-JSS3-24', 'demo-school-id', 'stu-JSS3-24', '2023/2024', 'First Term', '96', '{"punctuality":5,"neatness":3,"honesty":3}', '{"principal":"Excellent result. Consistent effort shown.","teacher":"Strongly motivated and shows great potential."}', '', '2026-06-15T13:17:58.078Z', '2026-06-15T13:17:58.078Z');
INSERT INTO students (id, school_id, name, admission_no, gender, class_name, created_at, updated_at) VALUES ('stu-JSS3-25', 'demo-school-id', 'Obinna Adeyemi', 'ADM/2023/0125', 'Male', 'JSS 3', '2026-06-15T13:17:58.078Z', '2026-06-15T13:17:58.078Z');
INSERT INTO score_sheets (id, school_id, student_id, data, created_at, updated_at) VALUES ('score-stu-JSS3-25', 'demo-school-id', 'stu-JSS3-25', '{"Social Studies":{"ca1":6,"ca2":9,"exam":44},"Civic Education":{"ca1":10,"ca2":5,"exam":48},"Agricultural Science":{"ca1":6,"ca2":3,"exam":38},"Business Studies":{"ca1":10,"ca2":2,"exam":44},"Home Economics":{"ca1":7,"ca2":4,"exam":62},"Physical Health Education":{"ca1":3,"ca2":8,"exam":42}}', '2026-06-15T13:17:58.078Z', '2026-06-15T13:17:58.078Z');
INSERT INTO report_extras (id, school_id, student_id, session, term, attendance, traits, comments, promotion, created_at, updated_at) VALUES ('ext-stu-JSS3-25', 'demo-school-id', 'stu-JSS3-25', '2023/2024', 'First Term', '93', '{"punctuality":4,"neatness":4,"honesty":3}', '{"principal":"Impressive grades. More focus needed in Mathematics.","teacher":"Very active in class activities. Good job."}', '', '2026-06-15T13:17:58.078Z', '2026-06-15T13:17:58.078Z');
INSERT INTO students (id, school_id, name, admission_no, gender, class_name, created_at, updated_at) VALUES ('stu-JSS3-26', 'demo-school-id', 'Ngozi Olawale', 'ADM/2023/0126', 'Male', 'JSS 3', '2026-06-15T13:17:58.078Z', '2026-06-15T13:17:58.078Z');
INSERT INTO score_sheets (id, school_id, student_id, data, created_at, updated_at) VALUES ('score-stu-JSS3-26', 'demo-school-id', 'stu-JSS3-26', '{"English Language":{"ca1":10,"ca2":3,"exam":69},"Basic Science":{"ca1":9,"ca2":0,"exam":64},"Social Studies":{"ca1":7,"ca2":8,"exam":47},"Civic Education":{"ca1":1,"ca2":8,"exam":65},"Agricultural Science":{"ca1":9,"ca2":4,"exam":55},"Business Studies":{"ca1":9,"ca2":6,"exam":77},"Computer Studies":{"ca1":10,"ca2":4,"exam":65},"Home Economics":{"ca1":5,"ca2":9,"exam":74},"Physical Health Education":{"ca1":7,"ca2":4,"exam":66}}', '2026-06-15T13:17:58.078Z', '2026-06-15T13:17:58.078Z');
INSERT INTO report_extras (id, school_id, student_id, session, term, attendance, traits, comments, promotion, created_at, updated_at) VALUES ('ext-stu-JSS3-26', 'demo-school-id', 'stu-JSS3-26', '2023/2024', 'First Term', '95', '{"punctuality":5,"neatness":3,"honesty":3}', '{"principal":"Impressive grades. More focus needed in Mathematics.","teacher":"Neat and regular in school. Keep it up."}', '', '2026-06-15T13:17:58.078Z', '2026-06-15T13:17:58.078Z');
INSERT INTO students (id, school_id, name, admission_no, gender, class_name, created_at, updated_at) VALUES ('stu-JSS3-27', 'demo-school-id', 'Babatunde Ibrahim', 'ADM/2023/0127', 'Female', 'JSS 3', '2026-06-15T13:17:58.078Z', '2026-06-15T13:17:58.078Z');
INSERT INTO score_sheets (id, school_id, student_id, data, created_at, updated_at) VALUES ('score-stu-JSS3-27', 'demo-school-id', 'stu-JSS3-27', '{"Mathematics":{"ca1":3,"ca2":9,"exam":51},"English Language":{"ca1":7,"ca2":4,"exam":34},"Basic Science":{"ca1":9,"ca2":6,"exam":35},"Social Studies":{"ca1":3,"ca2":1,"exam":37},"Civic Education":{"ca1":10,"ca2":4,"exam":47},"Agricultural Science":{"ca1":4,"ca2":8,"exam":52},"Business Studies":{"ca1":9,"ca2":4,"exam":49},"Computer Studies":{"ca1":10,"ca2":4,"exam":44},"Home Economics":{"ca1":5,"ca2":2,"exam":71},"Physical Health Education":{"ca1":2,"ca2":3,"exam":61}}', '2026-06-15T13:17:58.078Z', '2026-06-15T13:17:58.078Z');
INSERT INTO report_extras (id, school_id, student_id, session, term, attendance, traits, comments, promotion, created_at, updated_at) VALUES ('ext-stu-JSS3-27', 'demo-school-id', 'stu-JSS3-27', '2023/2024', 'First Term', '91', '{"punctuality":4,"neatness":3,"honesty":5}', '{"principal":"Impressive grades. More focus needed in Mathematics.","teacher":"Very active in class activities. Good job."}', '', '2026-06-15T13:17:58.078Z', '2026-06-15T13:17:58.078Z');
INSERT INTO students (id, school_id, name, admission_no, gender, class_name, created_at, updated_at) VALUES ('stu-JSS3-28', 'demo-school-id', 'Babatunde Bello', 'ADM/2023/0128', 'Female', 'JSS 3', '2026-06-15T13:17:58.078Z', '2026-06-15T13:17:58.078Z');
INSERT INTO score_sheets (id, school_id, student_id, data, created_at, updated_at) VALUES ('score-stu-JSS3-28', 'demo-school-id', 'stu-JSS3-28', '{"Mathematics":{"ca1":8,"ca2":6,"exam":74},"English Language":{"ca1":7,"ca2":6,"exam":65},"Social Studies":{"ca1":10,"ca2":9,"exam":67},"Civic Education":{"ca1":0,"ca2":6,"exam":66},"Business Studies":{"ca1":2,"ca2":1,"exam":35},"Computer Studies":{"ca1":0,"ca2":10,"exam":78},"Home Economics":{"ca1":1,"ca2":0,"exam":31},"Physical Health Education":{"ca1":2,"ca2":1,"exam":61}}', '2026-06-15T13:17:58.078Z', '2026-06-15T13:17:58.078Z');
INSERT INTO report_extras (id, school_id, student_id, session, term, attendance, traits, comments, promotion, created_at, updated_at) VALUES ('ext-stu-JSS3-28', 'demo-school-id', 'stu-JSS3-28', '2023/2024', 'First Term', '85', '{"punctuality":4,"neatness":5,"honesty":3}', '{"principal":"Satisfactory performance. Aim for higher grades next term.","teacher":"Very active in class activities. Good job."}', '', '2026-06-15T13:17:58.078Z', '2026-06-15T13:17:58.078Z');
INSERT INTO students (id, school_id, name, admission_no, gender, class_name, created_at, updated_at) VALUES ('stu-JSS3-29', 'demo-school-id', 'Musa Abubakar', 'ADM/2023/0129', 'Female', 'JSS 3', '2026-06-15T13:17:58.078Z', '2026-06-15T13:17:58.078Z');
INSERT INTO score_sheets (id, school_id, student_id, data, created_at, updated_at) VALUES ('score-stu-JSS3-29', 'demo-school-id', 'stu-JSS3-29', '{"Mathematics":{"ca1":6,"ca2":6,"exam":51},"English Language":{"ca1":10,"ca2":7,"exam":45},"Basic Science":{"ca1":6,"ca2":0,"exam":52},"Social Studies":{"ca1":3,"ca2":1,"exam":73},"Civic Education":{"ca1":5,"ca2":6,"exam":56},"Agricultural Science":{"ca1":5,"ca2":1,"exam":79},"Business Studies":{"ca1":1,"ca2":7,"exam":66},"Computer Studies":{"ca1":5,"ca2":7,"exam":77},"Home Economics":{"ca1":9,"ca2":2,"exam":38},"Physical Health Education":{"ca1":4,"ca2":8,"exam":34}}', '2026-06-15T13:17:58.078Z', '2026-06-15T13:17:58.078Z');
INSERT INTO report_extras (id, school_id, student_id, session, term, attendance, traits, comments, promotion, created_at, updated_at) VALUES ('ext-stu-JSS3-29', 'demo-school-id', 'stu-JSS3-29', '2023/2024', 'First Term', '99', '{"punctuality":4,"neatness":4,"honesty":4}', '{"principal":"Impressive grades. More focus needed in Mathematics.","teacher":"Well-behaved and respectful student."}', '', '2026-06-15T13:17:58.078Z', '2026-06-15T13:17:58.078Z');
INSERT INTO students (id, school_id, name, admission_no, gender, class_name, created_at, updated_at) VALUES ('stu-JSS3-30', 'demo-school-id', 'Aisha Nnaji', 'ADM/2023/0130', 'Male', 'JSS 3', '2026-06-15T13:17:58.078Z', '2026-06-15T13:17:58.078Z');
INSERT INTO score_sheets (id, school_id, student_id, data, created_at, updated_at) VALUES ('score-stu-JSS3-30', 'demo-school-id', 'stu-JSS3-30', '{"Mathematics":{"ca1":1,"ca2":6,"exam":32},"English Language":{"ca1":6,"ca2":6,"exam":51},"Basic Science":{"ca1":1,"ca2":6,"exam":52},"Civic Education":{"ca1":4,"ca2":10,"exam":76},"Agricultural Science":{"ca1":3,"ca2":2,"exam":55},"Business Studies":{"ca1":1,"ca2":5,"exam":30},"Home Economics":{"ca1":5,"ca2":7,"exam":51},"Physical Health Education":{"ca1":9,"ca2":6,"exam":54}}', '2026-06-15T13:17:58.078Z', '2026-06-15T13:17:58.078Z');
INSERT INTO report_extras (id, school_id, student_id, session, term, attendance, traits, comments, promotion, created_at, updated_at) VALUES ('ext-stu-JSS3-30', 'demo-school-id', 'stu-JSS3-30', '2023/2024', 'First Term', '98', '{"punctuality":4,"neatness":4,"honesty":5}', '{"principal":"Impressive grades. More focus needed in Mathematics.","teacher":"A dedicated and hardworking student."}', '', '2026-06-15T13:17:58.078Z', '2026-06-15T13:17:58.078Z');
INSERT INTO students (id, school_id, name, admission_no, gender, class_name, created_at, updated_at) VALUES ('stu-JSS3-31', 'demo-school-id', 'Chidi Sanni', 'ADM/2023/0131', 'Female', 'JSS 3', '2026-06-15T13:17:58.078Z', '2026-06-15T13:17:58.078Z');
INSERT INTO score_sheets (id, school_id, student_id, data, created_at, updated_at) VALUES ('score-stu-JSS3-31', 'demo-school-id', 'stu-JSS3-31', '{"Mathematics":{"ca1":9,"ca2":0,"exam":68},"English Language":{"ca1":0,"ca2":3,"exam":40},"Basic Science":{"ca1":3,"ca2":9,"exam":43},"Social Studies":{"ca1":7,"ca2":6,"exam":79},"Civic Education":{"ca1":5,"ca2":5,"exam":73},"Agricultural Science":{"ca1":1,"ca2":1,"exam":30},"Business Studies":{"ca1":2,"ca2":7,"exam":50},"Computer Studies":{"ca1":10,"ca2":8,"exam":69},"Home Economics":{"ca1":4,"ca2":3,"exam":79},"Physical Health Education":{"ca1":1,"ca2":10,"exam":52}}', '2026-06-15T13:17:58.078Z', '2026-06-15T13:17:58.078Z');
INSERT INTO report_extras (id, school_id, student_id, session, term, attendance, traits, comments, promotion, created_at, updated_at) VALUES ('ext-stu-JSS3-31', 'demo-school-id', 'stu-JSS3-31', '2023/2024', 'First Term', '96', '{"punctuality":4,"neatness":4,"honesty":4}', '{"principal":"A good result. You can do better with more practice.","teacher":"Very active in class activities. Good job."}', '', '2026-06-15T13:17:58.078Z', '2026-06-15T13:17:58.078Z');
INSERT INTO students (id, school_id, name, admission_no, gender, class_name, created_at, updated_at) VALUES ('stu-JSS3-32', 'demo-school-id', 'Obinna Danjuma', 'ADM/2023/0132', 'Female', 'JSS 3', '2026-06-15T13:17:58.078Z', '2026-06-15T13:17:58.078Z');
INSERT INTO score_sheets (id, school_id, student_id, data, created_at, updated_at) VALUES ('score-stu-JSS3-32', 'demo-school-id', 'stu-JSS3-32', '{"Mathematics":{"ca1":7,"ca2":4,"exam":54},"English Language":{"ca1":5,"ca2":4,"exam":44},"Basic Science":{"ca1":6,"ca2":2,"exam":52},"Social Studies":{"ca1":10,"ca2":8,"exam":72},"Civic Education":{"ca1":9,"ca2":5,"exam":67},"Agricultural Science":{"ca1":6,"ca2":9,"exam":31},"Business Studies":{"ca1":2,"ca2":3,"exam":54},"Computer Studies":{"ca1":10,"ca2":0,"exam":67},"Home Economics":{"ca1":5,"ca2":1,"exam":68},"Physical Health Education":{"ca1":5,"ca2":2,"exam":38}}', '2026-06-15T13:17:58.078Z', '2026-06-15T13:17:58.078Z');
INSERT INTO report_extras (id, school_id, student_id, session, term, attendance, traits, comments, promotion, created_at, updated_at) VALUES ('ext-stu-JSS3-32', 'demo-school-id', 'stu-JSS3-32', '2023/2024', 'First Term', '99', '{"punctuality":5,"neatness":5,"honesty":4}', '{"principal":"A good result. You can do better with more practice.","teacher":"Well-behaved and respectful student."}', '', '2026-06-15T13:17:58.078Z', '2026-06-15T13:17:58.078Z');
INSERT INTO students (id, school_id, name, admission_no, gender, class_name, created_at, updated_at) VALUES ('stu-JSS3-33', 'demo-school-id', 'Mustapha Usman', 'ADM/2023/0133', 'Male', 'JSS 3', '2026-06-15T13:17:58.078Z', '2026-06-15T13:17:58.078Z');
INSERT INTO score_sheets (id, school_id, student_id, data, created_at, updated_at) VALUES ('score-stu-JSS3-33', 'demo-school-id', 'stu-JSS3-33', '{"Mathematics":{"ca1":5,"ca2":5,"exam":32},"English Language":{"ca1":5,"ca2":3,"exam":70},"Basic Science":{"ca1":3,"ca2":4,"exam":54},"Social Studies":{"ca1":10,"ca2":5,"exam":38},"Civic Education":{"ca1":10,"ca2":0,"exam":37},"Agricultural Science":{"ca1":4,"ca2":7,"exam":62},"Business Studies":{"ca1":2,"ca2":9,"exam":65},"Computer Studies":{"ca1":4,"ca2":10,"exam":67},"Home Economics":{"ca1":0,"ca2":2,"exam":34},"Physical Health Education":{"ca1":8,"ca2":4,"exam":32}}', '2026-06-15T13:17:58.078Z', '2026-06-15T13:17:58.078Z');
INSERT INTO report_extras (id, school_id, student_id, session, term, attendance, traits, comments, promotion, created_at, updated_at) VALUES ('ext-stu-JSS3-33', 'demo-school-id', 'stu-JSS3-33', '2023/2024', 'First Term', '96', '{"punctuality":5,"neatness":4,"honesty":3}', '{"principal":"Excellent result. Consistent effort shown.","teacher":"A dedicated and hardworking student."}', '', '2026-06-15T13:17:58.078Z', '2026-06-15T13:17:58.078Z');
INSERT INTO students (id, school_id, name, admission_no, gender, class_name, created_at, updated_at) VALUES ('stu-JSS3-34', 'demo-school-id', 'Mustapha Bello', 'ADM/2023/0134', 'Male', 'JSS 3', '2026-06-15T13:17:58.078Z', '2026-06-15T13:17:58.078Z');
INSERT INTO score_sheets (id, school_id, student_id, data, created_at, updated_at) VALUES ('score-stu-JSS3-34', 'demo-school-id', 'stu-JSS3-34', '{"Mathematics":{"ca1":7,"ca2":6,"exam":38},"English Language":{"ca1":1,"ca2":5,"exam":71},"Basic Science":{"ca1":6,"ca2":3,"exam":60},"Social Studies":{"ca1":10,"ca2":0,"exam":64},"Civic Education":{"ca1":5,"ca2":3,"exam":63},"Business Studies":{"ca1":1,"ca2":5,"exam":38},"Computer Studies":{"ca1":7,"ca2":3,"exam":66},"Home Economics":{"ca1":4,"ca2":5,"exam":68},"Physical Health Education":{"ca1":0,"ca2":7,"exam":51}}', '2026-06-15T13:17:58.078Z', '2026-06-15T13:17:58.078Z');
INSERT INTO report_extras (id, school_id, student_id, session, term, attendance, traits, comments, promotion, created_at, updated_at) VALUES ('ext-stu-JSS3-34', 'demo-school-id', 'stu-JSS3-34', '2023/2024', 'First Term', '87', '{"punctuality":4,"neatness":5,"honesty":3}', '{"principal":"Excellent result. Consistent effort shown.","teacher":"Strongly motivated and shows great potential."}', '', '2026-06-15T13:17:58.078Z', '2026-06-15T13:17:58.078Z');
INSERT INTO students (id, school_id, name, admission_no, gender, class_name, created_at, updated_at) VALUES ('stu-JSS3-35', 'demo-school-id', 'Aisha Adeyemi', 'ADM/2023/0135', 'Female', 'JSS 3', '2026-06-15T13:17:58.078Z', '2026-06-15T13:17:58.078Z');
INSERT INTO score_sheets (id, school_id, student_id, data, created_at, updated_at) VALUES ('score-stu-JSS3-35', 'demo-school-id', 'stu-JSS3-35', '{"Mathematics":{"ca1":6,"ca2":6,"exam":44},"English Language":{"ca1":1,"ca2":10,"exam":78},"Basic Science":{"ca1":10,"ca2":0,"exam":38},"Social Studies":{"ca1":7,"ca2":10,"exam":37},"Civic Education":{"ca1":7,"ca2":10,"exam":80},"Agricultural Science":{"ca1":5,"ca2":1,"exam":44},"Business Studies":{"ca1":0,"ca2":2,"exam":41},"Computer Studies":{"ca1":1,"ca2":8,"exam":40},"Home Economics":{"ca1":4,"ca2":7,"exam":59},"Physical Health Education":{"ca1":4,"ca2":8,"exam":68}}', '2026-06-15T13:17:58.078Z', '2026-06-15T13:17:58.078Z');
INSERT INTO report_extras (id, school_id, student_id, session, term, attendance, traits, comments, promotion, created_at, updated_at) VALUES ('ext-stu-JSS3-35', 'demo-school-id', 'stu-JSS3-35', '2023/2024', 'First Term', '87', '{"punctuality":4,"neatness":4,"honesty":3}', '{"principal":"Impressive grades. More focus needed in Mathematics.","teacher":"Neat and regular in school. Keep it up."}', '', '2026-06-15T13:17:58.078Z', '2026-06-15T13:17:58.078Z');
INSERT INTO students (id, school_id, name, admission_no, gender, class_name, created_at, updated_at) VALUES ('stu-JSS3-36', 'demo-school-id', 'Babatunde Adebayo', 'ADM/2023/0136', 'Female', 'JSS 3', '2026-06-15T13:17:58.078Z', '2026-06-15T13:17:58.078Z');
INSERT INTO score_sheets (id, school_id, student_id, data, created_at, updated_at) VALUES ('score-stu-JSS3-36', 'demo-school-id', 'stu-JSS3-36', '{"Mathematics":{"ca1":6,"ca2":1,"exam":69},"English Language":{"ca1":5,"ca2":9,"exam":44},"Basic Science":{"ca1":10,"ca2":5,"exam":80},"Social Studies":{"ca1":5,"ca2":7,"exam":70},"Agricultural Science":{"ca1":9,"ca2":2,"exam":61},"Business Studies":{"ca1":2,"ca2":6,"exam":42},"Computer Studies":{"ca1":1,"ca2":4,"exam":42},"Home Economics":{"ca1":8,"ca2":4,"exam":48},"Physical Health Education":{"ca1":3,"ca2":0,"exam":62}}', '2026-06-15T13:17:58.078Z', '2026-06-15T13:17:58.078Z');
INSERT INTO report_extras (id, school_id, student_id, session, term, attendance, traits, comments, promotion, created_at, updated_at) VALUES ('ext-stu-JSS3-36', 'demo-school-id', 'stu-JSS3-36', '2023/2024', 'First Term', '87', '{"punctuality":5,"neatness":4,"honesty":5}', '{"principal":"Excellent result. Consistent effort shown.","teacher":"Strongly motivated and shows great potential."}', '', '2026-06-15T13:17:58.078Z', '2026-06-15T13:17:58.078Z');
INSERT INTO students (id, school_id, name, admission_no, gender, class_name, created_at, updated_at) VALUES ('stu-JSS3-37', 'demo-school-id', 'Hadiza Sanni', 'ADM/2023/0137', 'Female', 'JSS 3', '2026-06-15T13:17:58.078Z', '2026-06-15T13:17:58.078Z');
INSERT INTO score_sheets (id, school_id, student_id, data, created_at, updated_at) VALUES ('score-stu-JSS3-37', 'demo-school-id', 'stu-JSS3-37', '{"Mathematics":{"ca1":6,"ca2":9,"exam":34},"English Language":{"ca1":0,"ca2":6,"exam":41},"Basic Science":{"ca1":3,"ca2":10,"exam":30},"Social Studies":{"ca1":2,"ca2":10,"exam":61},"Civic Education":{"ca1":10,"ca2":0,"exam":31},"Agricultural Science":{"ca1":2,"ca2":2,"exam":63},"Business Studies":{"ca1":4,"ca2":8,"exam":40},"Computer Studies":{"ca1":4,"ca2":9,"exam":64},"Home Economics":{"ca1":2,"ca2":4,"exam":37},"Physical Health Education":{"ca1":4,"ca2":0,"exam":45}}', '2026-06-15T13:17:58.078Z', '2026-06-15T13:17:58.078Z');
INSERT INTO report_extras (id, school_id, student_id, session, term, attendance, traits, comments, promotion, created_at, updated_at) VALUES ('ext-stu-JSS3-37', 'demo-school-id', 'stu-JSS3-37', '2023/2024', 'First Term', '88', '{"punctuality":3,"neatness":5,"honesty":5}', '{"principal":"A very brilliant performance. Keep it up.","teacher":"Very active in class activities. Good job."}', '', '2026-06-15T13:17:58.078Z', '2026-06-15T13:17:58.078Z');
INSERT INTO students (id, school_id, name, admission_no, gender, class_name, created_at, updated_at) VALUES ('stu-JSS3-38', 'demo-school-id', 'Hadiza Usman', 'ADM/2023/0138', 'Male', 'JSS 3', '2026-06-15T13:17:58.078Z', '2026-06-15T13:17:58.078Z');
INSERT INTO score_sheets (id, school_id, student_id, data, created_at, updated_at) VALUES ('score-stu-JSS3-38', 'demo-school-id', 'stu-JSS3-38', '{"Mathematics":{"ca1":10,"ca2":7,"exam":37},"English Language":{"ca1":6,"ca2":0,"exam":47},"Basic Science":{"ca1":10,"ca2":10,"exam":48},"Social Studies":{"ca1":7,"ca2":5,"exam":73},"Civic Education":{"ca1":5,"ca2":0,"exam":74},"Agricultural Science":{"ca1":6,"ca2":10,"exam":44},"Business Studies":{"ca1":2,"ca2":4,"exam":59},"Computer Studies":{"ca1":10,"ca2":5,"exam":48},"Home Economics":{"ca1":0,"ca2":8,"exam":77},"Physical Health Education":{"ca1":1,"ca2":6,"exam":42}}', '2026-06-15T13:17:58.078Z', '2026-06-15T13:17:58.078Z');
INSERT INTO report_extras (id, school_id, student_id, session, term, attendance, traits, comments, promotion, created_at, updated_at) VALUES ('ext-stu-JSS3-38', 'demo-school-id', 'stu-JSS3-38', '2023/2024', 'First Term', '92', '{"punctuality":5,"neatness":3,"honesty":3}', '{"principal":"A very brilliant performance. Keep it up.","teacher":"Well-behaved and respectful student."}', '', '2026-06-15T13:17:58.078Z', '2026-06-15T13:17:58.078Z');
INSERT INTO students (id, school_id, name, admission_no, gender, class_name, created_at, updated_at) VALUES ('stu-JSS3-39', 'demo-school-id', 'Tunde Okonkwo', 'ADM/2023/0139', 'Male', 'JSS 3', '2026-06-15T13:17:58.078Z', '2026-06-15T13:17:58.078Z');
INSERT INTO score_sheets (id, school_id, student_id, data, created_at, updated_at) VALUES ('score-stu-JSS3-39', 'demo-school-id', 'stu-JSS3-39', '{"Mathematics":{"ca1":6,"ca2":0,"exam":74},"English Language":{"ca1":6,"ca2":4,"exam":65},"Basic Science":{"ca1":5,"ca2":6,"exam":48},"Social Studies":{"ca1":9,"ca2":9,"exam":78},"Civic Education":{"ca1":6,"ca2":8,"exam":65},"Agricultural Science":{"ca1":4,"ca2":8,"exam":49},"Business Studies":{"ca1":8,"ca2":2,"exam":54},"Computer Studies":{"ca1":7,"ca2":9,"exam":48},"Physical Health Education":{"ca1":5,"ca2":4,"exam":72}}', '2026-06-15T13:17:58.078Z', '2026-06-15T13:17:58.078Z');
INSERT INTO report_extras (id, school_id, student_id, session, term, attendance, traits, comments, promotion, created_at, updated_at) VALUES ('ext-stu-JSS3-39', 'demo-school-id', 'stu-JSS3-39', '2023/2024', 'First Term', '93', '{"punctuality":3,"neatness":4,"honesty":4}', '{"principal":"Excellent result. Consistent effort shown.","teacher":"Strongly motivated and shows great potential."}', '', '2026-06-15T13:17:58.078Z', '2026-06-15T13:17:58.078Z');
INSERT INTO students (id, school_id, name, admission_no, gender, class_name, created_at, updated_at) VALUES ('stu-JSS3-40', 'demo-school-id', 'Chidi Muhammed', 'ADM/2023/0140', 'Female', 'JSS 3', '2026-06-15T13:17:58.078Z', '2026-06-15T13:17:58.078Z');
INSERT INTO score_sheets (id, school_id, student_id, data, created_at, updated_at) VALUES ('score-stu-JSS3-40', 'demo-school-id', 'stu-JSS3-40', '{"Mathematics":{"ca1":3,"ca2":5,"exam":41},"English Language":{"ca1":6,"ca2":4,"exam":70},"Basic Science":{"ca1":9,"ca2":8,"exam":56},"Social Studies":{"ca1":4,"ca2":6,"exam":44},"Civic Education":{"ca1":7,"ca2":10,"exam":64},"Agricultural Science":{"ca1":5,"ca2":1,"exam":39},"Physical Health Education":{"ca1":7,"ca2":10,"exam":50}}', '2026-06-15T13:17:58.078Z', '2026-06-15T13:17:58.078Z');
INSERT INTO report_extras (id, school_id, student_id, session, term, attendance, traits, comments, promotion, created_at, updated_at) VALUES ('ext-stu-JSS3-40', 'demo-school-id', 'stu-JSS3-40', '2023/2024', 'First Term', '98', '{"punctuality":3,"neatness":5,"honesty":3}', '{"principal":"A very brilliant performance. Keep it up.","teacher":"Neat and regular in school. Keep it up."}', '', '2026-06-15T13:17:58.078Z', '2026-06-15T13:17:58.078Z');
INSERT INTO students (id, school_id, name, admission_no, gender, class_name, created_at, updated_at) VALUES ('stu-JSS3-41', 'demo-school-id', 'Zainab Okafor', 'ADM/2023/0141', 'Male', 'JSS 3', '2026-06-15T13:17:58.078Z', '2026-06-15T13:17:58.078Z');
INSERT INTO score_sheets (id, school_id, student_id, data, created_at, updated_at) VALUES ('score-stu-JSS3-41', 'demo-school-id', 'stu-JSS3-41', '{"Mathematics":{"ca1":8,"ca2":0,"exam":47},"English Language":{"ca1":3,"ca2":6,"exam":70},"Basic Science":{"ca1":1,"ca2":6,"exam":46},"Social Studies":{"ca1":0,"ca2":7,"exam":73},"Civic Education":{"ca1":0,"ca2":10,"exam":74},"Agricultural Science":{"ca1":1,"ca2":5,"exam":69},"Business Studies":{"ca1":9,"ca2":8,"exam":55},"Computer Studies":{"ca1":6,"ca2":5,"exam":35},"Home Economics":{"ca1":7,"ca2":9,"exam":56},"Physical Health Education":{"ca1":4,"ca2":3,"exam":30}}', '2026-06-15T13:17:58.078Z', '2026-06-15T13:17:58.078Z');
INSERT INTO report_extras (id, school_id, student_id, session, term, attendance, traits, comments, promotion, created_at, updated_at) VALUES ('ext-stu-JSS3-41', 'demo-school-id', 'stu-JSS3-41', '2023/2024', 'First Term', '95', '{"punctuality":5,"neatness":5,"honesty":5}', '{"principal":"Satisfactory performance. Aim for higher grades next term.","teacher":"Strongly motivated and shows great potential."}', '', '2026-06-15T13:17:58.078Z', '2026-06-15T13:17:58.078Z');
INSERT INTO students (id, school_id, name, admission_no, gender, class_name, created_at, updated_at) VALUES ('stu-JSS3-42', 'demo-school-id', 'Folake Balogun', 'ADM/2023/0142', 'Female', 'JSS 3', '2026-06-15T13:17:58.078Z', '2026-06-15T13:17:58.078Z');
INSERT INTO score_sheets (id, school_id, student_id, data, created_at, updated_at) VALUES ('score-stu-JSS3-42', 'demo-school-id', 'stu-JSS3-42', '{"Mathematics":{"ca1":10,"ca2":4,"exam":42},"English Language":{"ca1":3,"ca2":9,"exam":49},"Social Studies":{"ca1":4,"ca2":10,"exam":60},"Civic Education":{"ca1":0,"ca2":6,"exam":70},"Agricultural Science":{"ca1":4,"ca2":1,"exam":36},"Business Studies":{"ca1":1,"ca2":7,"exam":54},"Computer Studies":{"ca1":8,"ca2":3,"exam":61},"Physical Health Education":{"ca1":5,"ca2":8,"exam":50}}', '2026-06-15T13:17:58.078Z', '2026-06-15T13:17:58.078Z');
INSERT INTO report_extras (id, school_id, student_id, session, term, attendance, traits, comments, promotion, created_at, updated_at) VALUES ('ext-stu-JSS3-42', 'demo-school-id', 'stu-JSS3-42', '2023/2024', 'First Term', '97', '{"punctuality":5,"neatness":4,"honesty":5}', '{"principal":"Impressive grades. More focus needed in Mathematics.","teacher":"A dedicated and hardworking student."}', '', '2026-06-15T13:17:58.078Z', '2026-06-15T13:17:58.078Z');
INSERT INTO students (id, school_id, name, admission_no, gender, class_name, created_at, updated_at) VALUES ('stu-JSS3-43', 'demo-school-id', 'Ibrahim Adeyemi', 'ADM/2023/0143', 'Male', 'JSS 3', '2026-06-15T13:17:58.078Z', '2026-06-15T13:17:58.078Z');
INSERT INTO score_sheets (id, school_id, student_id, data, created_at, updated_at) VALUES ('score-stu-JSS3-43', 'demo-school-id', 'stu-JSS3-43', '{"Mathematics":{"ca1":4,"ca2":10,"exam":45},"English Language":{"ca1":8,"ca2":7,"exam":51},"Basic Science":{"ca1":8,"ca2":9,"exam":40},"Social Studies":{"ca1":4,"ca2":6,"exam":35},"Civic Education":{"ca1":8,"ca2":1,"exam":45},"Agricultural Science":{"ca1":1,"ca2":10,"exam":30},"Computer Studies":{"ca1":2,"ca2":7,"exam":39},"Home Economics":{"ca1":2,"ca2":1,"exam":53},"Physical Health Education":{"ca1":6,"ca2":2,"exam":80}}', '2026-06-15T13:17:58.078Z', '2026-06-15T13:17:58.078Z');
INSERT INTO report_extras (id, school_id, student_id, session, term, attendance, traits, comments, promotion, created_at, updated_at) VALUES ('ext-stu-JSS3-43', 'demo-school-id', 'stu-JSS3-43', '2023/2024', 'First Term', '98', '{"punctuality":4,"neatness":3,"honesty":5}', '{"principal":"Excellent result. Consistent effort shown.","teacher":"Very active in class activities. Good job."}', '', '2026-06-15T13:17:58.078Z', '2026-06-15T13:17:58.078Z');
INSERT INTO students (id, school_id, name, admission_no, gender, class_name, created_at, updated_at) VALUES ('stu-JSS3-44', 'demo-school-id', 'Hadiza Garba', 'ADM/2023/0144', 'Male', 'JSS 3', '2026-06-15T13:17:58.078Z', '2026-06-15T13:17:58.078Z');
INSERT INTO score_sheets (id, school_id, student_id, data, created_at, updated_at) VALUES ('score-stu-JSS3-44', 'demo-school-id', 'stu-JSS3-44', '{"Mathematics":{"ca1":0,"ca2":10,"exam":64},"English Language":{"ca1":6,"ca2":4,"exam":38},"Basic Science":{"ca1":0,"ca2":3,"exam":50},"Social Studies":{"ca1":1,"ca2":7,"exam":65},"Civic Education":{"ca1":9,"ca2":1,"exam":70},"Agricultural Science":{"ca1":8,"ca2":10,"exam":55},"Business Studies":{"ca1":2,"ca2":3,"exam":47},"Computer Studies":{"ca1":0,"ca2":1,"exam":47},"Home Economics":{"ca1":10,"ca2":10,"exam":39},"Physical Health Education":{"ca1":3,"ca2":0,"exam":77}}', '2026-06-15T13:17:58.078Z', '2026-06-15T13:17:58.078Z');
INSERT INTO report_extras (id, school_id, student_id, session, term, attendance, traits, comments, promotion, created_at, updated_at) VALUES ('ext-stu-JSS3-44', 'demo-school-id', 'stu-JSS3-44', '2023/2024', 'First Term', '87', '{"punctuality":5,"neatness":5,"honesty":5}', '{"principal":"A good result. You can do better with more practice.","teacher":"Strongly motivated and shows great potential."}', '', '2026-06-15T13:17:58.078Z', '2026-06-15T13:17:58.078Z');
INSERT INTO students (id, school_id, name, admission_no, gender, class_name, created_at, updated_at) VALUES ('stu-JSS3-45', 'demo-school-id', 'Tunde Danjuma', 'ADM/2023/0145', 'Male', 'JSS 3', '2026-06-15T13:17:58.078Z', '2026-06-15T13:17:58.078Z');
INSERT INTO score_sheets (id, school_id, student_id, data, created_at, updated_at) VALUES ('score-stu-JSS3-45', 'demo-school-id', 'stu-JSS3-45', '{"Mathematics":{"ca1":7,"ca2":7,"exam":54},"English Language":{"ca1":1,"ca2":3,"exam":38},"Basic Science":{"ca1":7,"ca2":10,"exam":80},"Social Studies":{"ca1":7,"ca2":8,"exam":42},"Civic Education":{"ca1":7,"ca2":10,"exam":46},"Agricultural Science":{"ca1":9,"ca2":5,"exam":33},"Business Studies":{"ca1":1,"ca2":4,"exam":32},"Computer Studies":{"ca1":0,"ca2":2,"exam":39},"Home Economics":{"ca1":0,"ca2":6,"exam":52}}', '2026-06-15T13:17:58.078Z', '2026-06-15T13:17:58.078Z');
INSERT INTO report_extras (id, school_id, student_id, session, term, attendance, traits, comments, promotion, created_at, updated_at) VALUES ('ext-stu-JSS3-45', 'demo-school-id', 'stu-JSS3-45', '2023/2024', 'First Term', '99', '{"punctuality":5,"neatness":5,"honesty":4}', '{"principal":"A very brilliant performance. Keep it up.","teacher":"A dedicated and hardworking student."}', '', '2026-06-15T13:17:58.078Z', '2026-06-15T13:17:58.078Z');
INSERT INTO students (id, school_id, name, admission_no, gender, class_name, created_at, updated_at) VALUES ('stu-JSS3-46', 'demo-school-id', 'Ibrahim Garba', 'ADM/2023/0146', 'Male', 'JSS 3', '2026-06-15T13:17:58.078Z', '2026-06-15T13:17:58.078Z');
INSERT INTO score_sheets (id, school_id, student_id, data, created_at, updated_at) VALUES ('score-stu-JSS3-46', 'demo-school-id', 'stu-JSS3-46', '{"Mathematics":{"ca1":7,"ca2":2,"exam":50},"English Language":{"ca1":5,"ca2":5,"exam":54},"Civic Education":{"ca1":10,"ca2":3,"exam":57},"Agricultural Science":{"ca1":9,"ca2":2,"exam":40},"Business Studies":{"ca1":3,"ca2":4,"exam":71},"Computer Studies":{"ca1":4,"ca2":3,"exam":74},"Home Economics":{"ca1":5,"ca2":3,"exam":49},"Physical Health Education":{"ca1":3,"ca2":6,"exam":58}}', '2026-06-15T13:17:58.078Z', '2026-06-15T13:17:58.078Z');
INSERT INTO report_extras (id, school_id, student_id, session, term, attendance, traits, comments, promotion, created_at, updated_at) VALUES ('ext-stu-JSS3-46', 'demo-school-id', 'stu-JSS3-46', '2023/2024', 'First Term', '90', '{"punctuality":4,"neatness":4,"honesty":4}', '{"principal":"Excellent result. Consistent effort shown.","teacher":"A dedicated and hardworking student."}', '', '2026-06-15T13:17:58.078Z', '2026-06-15T13:17:58.078Z');
INSERT INTO students (id, school_id, name, admission_no, gender, class_name, created_at, updated_at) VALUES ('stu-JSS3-47', 'demo-school-id', 'Chinelo Sanni', 'ADM/2023/0147', 'Female', 'JSS 3', '2026-06-15T13:17:58.078Z', '2026-06-15T13:17:58.078Z');
INSERT INTO score_sheets (id, school_id, student_id, data, created_at, updated_at) VALUES ('score-stu-JSS3-47', 'demo-school-id', 'stu-JSS3-47', '{"Mathematics":{"ca1":9,"ca2":1,"exam":62},"Basic Science":{"ca1":1,"ca2":5,"exam":66},"Social Studies":{"ca1":0,"ca2":6,"exam":63},"Civic Education":{"ca1":8,"ca2":3,"exam":33},"Agricultural Science":{"ca1":2,"ca2":7,"exam":65},"Business Studies":{"ca1":7,"ca2":10,"exam":71},"Computer Studies":{"ca1":0,"ca2":4,"exam":59},"Home Economics":{"ca1":1,"ca2":4,"exam":53},"Physical Health Education":{"ca1":10,"ca2":6,"exam":70}}', '2026-06-15T13:17:58.078Z', '2026-06-15T13:17:58.078Z');
INSERT INTO report_extras (id, school_id, student_id, session, term, attendance, traits, comments, promotion, created_at, updated_at) VALUES ('ext-stu-JSS3-47', 'demo-school-id', 'stu-JSS3-47', '2023/2024', 'First Term', '87', '{"punctuality":5,"neatness":4,"honesty":5}', '{"principal":"A good result. You can do better with more practice.","teacher":"A dedicated and hardworking student."}', '', '2026-06-15T13:17:58.078Z', '2026-06-15T13:17:58.078Z');
INSERT INTO students (id, school_id, name, admission_no, gender, class_name, created_at, updated_at) VALUES ('stu-JSS3-48', 'demo-school-id', 'Ngozi Usman', 'ADM/2023/0148', 'Female', 'JSS 3', '2026-06-15T13:17:58.078Z', '2026-06-15T13:17:58.078Z');
INSERT INTO score_sheets (id, school_id, student_id, data, created_at, updated_at) VALUES ('score-stu-JSS3-48', 'demo-school-id', 'stu-JSS3-48', '{"Mathematics":{"ca1":0,"ca2":0,"exam":75},"English Language":{"ca1":8,"ca2":4,"exam":66},"Basic Science":{"ca1":1,"ca2":8,"exam":65},"Social Studies":{"ca1":9,"ca2":5,"exam":72},"Civic Education":{"ca1":7,"ca2":5,"exam":48},"Business Studies":{"ca1":2,"ca2":5,"exam":63},"Computer Studies":{"ca1":2,"ca2":10,"exam":61},"Home Economics":{"ca1":5,"ca2":8,"exam":41},"Physical Health Education":{"ca1":8,"ca2":0,"exam":75}}', '2026-06-15T13:17:58.078Z', '2026-06-15T13:17:58.078Z');
INSERT INTO report_extras (id, school_id, student_id, session, term, attendance, traits, comments, promotion, created_at, updated_at) VALUES ('ext-stu-JSS3-48', 'demo-school-id', 'stu-JSS3-48', '2023/2024', 'First Term', '85', '{"punctuality":3,"neatness":4,"honesty":5}', '{"principal":"Excellent result. Consistent effort shown.","teacher":"Well-behaved and respectful student."}', '', '2026-06-15T13:17:58.078Z', '2026-06-15T13:17:58.078Z');
INSERT INTO students (id, school_id, name, admission_no, gender, class_name, created_at, updated_at) VALUES ('stu-JSS3-49', 'demo-school-id', 'Tunde Adebayo', 'ADM/2023/0149', 'Female', 'JSS 3', '2026-06-15T13:17:58.078Z', '2026-06-15T13:17:58.078Z');
INSERT INTO score_sheets (id, school_id, student_id, data, created_at, updated_at) VALUES ('score-stu-JSS3-49', 'demo-school-id', 'stu-JSS3-49', '{"Mathematics":{"ca1":0,"ca2":6,"exam":68},"English Language":{"ca1":9,"ca2":3,"exam":73},"Basic Science":{"ca1":8,"ca2":3,"exam":77},"Social Studies":{"ca1":9,"ca2":5,"exam":52},"Civic Education":{"ca1":8,"ca2":6,"exam":73},"Agricultural Science":{"ca1":1,"ca2":8,"exam":50},"Business Studies":{"ca1":9,"ca2":10,"exam":73},"Computer Studies":{"ca1":10,"ca2":10,"exam":58},"Home Economics":{"ca1":0,"ca2":2,"exam":72},"Physical Health Education":{"ca1":3,"ca2":9,"exam":55}}', '2026-06-15T13:17:58.078Z', '2026-06-15T13:17:58.078Z');
INSERT INTO report_extras (id, school_id, student_id, session, term, attendance, traits, comments, promotion, created_at, updated_at) VALUES ('ext-stu-JSS3-49', 'demo-school-id', 'stu-JSS3-49', '2023/2024', 'First Term', '85', '{"punctuality":4,"neatness":5,"honesty":3}', '{"principal":"Satisfactory performance. Aim for higher grades next term.","teacher":"Well-behaved and respectful student."}', '', '2026-06-15T13:17:58.078Z', '2026-06-15T13:17:58.078Z');
INSERT INTO students (id, school_id, name, admission_no, gender, class_name, created_at, updated_at) VALUES ('stu-JSS3-50', 'demo-school-id', 'Obinna Adeyemi', 'ADM/2023/0150', 'Male', 'JSS 3', '2026-06-15T13:17:58.078Z', '2026-06-15T13:17:58.078Z');
INSERT INTO score_sheets (id, school_id, student_id, data, created_at, updated_at) VALUES ('score-stu-JSS3-50', 'demo-school-id', 'stu-JSS3-50', '{"Mathematics":{"ca1":3,"ca2":10,"exam":34},"English Language":{"ca1":8,"ca2":10,"exam":66},"Basic Science":{"ca1":1,"ca2":2,"exam":40},"Social Studies":{"ca1":4,"ca2":2,"exam":34},"Civic Education":{"ca1":6,"ca2":3,"exam":51},"Agricultural Science":{"ca1":7,"ca2":4,"exam":62},"Business Studies":{"ca1":5,"ca2":4,"exam":77},"Computer Studies":{"ca1":10,"ca2":7,"exam":65},"Home Economics":{"ca1":1,"ca2":0,"exam":39},"Physical Health Education":{"ca1":0,"ca2":4,"exam":61}}', '2026-06-15T13:17:58.078Z', '2026-06-15T13:17:58.078Z');
INSERT INTO report_extras (id, school_id, student_id, session, term, attendance, traits, comments, promotion, created_at, updated_at) VALUES ('ext-stu-JSS3-50', 'demo-school-id', 'stu-JSS3-50', '2023/2024', 'First Term', '88', '{"punctuality":3,"neatness":5,"honesty":3}', '{"principal":"Excellent result. Consistent effort shown.","teacher":"Strongly motivated and shows great potential."}', '', '2026-06-15T13:17:58.078Z', '2026-06-15T13:17:58.078Z');
INSERT INTO teacher_class_assignments (id, school_id, teacher_user_id, class_name, created_at) VALUES ('tca-SS1', 'demo-school-id', 'demo-teacher-id', 'SS 1', '2026-06-15T13:17:58.078Z');
INSERT INTO students (id, school_id, name, admission_no, gender, class_name, created_at, updated_at) VALUES ('stu-SS1-1', 'demo-school-id', 'Uche Ani', 'ADM/2023/0151', 'Male', 'SS 1', '2026-06-15T13:17:58.078Z', '2026-06-15T13:17:58.078Z');
INSERT INTO score_sheets (id, school_id, student_id, data, created_at, updated_at) VALUES ('score-stu-SS1-1', 'demo-school-id', 'stu-SS1-1', '{"Mathematics":{"ca1":9,"ca2":10,"exam":48},"English Language":{"ca1":5,"ca2":5,"exam":79},"Basic Science":{"ca1":8,"ca2":10,"exam":38},"Social Studies":{"ca1":0,"ca2":7,"exam":76},"Civic Education":{"ca1":5,"ca2":0,"exam":74},"Agricultural Science":{"ca1":7,"ca2":10,"exam":42},"Business Studies":{"ca1":7,"ca2":0,"exam":44},"Computer Studies":{"ca1":2,"ca2":2,"exam":70},"Home Economics":{"ca1":1,"ca2":6,"exam":39},"Physical Health Education":{"ca1":3,"ca2":8,"exam":33}}', '2026-06-15T13:17:58.078Z', '2026-06-15T13:17:58.078Z');
INSERT INTO report_extras (id, school_id, student_id, session, term, attendance, traits, comments, promotion, created_at, updated_at) VALUES ('ext-stu-SS1-1', 'demo-school-id', 'stu-SS1-1', '2023/2024', 'First Term', '97', '{"punctuality":4,"neatness":3,"honesty":4}', '{"principal":"Excellent result. Consistent effort shown.","teacher":"Neat and regular in school. Keep it up."}', '', '2026-06-15T13:17:58.078Z', '2026-06-15T13:17:58.078Z');
INSERT INTO students (id, school_id, name, admission_no, gender, class_name, created_at, updated_at) VALUES ('stu-SS1-2', 'demo-school-id', 'Tunde Abubakar', 'ADM/2023/0152', 'Male', 'SS 1', '2026-06-15T13:17:58.078Z', '2026-06-15T13:17:58.078Z');
INSERT INTO score_sheets (id, school_id, student_id, data, created_at, updated_at) VALUES ('score-stu-SS1-2', 'demo-school-id', 'stu-SS1-2', '{"Mathematics":{"ca1":9,"ca2":3,"exam":72},"English Language":{"ca1":8,"ca2":8,"exam":79},"Basic Science":{"ca1":3,"ca2":5,"exam":61},"Social Studies":{"ca1":5,"ca2":9,"exam":53},"Agricultural Science":{"ca1":6,"ca2":9,"exam":77},"Business Studies":{"ca1":4,"ca2":9,"exam":60},"Computer Studies":{"ca1":1,"ca2":6,"exam":72},"Home Economics":{"ca1":6,"ca2":6,"exam":61},"Physical Health Education":{"ca1":0,"ca2":0,"exam":76}}', '2026-06-15T13:17:58.078Z', '2026-06-15T13:17:58.078Z');
INSERT INTO report_extras (id, school_id, student_id, session, term, attendance, traits, comments, promotion, created_at, updated_at) VALUES ('ext-stu-SS1-2', 'demo-school-id', 'stu-SS1-2', '2023/2024', 'First Term', '90', '{"punctuality":3,"neatness":5,"honesty":3}', '{"principal":"Impressive grades. More focus needed in Mathematics.","teacher":"Very active in class activities. Good job."}', '', '2026-06-15T13:17:58.078Z', '2026-06-15T13:17:58.078Z');
INSERT INTO students (id, school_id, name, admission_no, gender, class_name, created_at, updated_at) VALUES ('stu-SS1-3', 'demo-school-id', 'Emeka Garba', 'ADM/2023/0153', 'Male', 'SS 1', '2026-06-15T13:17:58.078Z', '2026-06-15T13:17:58.078Z');
INSERT INTO score_sheets (id, school_id, student_id, data, created_at, updated_at) VALUES ('score-stu-SS1-3', 'demo-school-id', 'stu-SS1-3', '{"Mathematics":{"ca1":0,"ca2":7,"exam":75},"English Language":{"ca1":7,"ca2":9,"exam":55},"Basic Science":{"ca1":0,"ca2":7,"exam":59},"Social Studies":{"ca1":0,"ca2":9,"exam":71},"Civic Education":{"ca1":8,"ca2":0,"exam":67},"Agricultural Science":{"ca1":4,"ca2":5,"exam":68},"Business Studies":{"ca1":7,"ca2":4,"exam":79},"Computer Studies":{"ca1":9,"ca2":9,"exam":73},"Home Economics":{"ca1":1,"ca2":2,"exam":71},"Physical Health Education":{"ca1":5,"ca2":2,"exam":59}}', '2026-06-15T13:17:58.078Z', '2026-06-15T13:17:58.078Z');
INSERT INTO report_extras (id, school_id, student_id, session, term, attendance, traits, comments, promotion, created_at, updated_at) VALUES ('ext-stu-SS1-3', 'demo-school-id', 'stu-SS1-3', '2023/2024', 'First Term', '90', '{"punctuality":4,"neatness":3,"honesty":3}', '{"principal":"Excellent result. Consistent effort shown.","teacher":"Very active in class activities. Good job."}', '', '2026-06-15T13:17:58.078Z', '2026-06-15T13:17:58.078Z');
INSERT INTO students (id, school_id, name, admission_no, gender, class_name, created_at, updated_at) VALUES ('stu-SS1-4', 'demo-school-id', 'Hadiza Abubakar', 'ADM/2023/0154', 'Male', 'SS 1', '2026-06-15T13:17:58.078Z', '2026-06-15T13:17:58.078Z');
INSERT INTO score_sheets (id, school_id, student_id, data, created_at, updated_at) VALUES ('score-stu-SS1-4', 'demo-school-id', 'stu-SS1-4', '{"Mathematics":{"ca1":0,"ca2":9,"exam":57},"English Language":{"ca1":8,"ca2":10,"exam":47},"Basic Science":{"ca1":5,"ca2":3,"exam":78},"Social Studies":{"ca1":0,"ca2":8,"exam":49},"Civic Education":{"ca1":1,"ca2":6,"exam":46},"Agricultural Science":{"ca1":9,"ca2":1,"exam":71},"Business Studies":{"ca1":7,"ca2":2,"exam":41},"Computer Studies":{"ca1":2,"ca2":9,"exam":52},"Home Economics":{"ca1":10,"ca2":0,"exam":69},"Physical Health Education":{"ca1":2,"ca2":8,"exam":67}}', '2026-06-15T13:17:58.078Z', '2026-06-15T13:17:58.078Z');
INSERT INTO report_extras (id, school_id, student_id, session, term, attendance, traits, comments, promotion, created_at, updated_at) VALUES ('ext-stu-SS1-4', 'demo-school-id', 'stu-SS1-4', '2023/2024', 'First Term', '98', '{"punctuality":3,"neatness":4,"honesty":3}', '{"principal":"A good result. You can do better with more practice.","teacher":"Strongly motivated and shows great potential."}', '', '2026-06-15T13:17:58.078Z', '2026-06-15T13:17:58.078Z');
INSERT INTO students (id, school_id, name, admission_no, gender, class_name, created_at, updated_at) VALUES ('stu-SS1-5', 'demo-school-id', 'Mustapha Nwosu', 'ADM/2023/0155', 'Male', 'SS 1', '2026-06-15T13:17:58.078Z', '2026-06-15T13:17:58.078Z');
INSERT INTO score_sheets (id, school_id, student_id, data, created_at, updated_at) VALUES ('score-stu-SS1-5', 'demo-school-id', 'stu-SS1-5', '{"Mathematics":{"ca1":7,"ca2":3,"exam":57},"English Language":{"ca1":2,"ca2":9,"exam":38},"Basic Science":{"ca1":4,"ca2":6,"exam":35},"Social Studies":{"ca1":8,"ca2":8,"exam":40},"Civic Education":{"ca1":9,"ca2":0,"exam":55},"Agricultural Science":{"ca1":3,"ca2":1,"exam":40},"Business Studies":{"ca1":4,"ca2":6,"exam":63},"Computer Studies":{"ca1":10,"ca2":4,"exam":51},"Home Economics":{"ca1":7,"ca2":10,"exam":67},"Physical Health Education":{"ca1":4,"ca2":7,"exam":70}}', '2026-06-15T13:17:58.078Z', '2026-06-15T13:17:58.078Z');
INSERT INTO report_extras (id, school_id, student_id, session, term, attendance, traits, comments, promotion, created_at, updated_at) VALUES ('ext-stu-SS1-5', 'demo-school-id', 'stu-SS1-5', '2023/2024', 'First Term', '95', '{"punctuality":4,"neatness":4,"honesty":3}', '{"principal":"A good result. You can do better with more practice.","teacher":"A dedicated and hardworking student."}', '', '2026-06-15T13:17:58.078Z', '2026-06-15T13:17:58.078Z');
INSERT INTO students (id, school_id, name, admission_no, gender, class_name, created_at, updated_at) VALUES ('stu-SS1-6', 'demo-school-id', 'Oluwaseun Okafor', 'ADM/2023/0156', 'Female', 'SS 1', '2026-06-15T13:17:58.078Z', '2026-06-15T13:17:58.078Z');
INSERT INTO score_sheets (id, school_id, student_id, data, created_at, updated_at) VALUES ('score-stu-SS1-6', 'demo-school-id', 'stu-SS1-6', '{"Mathematics":{"ca1":2,"ca2":10,"exam":39},"English Language":{"ca1":7,"ca2":7,"exam":70},"Basic Science":{"ca1":5,"ca2":5,"exam":58},"Social Studies":{"ca1":3,"ca2":10,"exam":74},"Civic Education":{"ca1":9,"ca2":9,"exam":34},"Agricultural Science":{"ca1":6,"ca2":5,"exam":49},"Business Studies":{"ca1":4,"ca2":0,"exam":62},"Home Economics":{"ca1":2,"ca2":10,"exam":73},"Physical Health Education":{"ca1":9,"ca2":7,"exam":49}}', '2026-06-15T13:17:58.078Z', '2026-06-15T13:17:58.078Z');
INSERT INTO report_extras (id, school_id, student_id, session, term, attendance, traits, comments, promotion, created_at, updated_at) VALUES ('ext-stu-SS1-6', 'demo-school-id', 'stu-SS1-6', '2023/2024', 'First Term', '91', '{"punctuality":3,"neatness":3,"honesty":4}', '{"principal":"A very brilliant performance. Keep it up.","teacher":"Very active in class activities. Good job."}', '', '2026-06-15T13:17:58.078Z', '2026-06-15T13:17:58.078Z');
INSERT INTO students (id, school_id, name, admission_no, gender, class_name, created_at, updated_at) VALUES ('stu-SS1-7', 'demo-school-id', 'Kelechi Usman', 'ADM/2023/0157', 'Female', 'SS 1', '2026-06-15T13:17:58.078Z', '2026-06-15T13:17:58.078Z');
INSERT INTO score_sheets (id, school_id, student_id, data, created_at, updated_at) VALUES ('score-stu-SS1-7', 'demo-school-id', 'stu-SS1-7', '{"Mathematics":{"ca1":4,"ca2":7,"exam":72},"English Language":{"ca1":1,"ca2":7,"exam":48},"Basic Science":{"ca1":1,"ca2":6,"exam":34},"Social Studies":{"ca1":1,"ca2":3,"exam":56},"Civic Education":{"ca1":7,"ca2":0,"exam":38},"Agricultural Science":{"ca1":2,"ca2":0,"exam":54},"Business Studies":{"ca1":5,"ca2":1,"exam":64},"Computer Studies":{"ca1":1,"ca2":9,"exam":71},"Home Economics":{"ca1":7,"ca2":4,"exam":65}}', '2026-06-15T13:17:58.078Z', '2026-06-15T13:17:58.078Z');
INSERT INTO report_extras (id, school_id, student_id, session, term, attendance, traits, comments, promotion, created_at, updated_at) VALUES ('ext-stu-SS1-7', 'demo-school-id', 'stu-SS1-7', '2023/2024', 'First Term', '93', '{"punctuality":5,"neatness":4,"honesty":5}', '{"principal":"A good result. You can do better with more practice.","teacher":"A dedicated and hardworking student."}', '', '2026-06-15T13:17:58.078Z', '2026-06-15T13:17:58.078Z');
INSERT INTO students (id, school_id, name, admission_no, gender, class_name, created_at, updated_at) VALUES ('stu-SS1-8', 'demo-school-id', 'Emeka Chukwuma', 'ADM/2023/0158', 'Male', 'SS 1', '2026-06-15T13:17:58.078Z', '2026-06-15T13:17:58.078Z');
INSERT INTO score_sheets (id, school_id, student_id, data, created_at, updated_at) VALUES ('score-stu-SS1-8', 'demo-school-id', 'stu-SS1-8', '{"Mathematics":{"ca1":9,"ca2":10,"exam":59},"English Language":{"ca1":6,"ca2":10,"exam":52},"Basic Science":{"ca1":9,"ca2":7,"exam":72},"Social Studies":{"ca1":3,"ca2":1,"exam":72},"Civic Education":{"ca1":8,"ca2":5,"exam":54},"Agricultural Science":{"ca1":8,"ca2":9,"exam":61},"Business Studies":{"ca1":5,"ca2":6,"exam":74},"Computer Studies":{"ca1":9,"ca2":3,"exam":62},"Physical Health Education":{"ca1":5,"ca2":9,"exam":66}}', '2026-06-15T13:17:58.078Z', '2026-06-15T13:17:58.078Z');
INSERT INTO report_extras (id, school_id, student_id, session, term, attendance, traits, comments, promotion, created_at, updated_at) VALUES ('ext-stu-SS1-8', 'demo-school-id', 'stu-SS1-8', '2023/2024', 'First Term', '95', '{"punctuality":5,"neatness":4,"honesty":3}', '{"principal":"Excellent result. Consistent effort shown.","teacher":"A dedicated and hardworking student."}', '', '2026-06-15T13:17:58.078Z', '2026-06-15T13:17:58.078Z');
INSERT INTO students (id, school_id, name, admission_no, gender, class_name, created_at, updated_at) VALUES ('stu-SS1-9', 'demo-school-id', 'Oluwaseun Olawale', 'ADM/2023/0159', 'Male', 'SS 1', '2026-06-15T13:17:58.078Z', '2026-06-15T13:17:58.078Z');
INSERT INTO score_sheets (id, school_id, student_id, data, created_at, updated_at) VALUES ('score-stu-SS1-9', 'demo-school-id', 'stu-SS1-9', '{"Mathematics":{"ca1":8,"ca2":1,"exam":57},"English Language":{"ca1":0,"ca2":1,"exam":51},"Basic Science":{"ca1":5,"ca2":6,"exam":31},"Social Studies":{"ca1":8,"ca2":10,"exam":75},"Civic Education":{"ca1":9,"ca2":6,"exam":34},"Business Studies":{"ca1":9,"ca2":3,"exam":75},"Computer Studies":{"ca1":10,"ca2":10,"exam":55},"Physical Health Education":{"ca1":7,"ca2":6,"exam":61}}', '2026-06-15T13:17:58.078Z', '2026-06-15T13:17:58.078Z');
INSERT INTO report_extras (id, school_id, student_id, session, term, attendance, traits, comments, promotion, created_at, updated_at) VALUES ('ext-stu-SS1-9', 'demo-school-id', 'stu-SS1-9', '2023/2024', 'First Term', '96', '{"punctuality":3,"neatness":3,"honesty":4}', '{"principal":"A very brilliant performance. Keep it up.","teacher":"A dedicated and hardworking student."}', '', '2026-06-15T13:17:58.078Z', '2026-06-15T13:17:58.078Z');
INSERT INTO students (id, school_id, name, admission_no, gender, class_name, created_at, updated_at) VALUES ('stu-SS1-10', 'demo-school-id', 'Fatima Garba', 'ADM/2023/0160', 'Male', 'SS 1', '2026-06-15T13:17:58.078Z', '2026-06-15T13:17:58.078Z');
INSERT INTO score_sheets (id, school_id, student_id, data, created_at, updated_at) VALUES ('score-stu-SS1-10', 'demo-school-id', 'stu-SS1-10', '{"English Language":{"ca1":3,"ca2":6,"exam":48},"Basic Science":{"ca1":10,"ca2":9,"exam":47},"Social Studies":{"ca1":4,"ca2":8,"exam":70},"Civic Education":{"ca1":6,"ca2":2,"exam":39},"Agricultural Science":{"ca1":5,"ca2":10,"exam":54},"Business Studies":{"ca1":3,"ca2":10,"exam":50},"Computer Studies":{"ca1":6,"ca2":8,"exam":34},"Home Economics":{"ca1":5,"ca2":10,"exam":34},"Physical Health Education":{"ca1":9,"ca2":3,"exam":39}}', '2026-06-15T13:17:58.078Z', '2026-06-15T13:17:58.078Z');
INSERT INTO report_extras (id, school_id, student_id, session, term, attendance, traits, comments, promotion, created_at, updated_at) VALUES ('ext-stu-SS1-10', 'demo-school-id', 'stu-SS1-10', '2023/2024', 'First Term', '85', '{"punctuality":4,"neatness":4,"honesty":5}', '{"principal":"Impressive grades. More focus needed in Mathematics.","teacher":"Strongly motivated and shows great potential."}', '', '2026-06-15T13:17:58.078Z', '2026-06-15T13:17:58.078Z');
INSERT INTO students (id, school_id, name, admission_no, gender, class_name, created_at, updated_at) VALUES ('stu-SS1-11', 'demo-school-id', 'Hadiza Abubakar', 'ADM/2023/0161', 'Female', 'SS 1', '2026-06-15T13:17:58.078Z', '2026-06-15T13:17:58.078Z');
INSERT INTO score_sheets (id, school_id, student_id, data, created_at, updated_at) VALUES ('score-stu-SS1-11', 'demo-school-id', 'stu-SS1-11', '{"Mathematics":{"ca1":8,"ca2":9,"exam":59},"English Language":{"ca1":9,"ca2":3,"exam":55},"Basic Science":{"ca1":10,"ca2":8,"exam":31},"Social Studies":{"ca1":10,"ca2":6,"exam":77},"Civic Education":{"ca1":1,"ca2":2,"exam":42},"Agricultural Science":{"ca1":5,"ca2":10,"exam":36},"Business Studies":{"ca1":10,"ca2":8,"exam":75},"Computer Studies":{"ca1":8,"ca2":8,"exam":32},"Home Economics":{"ca1":7,"ca2":8,"exam":39},"Physical Health Education":{"ca1":5,"ca2":1,"exam":65}}', '2026-06-15T13:17:58.078Z', '2026-06-15T13:17:58.078Z');
INSERT INTO report_extras (id, school_id, student_id, session, term, attendance, traits, comments, promotion, created_at, updated_at) VALUES ('ext-stu-SS1-11', 'demo-school-id', 'stu-SS1-11', '2023/2024', 'First Term', '89', '{"punctuality":5,"neatness":5,"honesty":4}', '{"principal":"A good result. You can do better with more practice.","teacher":"Neat and regular in school. Keep it up."}', '', '2026-06-15T13:17:58.078Z', '2026-06-15T13:17:58.078Z');
INSERT INTO students (id, school_id, name, admission_no, gender, class_name, created_at, updated_at) VALUES ('stu-SS1-12', 'demo-school-id', 'Hadiza Adeyemi', 'ADM/2023/0162', 'Female', 'SS 1', '2026-06-15T13:17:58.078Z', '2026-06-15T13:17:58.078Z');
INSERT INTO score_sheets (id, school_id, student_id, data, created_at, updated_at) VALUES ('score-stu-SS1-12', 'demo-school-id', 'stu-SS1-12', '{"Mathematics":{"ca1":5,"ca2":9,"exam":60},"English Language":{"ca1":3,"ca2":5,"exam":65},"Basic Science":{"ca1":4,"ca2":6,"exam":46},"Social Studies":{"ca1":1,"ca2":5,"exam":63},"Civic Education":{"ca1":5,"ca2":0,"exam":34},"Agricultural Science":{"ca1":6,"ca2":7,"exam":77},"Business Studies":{"ca1":5,"ca2":6,"exam":68},"Home Economics":{"ca1":4,"ca2":8,"exam":79},"Physical Health Education":{"ca1":2,"ca2":10,"exam":76}}', '2026-06-15T13:17:58.078Z', '2026-06-15T13:17:58.078Z');
INSERT INTO report_extras (id, school_id, student_id, session, term, attendance, traits, comments, promotion, created_at, updated_at) VALUES ('ext-stu-SS1-12', 'demo-school-id', 'stu-SS1-12', '2023/2024', 'First Term', '98', '{"punctuality":3,"neatness":3,"honesty":4}', '{"principal":"A good result. You can do better with more practice.","teacher":"A dedicated and hardworking student."}', '', '2026-06-15T13:17:58.078Z', '2026-06-15T13:17:58.078Z');
INSERT INTO students (id, school_id, name, admission_no, gender, class_name, created_at, updated_at) VALUES ('stu-SS1-13', 'demo-school-id', 'Kelechi Ibrahim', 'ADM/2023/0163', 'Female', 'SS 1', '2026-06-15T13:17:58.078Z', '2026-06-15T13:17:58.078Z');
INSERT INTO score_sheets (id, school_id, student_id, data, created_at, updated_at) VALUES ('score-stu-SS1-13', 'demo-school-id', 'stu-SS1-13', '{"Mathematics":{"ca1":1,"ca2":1,"exam":40},"English Language":{"ca1":8,"ca2":4,"exam":65},"Basic Science":{"ca1":7,"ca2":2,"exam":71},"Social Studies":{"ca1":4,"ca2":10,"exam":72},"Civic Education":{"ca1":4,"ca2":7,"exam":78},"Agricultural Science":{"ca1":10,"ca2":3,"exam":69},"Business Studies":{"ca1":0,"ca2":7,"exam":62},"Computer Studies":{"ca1":5,"ca2":8,"exam":37},"Home Economics":{"ca1":3,"ca2":3,"exam":46},"Physical Health Education":{"ca1":4,"ca2":3,"exam":68}}', '2026-06-15T13:17:58.078Z', '2026-06-15T13:17:58.078Z');
INSERT INTO report_extras (id, school_id, student_id, session, term, attendance, traits, comments, promotion, created_at, updated_at) VALUES ('ext-stu-SS1-13', 'demo-school-id', 'stu-SS1-13', '2023/2024', 'First Term', '95', '{"punctuality":5,"neatness":3,"honesty":5}', '{"principal":"Impressive grades. More focus needed in Mathematics.","teacher":"Very active in class activities. Good job."}', '', '2026-06-15T13:17:58.078Z', '2026-06-15T13:17:58.078Z');
INSERT INTO students (id, school_id, name, admission_no, gender, class_name, created_at, updated_at) VALUES ('stu-SS1-14', 'demo-school-id', 'Obinna Bello', 'ADM/2023/0164', 'Female', 'SS 1', '2026-06-15T13:17:58.078Z', '2026-06-15T13:17:58.078Z');
INSERT INTO score_sheets (id, school_id, student_id, data, created_at, updated_at) VALUES ('score-stu-SS1-14', 'demo-school-id', 'stu-SS1-14', '{"Mathematics":{"ca1":4,"ca2":4,"exam":59},"English Language":{"ca1":5,"ca2":7,"exam":59},"Basic Science":{"ca1":7,"ca2":2,"exam":64},"Social Studies":{"ca1":10,"ca2":8,"exam":47},"Civic Education":{"ca1":4,"ca2":3,"exam":70},"Agricultural Science":{"ca1":8,"ca2":0,"exam":60},"Business Studies":{"ca1":1,"ca2":8,"exam":73},"Computer Studies":{"ca1":2,"ca2":10,"exam":31},"Home Economics":{"ca1":1,"ca2":0,"exam":57},"Physical Health Education":{"ca1":10,"ca2":0,"exam":40}}', '2026-06-15T13:17:58.078Z', '2026-06-15T13:17:58.078Z');
INSERT INTO report_extras (id, school_id, student_id, session, term, attendance, traits, comments, promotion, created_at, updated_at) VALUES ('ext-stu-SS1-14', 'demo-school-id', 'stu-SS1-14', '2023/2024', 'First Term', '99', '{"punctuality":5,"neatness":3,"honesty":5}', '{"principal":"Excellent result. Consistent effort shown.","teacher":"Neat and regular in school. Keep it up."}', '', '2026-06-15T13:17:58.078Z', '2026-06-15T13:17:58.078Z');
INSERT INTO students (id, school_id, name, admission_no, gender, class_name, created_at, updated_at) VALUES ('stu-SS1-15', 'demo-school-id', 'Chinelo Nnaji', 'ADM/2023/0165', 'Male', 'SS 1', '2026-06-15T13:17:58.078Z', '2026-06-15T13:17:58.078Z');
INSERT INTO score_sheets (id, school_id, student_id, data, created_at, updated_at) VALUES ('score-stu-SS1-15', 'demo-school-id', 'stu-SS1-15', '{"English Language":{"ca1":3,"ca2":0,"exam":68},"Basic Science":{"ca1":7,"ca2":3,"exam":77},"Social Studies":{"ca1":4,"ca2":3,"exam":54},"Civic Education":{"ca1":10,"ca2":10,"exam":73},"Agricultural Science":{"ca1":9,"ca2":4,"exam":44},"Business Studies":{"ca1":10,"ca2":4,"exam":59},"Physical Health Education":{"ca1":0,"ca2":5,"exam":61}}', '2026-06-15T13:17:58.078Z', '2026-06-15T13:17:58.078Z');
INSERT INTO report_extras (id, school_id, student_id, session, term, attendance, traits, comments, promotion, created_at, updated_at) VALUES ('ext-stu-SS1-15', 'demo-school-id', 'stu-SS1-15', '2023/2024', 'First Term', '96', '{"punctuality":4,"neatness":4,"honesty":3}', '{"principal":"A good result. You can do better with more practice.","teacher":"Strongly motivated and shows great potential."}', '', '2026-06-15T13:17:58.078Z', '2026-06-15T13:17:58.078Z');
INSERT INTO students (id, school_id, name, admission_no, gender, class_name, created_at, updated_at) VALUES ('stu-SS1-16', 'demo-school-id', 'Uche Muhammed', 'ADM/2023/0166', 'Female', 'SS 1', '2026-06-15T13:17:58.078Z', '2026-06-15T13:17:58.078Z');
INSERT INTO score_sheets (id, school_id, student_id, data, created_at, updated_at) VALUES ('score-stu-SS1-16', 'demo-school-id', 'stu-SS1-16', '{"Mathematics":{"ca1":1,"ca2":7,"exam":68},"English Language":{"ca1":4,"ca2":0,"exam":63},"Basic Science":{"ca1":7,"ca2":1,"exam":73},"Social Studies":{"ca1":10,"ca2":10,"exam":59},"Civic Education":{"ca1":10,"ca2":1,"exam":53},"Agricultural Science":{"ca1":8,"ca2":10,"exam":34},"Business Studies":{"ca1":7,"ca2":9,"exam":52},"Computer Studies":{"ca1":3,"ca2":9,"exam":60},"Home Economics":{"ca1":10,"ca2":7,"exam":56},"Physical Health Education":{"ca1":1,"ca2":1,"exam":68}}', '2026-06-15T13:17:58.078Z', '2026-06-15T13:17:58.078Z');
INSERT INTO report_extras (id, school_id, student_id, session, term, attendance, traits, comments, promotion, created_at, updated_at) VALUES ('ext-stu-SS1-16', 'demo-school-id', 'stu-SS1-16', '2023/2024', 'First Term', '88', '{"punctuality":4,"neatness":5,"honesty":5}', '{"principal":"Excellent result. Consistent effort shown.","teacher":"Strongly motivated and shows great potential."}', '', '2026-06-15T13:17:58.078Z', '2026-06-15T13:17:58.078Z');
INSERT INTO students (id, school_id, name, admission_no, gender, class_name, created_at, updated_at) VALUES ('stu-SS1-17', 'demo-school-id', 'Uche Adebayo', 'ADM/2023/0167', 'Male', 'SS 1', '2026-06-15T13:17:58.078Z', '2026-06-15T13:17:58.078Z');
INSERT INTO score_sheets (id, school_id, student_id, data, created_at, updated_at) VALUES ('score-stu-SS1-17', 'demo-school-id', 'stu-SS1-17', '{"Mathematics":{"ca1":4,"ca2":2,"exam":68},"English Language":{"ca1":6,"ca2":7,"exam":33},"Basic Science":{"ca1":7,"ca2":2,"exam":44},"Social Studies":{"ca1":5,"ca2":9,"exam":67},"Civic Education":{"ca1":4,"ca2":1,"exam":50},"Agricultural Science":{"ca1":1,"ca2":9,"exam":34},"Business Studies":{"ca1":10,"ca2":5,"exam":79},"Computer Studies":{"ca1":3,"ca2":8,"exam":54},"Home Economics":{"ca1":3,"ca2":8,"exam":65},"Physical Health Education":{"ca1":2,"ca2":7,"exam":79}}', '2026-06-15T13:17:58.078Z', '2026-06-15T13:17:58.078Z');
INSERT INTO report_extras (id, school_id, student_id, session, term, attendance, traits, comments, promotion, created_at, updated_at) VALUES ('ext-stu-SS1-17', 'demo-school-id', 'stu-SS1-17', '2023/2024', 'First Term', '91', '{"punctuality":3,"neatness":5,"honesty":5}', '{"principal":"A very brilliant performance. Keep it up.","teacher":"A dedicated and hardworking student."}', '', '2026-06-15T13:17:58.078Z', '2026-06-15T13:17:58.078Z');
INSERT INTO students (id, school_id, name, admission_no, gender, class_name, created_at, updated_at) VALUES ('stu-SS1-18', 'demo-school-id', 'Yinka Nwosu', 'ADM/2023/0168', 'Female', 'SS 1', '2026-06-15T13:17:58.078Z', '2026-06-15T13:17:58.078Z');
INSERT INTO score_sheets (id, school_id, student_id, data, created_at, updated_at) VALUES ('score-stu-SS1-18', 'demo-school-id', 'stu-SS1-18', '{"Mathematics":{"ca1":2,"ca2":4,"exam":72},"English Language":{"ca1":2,"ca2":9,"exam":47},"Social Studies":{"ca1":3,"ca2":4,"exam":35},"Civic Education":{"ca1":3,"ca2":5,"exam":34},"Agricultural Science":{"ca1":6,"ca2":5,"exam":46},"Home Economics":{"ca1":3,"ca2":2,"exam":36},"Physical Health Education":{"ca1":5,"ca2":3,"exam":41}}', '2026-06-15T13:17:58.078Z', '2026-06-15T13:17:58.078Z');
INSERT INTO report_extras (id, school_id, student_id, session, term, attendance, traits, comments, promotion, created_at, updated_at) VALUES ('ext-stu-SS1-18', 'demo-school-id', 'stu-SS1-18', '2023/2024', 'First Term', '85', '{"punctuality":5,"neatness":4,"honesty":4}', '{"principal":"A good result. You can do better with more practice.","teacher":"Very active in class activities. Good job."}', '', '2026-06-15T13:17:58.078Z', '2026-06-15T13:17:58.078Z');
INSERT INTO students (id, school_id, name, admission_no, gender, class_name, created_at, updated_at) VALUES ('stu-SS1-19', 'demo-school-id', 'Chidi Eze', 'ADM/2023/0169', 'Male', 'SS 1', '2026-06-15T13:17:58.078Z', '2026-06-15T13:17:58.078Z');
INSERT INTO score_sheets (id, school_id, student_id, data, created_at, updated_at) VALUES ('score-stu-SS1-19', 'demo-school-id', 'stu-SS1-19', '{"Mathematics":{"ca1":0,"ca2":10,"exam":49},"English Language":{"ca1":9,"ca2":4,"exam":63},"Basic Science":{"ca1":3,"ca2":1,"exam":65},"Civic Education":{"ca1":9,"ca2":0,"exam":37},"Agricultural Science":{"ca1":9,"ca2":7,"exam":66},"Business Studies":{"ca1":4,"ca2":9,"exam":58},"Home Economics":{"ca1":9,"ca2":3,"exam":49},"Physical Health Education":{"ca1":7,"ca2":10,"exam":68}}', '2026-06-15T13:17:58.078Z', '2026-06-15T13:17:58.078Z');
INSERT INTO report_extras (id, school_id, student_id, session, term, attendance, traits, comments, promotion, created_at, updated_at) VALUES ('ext-stu-SS1-19', 'demo-school-id', 'stu-SS1-19', '2023/2024', 'First Term', '93', '{"punctuality":3,"neatness":4,"honesty":5}', '{"principal":"Impressive grades. More focus needed in Mathematics.","teacher":"Neat and regular in school. Keep it up."}', '', '2026-06-15T13:17:58.078Z', '2026-06-15T13:17:58.078Z');
INSERT INTO students (id, school_id, name, admission_no, gender, class_name, created_at, updated_at) VALUES ('stu-SS1-20', 'demo-school-id', 'Zainab Eze', 'ADM/2023/0170', 'Male', 'SS 1', '2026-06-15T13:17:58.078Z', '2026-06-15T13:17:58.078Z');
INSERT INTO score_sheets (id, school_id, student_id, data, created_at, updated_at) VALUES ('score-stu-SS1-20', 'demo-school-id', 'stu-SS1-20', '{"Mathematics":{"ca1":5,"ca2":6,"exam":74},"English Language":{"ca1":3,"ca2":5,"exam":41},"Basic Science":{"ca1":0,"ca2":4,"exam":38},"Social Studies":{"ca1":1,"ca2":2,"exam":63},"Civic Education":{"ca1":0,"ca2":3,"exam":50},"Agricultural Science":{"ca1":2,"ca2":10,"exam":74},"Business Studies":{"ca1":8,"ca2":10,"exam":69},"Computer Studies":{"ca1":2,"ca2":10,"exam":79},"Home Economics":{"ca1":9,"ca2":10,"exam":60}}', '2026-06-15T13:17:58.078Z', '2026-06-15T13:17:58.078Z');
INSERT INTO report_extras (id, school_id, student_id, session, term, attendance, traits, comments, promotion, created_at, updated_at) VALUES ('ext-stu-SS1-20', 'demo-school-id', 'stu-SS1-20', '2023/2024', 'First Term', '93', '{"punctuality":4,"neatness":3,"honesty":4}', '{"principal":"Impressive grades. More focus needed in Mathematics.","teacher":"Strongly motivated and shows great potential."}', '', '2026-06-15T13:17:58.078Z', '2026-06-15T13:17:58.078Z');
INSERT INTO students (id, school_id, name, admission_no, gender, class_name, created_at, updated_at) VALUES ('stu-SS1-21', 'demo-school-id', 'Obinna Ani', 'ADM/2023/0171', 'Male', 'SS 1', '2026-06-15T13:17:58.078Z', '2026-06-15T13:17:58.078Z');
INSERT INTO score_sheets (id, school_id, student_id, data, created_at, updated_at) VALUES ('score-stu-SS1-21', 'demo-school-id', 'stu-SS1-21', '{"Mathematics":{"ca1":6,"ca2":5,"exam":60},"English Language":{"ca1":0,"ca2":2,"exam":67},"Basic Science":{"ca1":3,"ca2":5,"exam":52},"Social Studies":{"ca1":9,"ca2":6,"exam":43},"Civic Education":{"ca1":1,"ca2":7,"exam":65},"Agricultural Science":{"ca1":9,"ca2":3,"exam":80},"Business Studies":{"ca1":1,"ca2":5,"exam":59},"Computer Studies":{"ca1":9,"ca2":3,"exam":70},"Home Economics":{"ca1":8,"ca2":10,"exam":41},"Physical Health Education":{"ca1":3,"ca2":7,"exam":78}}', '2026-06-15T13:17:58.078Z', '2026-06-15T13:17:58.078Z');
INSERT INTO report_extras (id, school_id, student_id, session, term, attendance, traits, comments, promotion, created_at, updated_at) VALUES ('ext-stu-SS1-21', 'demo-school-id', 'stu-SS1-21', '2023/2024', 'First Term', '90', '{"punctuality":3,"neatness":4,"honesty":5}', '{"principal":"Impressive grades. More focus needed in Mathematics.","teacher":"Very active in class activities. Good job."}', '', '2026-06-15T13:17:58.078Z', '2026-06-15T13:17:58.078Z');
INSERT INTO students (id, school_id, name, admission_no, gender, class_name, created_at, updated_at) VALUES ('stu-SS1-22', 'demo-school-id', 'Musa Danjuma', 'ADM/2023/0172', 'Male', 'SS 1', '2026-06-15T13:17:58.078Z', '2026-06-15T13:17:58.078Z');
INSERT INTO score_sheets (id, school_id, student_id, data, created_at, updated_at) VALUES ('score-stu-SS1-22', 'demo-school-id', 'stu-SS1-22', '{"Mathematics":{"ca1":4,"ca2":6,"exam":71},"English Language":{"ca1":2,"ca2":0,"exam":34},"Basic Science":{"ca1":1,"ca2":0,"exam":73},"Social Studies":{"ca1":5,"ca2":6,"exam":66},"Civic Education":{"ca1":2,"ca2":10,"exam":73},"Agricultural Science":{"ca1":8,"ca2":7,"exam":39},"Business Studies":{"ca1":7,"ca2":10,"exam":77},"Computer Studies":{"ca1":3,"ca2":1,"exam":47},"Home Economics":{"ca1":10,"ca2":0,"exam":60},"Physical Health Education":{"ca1":3,"ca2":9,"exam":47}}', '2026-06-15T13:17:58.078Z', '2026-06-15T13:17:58.078Z');
INSERT INTO report_extras (id, school_id, student_id, session, term, attendance, traits, comments, promotion, created_at, updated_at) VALUES ('ext-stu-SS1-22', 'demo-school-id', 'stu-SS1-22', '2023/2024', 'First Term', '94', '{"punctuality":3,"neatness":4,"honesty":5}', '{"principal":"Impressive grades. More focus needed in Mathematics.","teacher":"Strongly motivated and shows great potential."}', '', '2026-06-15T13:17:58.078Z', '2026-06-15T13:17:58.078Z');
INSERT INTO students (id, school_id, name, admission_no, gender, class_name, created_at, updated_at) VALUES ('stu-SS1-23', 'demo-school-id', 'Emeka Balogun', 'ADM/2023/0173', 'Male', 'SS 1', '2026-06-15T13:17:58.078Z', '2026-06-15T13:17:58.078Z');
INSERT INTO score_sheets (id, school_id, student_id, data, created_at, updated_at) VALUES ('score-stu-SS1-23', 'demo-school-id', 'stu-SS1-23', '{"Mathematics":{"ca1":3,"ca2":10,"exam":61},"English Language":{"ca1":0,"ca2":1,"exam":77},"Basic Science":{"ca1":10,"ca2":3,"exam":69},"Civic Education":{"ca1":8,"ca2":7,"exam":72},"Agricultural Science":{"ca1":2,"ca2":9,"exam":56},"Business Studies":{"ca1":2,"ca2":4,"exam":38},"Computer Studies":{"ca1":2,"ca2":4,"exam":39},"Home Economics":{"ca1":10,"ca2":9,"exam":54},"Physical Health Education":{"ca1":6,"ca2":0,"exam":39}}', '2026-06-15T13:17:58.078Z', '2026-06-15T13:17:58.078Z');
INSERT INTO report_extras (id, school_id, student_id, session, term, attendance, traits, comments, promotion, created_at, updated_at) VALUES ('ext-stu-SS1-23', 'demo-school-id', 'stu-SS1-23', '2023/2024', 'First Term', '96', '{"punctuality":4,"neatness":4,"honesty":4}', '{"principal":"Excellent result. Consistent effort shown.","teacher":"A dedicated and hardworking student."}', '', '2026-06-15T13:17:58.078Z', '2026-06-15T13:17:58.078Z');
INSERT INTO students (id, school_id, name, admission_no, gender, class_name, created_at, updated_at) VALUES ('stu-SS1-24', 'demo-school-id', 'Uche Ibrahim', 'ADM/2023/0174', 'Male', 'SS 1', '2026-06-15T13:17:58.078Z', '2026-06-15T13:17:58.078Z');
INSERT INTO score_sheets (id, school_id, student_id, data, created_at, updated_at) VALUES ('score-stu-SS1-24', 'demo-school-id', 'stu-SS1-24', '{"Mathematics":{"ca1":5,"ca2":6,"exam":39},"English Language":{"ca1":8,"ca2":7,"exam":42},"Basic Science":{"ca1":1,"ca2":1,"exam":55},"Social Studies":{"ca1":2,"ca2":5,"exam":30},"Agricultural Science":{"ca1":7,"ca2":7,"exam":77},"Business Studies":{"ca1":8,"ca2":8,"exam":73},"Computer Studies":{"ca1":0,"ca2":8,"exam":45},"Home Economics":{"ca1":4,"ca2":4,"exam":44},"Physical Health Education":{"ca1":9,"ca2":0,"exam":53}}', '2026-06-15T13:17:58.078Z', '2026-06-15T13:17:58.078Z');
INSERT INTO report_extras (id, school_id, student_id, session, term, attendance, traits, comments, promotion, created_at, updated_at) VALUES ('ext-stu-SS1-24', 'demo-school-id', 'stu-SS1-24', '2023/2024', 'First Term', '87', '{"punctuality":4,"neatness":4,"honesty":4}', '{"principal":"Excellent result. Consistent effort shown.","teacher":"A dedicated and hardworking student."}', '', '2026-06-15T13:17:58.078Z', '2026-06-15T13:17:58.078Z');
INSERT INTO students (id, school_id, name, admission_no, gender, class_name, created_at, updated_at) VALUES ('stu-SS1-25', 'demo-school-id', 'Musa Usman', 'ADM/2023/0175', 'Male', 'SS 1', '2026-06-15T13:17:58.078Z', '2026-06-15T13:17:58.078Z');
INSERT INTO score_sheets (id, school_id, student_id, data, created_at, updated_at) VALUES ('score-stu-SS1-25', 'demo-school-id', 'stu-SS1-25', '{"Mathematics":{"ca1":9,"ca2":1,"exam":40},"English Language":{"ca1":7,"ca2":7,"exam":74},"Basic Science":{"ca1":5,"ca2":5,"exam":39},"Social Studies":{"ca1":9,"ca2":10,"exam":37},"Civic Education":{"ca1":10,"ca2":4,"exam":51},"Agricultural Science":{"ca1":9,"ca2":7,"exam":63},"Business Studies":{"ca1":5,"ca2":8,"exam":74},"Computer Studies":{"ca1":6,"ca2":0,"exam":31},"Home Economics":{"ca1":8,"ca2":3,"exam":30}}', '2026-06-15T13:17:58.078Z', '2026-06-15T13:17:58.078Z');
INSERT INTO report_extras (id, school_id, student_id, session, term, attendance, traits, comments, promotion, created_at, updated_at) VALUES ('ext-stu-SS1-25', 'demo-school-id', 'stu-SS1-25', '2023/2024', 'First Term', '90', '{"punctuality":4,"neatness":4,"honesty":4}', '{"principal":"Excellent result. Consistent effort shown.","teacher":"Neat and regular in school. Keep it up."}', '', '2026-06-15T13:17:58.078Z', '2026-06-15T13:17:58.078Z');
INSERT INTO students (id, school_id, name, admission_no, gender, class_name, created_at, updated_at) VALUES ('stu-SS1-26', 'demo-school-id', 'Fatima Nnaji', 'ADM/2023/0176', 'Female', 'SS 1', '2026-06-15T13:17:58.078Z', '2026-06-15T13:17:58.078Z');
INSERT INTO score_sheets (id, school_id, student_id, data, created_at, updated_at) VALUES ('score-stu-SS1-26', 'demo-school-id', 'stu-SS1-26', '{"Mathematics":{"ca1":10,"ca2":0,"exam":48},"Basic Science":{"ca1":3,"ca2":3,"exam":49},"Social Studies":{"ca1":4,"ca2":8,"exam":67},"Civic Education":{"ca1":5,"ca2":1,"exam":58},"Agricultural Science":{"ca1":10,"ca2":2,"exam":62},"Business Studies":{"ca1":5,"ca2":1,"exam":70},"Computer Studies":{"ca1":9,"ca2":10,"exam":54},"Home Economics":{"ca1":7,"ca2":6,"exam":78},"Physical Health Education":{"ca1":8,"ca2":2,"exam":49}}', '2026-06-15T13:17:58.078Z', '2026-06-15T13:17:58.078Z');
INSERT INTO report_extras (id, school_id, student_id, session, term, attendance, traits, comments, promotion, created_at, updated_at) VALUES ('ext-stu-SS1-26', 'demo-school-id', 'stu-SS1-26', '2023/2024', 'First Term', '86', '{"punctuality":4,"neatness":4,"honesty":4}', '{"principal":"Satisfactory performance. Aim for higher grades next term.","teacher":"Strongly motivated and shows great potential."}', '', '2026-06-15T13:17:58.078Z', '2026-06-15T13:17:58.078Z');
INSERT INTO students (id, school_id, name, admission_no, gender, class_name, created_at, updated_at) VALUES ('stu-SS1-27', 'demo-school-id', 'Ibrahim Lawal', 'ADM/2023/0177', 'Male', 'SS 1', '2026-06-15T13:17:58.078Z', '2026-06-15T13:17:58.078Z');
INSERT INTO score_sheets (id, school_id, student_id, data, created_at, updated_at) VALUES ('score-stu-SS1-27', 'demo-school-id', 'stu-SS1-27', '{"Mathematics":{"ca1":4,"ca2":4,"exam":55},"English Language":{"ca1":8,"ca2":6,"exam":45},"Basic Science":{"ca1":3,"ca2":5,"exam":46},"Social Studies":{"ca1":3,"ca2":6,"exam":77},"Civic Education":{"ca1":10,"ca2":8,"exam":77},"Agricultural Science":{"ca1":1,"ca2":8,"exam":79},"Business Studies":{"ca1":4,"ca2":4,"exam":76},"Home Economics":{"ca1":1,"ca2":0,"exam":65},"Physical Health Education":{"ca1":3,"ca2":10,"exam":38}}', '2026-06-15T13:17:58.078Z', '2026-06-15T13:17:58.078Z');
INSERT INTO report_extras (id, school_id, student_id, session, term, attendance, traits, comments, promotion, created_at, updated_at) VALUES ('ext-stu-SS1-27', 'demo-school-id', 'stu-SS1-27', '2023/2024', 'First Term', '85', '{"punctuality":5,"neatness":4,"honesty":4}', '{"principal":"Impressive grades. More focus needed in Mathematics.","teacher":"Well-behaved and respectful student."}', '', '2026-06-15T13:17:58.078Z', '2026-06-15T13:17:58.078Z');
INSERT INTO students (id, school_id, name, admission_no, gender, class_name, created_at, updated_at) VALUES ('stu-SS1-28', 'demo-school-id', 'Chidi Usman', 'ADM/2023/0178', 'Female', 'SS 1', '2026-06-15T13:17:58.078Z', '2026-06-15T13:17:58.078Z');
INSERT INTO score_sheets (id, school_id, student_id, data, created_at, updated_at) VALUES ('score-stu-SS1-28', 'demo-school-id', 'stu-SS1-28', '{"Mathematics":{"ca1":3,"ca2":9,"exam":35},"English Language":{"ca1":0,"ca2":2,"exam":79},"Basic Science":{"ca1":10,"ca2":3,"exam":69},"Social Studies":{"ca1":4,"ca2":9,"exam":76},"Civic Education":{"ca1":10,"ca2":4,"exam":67},"Agricultural Science":{"ca1":4,"ca2":3,"exam":46},"Business Studies":{"ca1":1,"ca2":3,"exam":54},"Computer Studies":{"ca1":2,"ca2":2,"exam":49},"Home Economics":{"ca1":5,"ca2":5,"exam":47},"Physical Health Education":{"ca1":4,"ca2":4,"exam":35}}', '2026-06-15T13:17:58.078Z', '2026-06-15T13:17:58.078Z');
INSERT INTO report_extras (id, school_id, student_id, session, term, attendance, traits, comments, promotion, created_at, updated_at) VALUES ('ext-stu-SS1-28', 'demo-school-id', 'stu-SS1-28', '2023/2024', 'First Term', '92', '{"punctuality":4,"neatness":4,"honesty":4}', '{"principal":"Satisfactory performance. Aim for higher grades next term.","teacher":"Strongly motivated and shows great potential."}', '', '2026-06-15T13:17:58.078Z', '2026-06-15T13:17:58.078Z');
INSERT INTO students (id, school_id, name, admission_no, gender, class_name, created_at, updated_at) VALUES ('stu-SS1-29', 'demo-school-id', 'Folake Danjuma', 'ADM/2023/0179', 'Female', 'SS 1', '2026-06-15T13:17:58.078Z', '2026-06-15T13:17:58.078Z');
INSERT INTO score_sheets (id, school_id, student_id, data, created_at, updated_at) VALUES ('score-stu-SS1-29', 'demo-school-id', 'stu-SS1-29', '{"Mathematics":{"ca1":0,"ca2":4,"exam":35},"English Language":{"ca1":3,"ca2":0,"exam":63},"Basic Science":{"ca1":6,"ca2":9,"exam":45},"Social Studies":{"ca1":8,"ca2":2,"exam":73},"Business Studies":{"ca1":6,"ca2":1,"exam":78},"Computer Studies":{"ca1":4,"ca2":7,"exam":40},"Home Economics":{"ca1":6,"ca2":6,"exam":48},"Physical Health Education":{"ca1":6,"ca2":3,"exam":36}}', '2026-06-15T13:17:58.078Z', '2026-06-15T13:17:58.078Z');
INSERT INTO report_extras (id, school_id, student_id, session, term, attendance, traits, comments, promotion, created_at, updated_at) VALUES ('ext-stu-SS1-29', 'demo-school-id', 'stu-SS1-29', '2023/2024', 'First Term', '96', '{"punctuality":4,"neatness":3,"honesty":4}', '{"principal":"Impressive grades. More focus needed in Mathematics.","teacher":"Very active in class activities. Good job."}', '', '2026-06-15T13:17:58.078Z', '2026-06-15T13:17:58.078Z');
INSERT INTO students (id, school_id, name, admission_no, gender, class_name, created_at, updated_at) VALUES ('stu-SS1-30', 'demo-school-id', 'Amina Usman', 'ADM/2023/0180', 'Male', 'SS 1', '2026-06-15T13:17:58.078Z', '2026-06-15T13:17:58.078Z');
INSERT INTO score_sheets (id, school_id, student_id, data, created_at, updated_at) VALUES ('score-stu-SS1-30', 'demo-school-id', 'stu-SS1-30', '{"Mathematics":{"ca1":10,"ca2":10,"exam":41},"English Language":{"ca1":0,"ca2":7,"exam":51},"Basic Science":{"ca1":7,"ca2":7,"exam":74},"Social Studies":{"ca1":2,"ca2":2,"exam":63},"Civic Education":{"ca1":4,"ca2":0,"exam":52},"Agricultural Science":{"ca1":4,"ca2":10,"exam":52},"Business Studies":{"ca1":4,"ca2":9,"exam":56},"Computer Studies":{"ca1":2,"ca2":0,"exam":45},"Home Economics":{"ca1":6,"ca2":1,"exam":49},"Physical Health Education":{"ca1":0,"ca2":4,"exam":51}}', '2026-06-15T13:17:58.078Z', '2026-06-15T13:17:58.078Z');
INSERT INTO report_extras (id, school_id, student_id, session, term, attendance, traits, comments, promotion, created_at, updated_at) VALUES ('ext-stu-SS1-30', 'demo-school-id', 'stu-SS1-30', '2023/2024', 'First Term', '88', '{"punctuality":5,"neatness":4,"honesty":4}', '{"principal":"A good result. You can do better with more practice.","teacher":"Neat and regular in school. Keep it up."}', '', '2026-06-15T13:17:58.078Z', '2026-06-15T13:17:58.078Z');
INSERT INTO students (id, school_id, name, admission_no, gender, class_name, created_at, updated_at) VALUES ('stu-SS1-31', 'demo-school-id', 'Aisha Danjuma', 'ADM/2023/0181', 'Male', 'SS 1', '2026-06-15T13:17:58.078Z', '2026-06-15T13:17:58.078Z');
INSERT INTO score_sheets (id, school_id, student_id, data, created_at, updated_at) VALUES ('score-stu-SS1-31', 'demo-school-id', 'stu-SS1-31', '{"Mathematics":{"ca1":6,"ca2":10,"exam":52},"English Language":{"ca1":7,"ca2":1,"exam":53},"Basic Science":{"ca1":10,"ca2":2,"exam":55},"Social Studies":{"ca1":2,"ca2":0,"exam":55},"Civic Education":{"ca1":4,"ca2":9,"exam":69},"Agricultural Science":{"ca1":1,"ca2":9,"exam":48},"Business Studies":{"ca1":6,"ca2":8,"exam":36},"Computer Studies":{"ca1":1,"ca2":7,"exam":77},"Home Economics":{"ca1":10,"ca2":10,"exam":36},"Physical Health Education":{"ca1":10,"ca2":9,"exam":63}}', '2026-06-15T13:17:58.078Z', '2026-06-15T13:17:58.078Z');
INSERT INTO report_extras (id, school_id, student_id, session, term, attendance, traits, comments, promotion, created_at, updated_at) VALUES ('ext-stu-SS1-31', 'demo-school-id', 'stu-SS1-31', '2023/2024', 'First Term', '93', '{"punctuality":5,"neatness":5,"honesty":5}', '{"principal":"Satisfactory performance. Aim for higher grades next term.","teacher":"Neat and regular in school. Keep it up."}', '', '2026-06-15T13:17:58.078Z', '2026-06-15T13:17:58.078Z');
INSERT INTO students (id, school_id, name, admission_no, gender, class_name, created_at, updated_at) VALUES ('stu-SS1-32', 'demo-school-id', 'Amina Eze', 'ADM/2023/0182', 'Male', 'SS 1', '2026-06-15T13:17:58.078Z', '2026-06-15T13:17:58.078Z');
INSERT INTO score_sheets (id, school_id, student_id, data, created_at, updated_at) VALUES ('score-stu-SS1-32', 'demo-school-id', 'stu-SS1-32', '{"Mathematics":{"ca1":7,"ca2":9,"exam":67},"English Language":{"ca1":10,"ca2":1,"exam":62},"Basic Science":{"ca1":9,"ca2":5,"exam":63},"Social Studies":{"ca1":5,"ca2":1,"exam":55},"Civic Education":{"ca1":3,"ca2":6,"exam":40},"Agricultural Science":{"ca1":5,"ca2":8,"exam":69},"Business Studies":{"ca1":5,"ca2":7,"exam":50},"Computer Studies":{"ca1":1,"ca2":9,"exam":67},"Home Economics":{"ca1":0,"ca2":2,"exam":63},"Physical Health Education":{"ca1":4,"ca2":9,"exam":63}}', '2026-06-15T13:17:58.078Z', '2026-06-15T13:17:58.078Z');
INSERT INTO report_extras (id, school_id, student_id, session, term, attendance, traits, comments, promotion, created_at, updated_at) VALUES ('ext-stu-SS1-32', 'demo-school-id', 'stu-SS1-32', '2023/2024', 'First Term', '94', '{"punctuality":3,"neatness":5,"honesty":4}', '{"principal":"Impressive grades. More focus needed in Mathematics.","teacher":"Very active in class activities. Good job."}', '', '2026-06-15T13:17:58.078Z', '2026-06-15T13:17:58.078Z');
INSERT INTO students (id, school_id, name, admission_no, gender, class_name, created_at, updated_at) VALUES ('stu-SS1-33', 'demo-school-id', 'Aisha Nnaji', 'ADM/2023/0183', 'Female', 'SS 1', '2026-06-15T13:17:58.078Z', '2026-06-15T13:17:58.078Z');
INSERT INTO score_sheets (id, school_id, student_id, data, created_at, updated_at) VALUES ('score-stu-SS1-33', 'demo-school-id', 'stu-SS1-33', '{"Mathematics":{"ca1":3,"ca2":7,"exam":71},"English Language":{"ca1":9,"ca2":4,"exam":42},"Basic Science":{"ca1":0,"ca2":8,"exam":63},"Social Studies":{"ca1":6,"ca2":0,"exam":33},"Civic Education":{"ca1":1,"ca2":6,"exam":49},"Agricultural Science":{"ca1":1,"ca2":6,"exam":40},"Computer Studies":{"ca1":8,"ca2":9,"exam":74},"Home Economics":{"ca1":3,"ca2":6,"exam":44},"Physical Health Education":{"ca1":9,"ca2":3,"exam":52}}', '2026-06-15T13:17:58.078Z', '2026-06-15T13:17:58.078Z');
INSERT INTO report_extras (id, school_id, student_id, session, term, attendance, traits, comments, promotion, created_at, updated_at) VALUES ('ext-stu-SS1-33', 'demo-school-id', 'stu-SS1-33', '2023/2024', 'First Term', '92', '{"punctuality":4,"neatness":5,"honesty":5}', '{"principal":"A very brilliant performance. Keep it up.","teacher":"Strongly motivated and shows great potential."}', '', '2026-06-15T13:17:58.078Z', '2026-06-15T13:17:58.078Z');
INSERT INTO students (id, school_id, name, admission_no, gender, class_name, created_at, updated_at) VALUES ('stu-SS1-34', 'demo-school-id', 'Ibrahim Chukwuma', 'ADM/2023/0184', 'Male', 'SS 1', '2026-06-15T13:17:58.078Z', '2026-06-15T13:17:58.078Z');
INSERT INTO score_sheets (id, school_id, student_id, data, created_at, updated_at) VALUES ('score-stu-SS1-34', 'demo-school-id', 'stu-SS1-34', '{"Mathematics":{"ca1":8,"ca2":9,"exam":30},"English Language":{"ca1":5,"ca2":6,"exam":58},"Basic Science":{"ca1":4,"ca2":0,"exam":79},"Social Studies":{"ca1":0,"ca2":9,"exam":36},"Civic Education":{"ca1":2,"ca2":9,"exam":55},"Agricultural Science":{"ca1":3,"ca2":10,"exam":72},"Business Studies":{"ca1":5,"ca2":3,"exam":75},"Computer Studies":{"ca1":3,"ca2":2,"exam":47},"Physical Health Education":{"ca1":5,"ca2":10,"exam":49}}', '2026-06-15T13:17:58.078Z', '2026-06-15T13:17:58.078Z');
INSERT INTO report_extras (id, school_id, student_id, session, term, attendance, traits, comments, promotion, created_at, updated_at) VALUES ('ext-stu-SS1-34', 'demo-school-id', 'stu-SS1-34', '2023/2024', 'First Term', '93', '{"punctuality":4,"neatness":3,"honesty":3}', '{"principal":"Impressive grades. More focus needed in Mathematics.","teacher":"Strongly motivated and shows great potential."}', '', '2026-06-15T13:17:58.078Z', '2026-06-15T13:17:58.078Z');
INSERT INTO students (id, school_id, name, admission_no, gender, class_name, created_at, updated_at) VALUES ('stu-SS1-35', 'demo-school-id', 'Amina Lawal', 'ADM/2023/0185', 'Male', 'SS 1', '2026-06-15T13:17:58.078Z', '2026-06-15T13:17:58.078Z');
INSERT INTO score_sheets (id, school_id, student_id, data, created_at, updated_at) VALUES ('score-stu-SS1-35', 'demo-school-id', 'stu-SS1-35', '{"Mathematics":{"ca1":1,"ca2":6,"exam":35},"English Language":{"ca1":1,"ca2":5,"exam":56},"Basic Science":{"ca1":9,"ca2":9,"exam":34},"Social Studies":{"ca1":0,"ca2":2,"exam":70},"Agricultural Science":{"ca1":2,"ca2":6,"exam":46},"Business Studies":{"ca1":10,"ca2":9,"exam":76},"Computer Studies":{"ca1":5,"ca2":0,"exam":39},"Home Economics":{"ca1":6,"ca2":2,"exam":54},"Physical Health Education":{"ca1":6,"ca2":3,"exam":53}}', '2026-06-15T13:17:58.078Z', '2026-06-15T13:17:58.078Z');
INSERT INTO report_extras (id, school_id, student_id, session, term, attendance, traits, comments, promotion, created_at, updated_at) VALUES ('ext-stu-SS1-35', 'demo-school-id', 'stu-SS1-35', '2023/2024', 'First Term', '96', '{"punctuality":3,"neatness":5,"honesty":4}', '{"principal":"Excellent result. Consistent effort shown.","teacher":"Well-behaved and respectful student."}', '', '2026-06-15T13:17:58.078Z', '2026-06-15T13:17:58.078Z');
INSERT INTO students (id, school_id, name, admission_no, gender, class_name, created_at, updated_at) VALUES ('stu-SS1-36', 'demo-school-id', 'Aisha Adebayo', 'ADM/2023/0186', 'Male', 'SS 1', '2026-06-15T13:17:58.078Z', '2026-06-15T13:17:58.078Z');
INSERT INTO score_sheets (id, school_id, student_id, data, created_at, updated_at) VALUES ('score-stu-SS1-36', 'demo-school-id', 'stu-SS1-36', '{"Mathematics":{"ca1":4,"ca2":10,"exam":77},"English Language":{"ca1":6,"ca2":8,"exam":46},"Basic Science":{"ca1":6,"ca2":6,"exam":33},"Social Studies":{"ca1":3,"ca2":4,"exam":65},"Civic Education":{"ca1":8,"ca2":5,"exam":30},"Agricultural Science":{"ca1":2,"ca2":0,"exam":71},"Business Studies":{"ca1":6,"ca2":4,"exam":41},"Computer Studies":{"ca1":2,"ca2":7,"exam":78},"Home Economics":{"ca1":2,"ca2":8,"exam":66},"Physical Health Education":{"ca1":1,"ca2":9,"exam":55}}', '2026-06-15T13:17:58.078Z', '2026-06-15T13:17:58.078Z');
INSERT INTO report_extras (id, school_id, student_id, session, term, attendance, traits, comments, promotion, created_at, updated_at) VALUES ('ext-stu-SS1-36', 'demo-school-id', 'stu-SS1-36', '2023/2024', 'First Term', '97', '{"punctuality":4,"neatness":4,"honesty":4}', '{"principal":"Excellent result. Consistent effort shown.","teacher":"Strongly motivated and shows great potential."}', '', '2026-06-15T13:17:58.078Z', '2026-06-15T13:17:58.078Z');
INSERT INTO students (id, school_id, name, admission_no, gender, class_name, created_at, updated_at) VALUES ('stu-SS1-37', 'demo-school-id', 'Amina Usman', 'ADM/2023/0187', 'Male', 'SS 1', '2026-06-15T13:17:58.078Z', '2026-06-15T13:17:58.078Z');
INSERT INTO score_sheets (id, school_id, student_id, data, created_at, updated_at) VALUES ('score-stu-SS1-37', 'demo-school-id', 'stu-SS1-37', '{"Mathematics":{"ca1":10,"ca2":1,"exam":80},"English Language":{"ca1":8,"ca2":8,"exam":51},"Basic Science":{"ca1":3,"ca2":8,"exam":44},"Civic Education":{"ca1":4,"ca2":9,"exam":65},"Agricultural Science":{"ca1":1,"ca2":9,"exam":65},"Business Studies":{"ca1":2,"ca2":2,"exam":76},"Home Economics":{"ca1":5,"ca2":0,"exam":31},"Physical Health Education":{"ca1":8,"ca2":9,"exam":59}}', '2026-06-15T13:17:58.078Z', '2026-06-15T13:17:58.078Z');
INSERT INTO report_extras (id, school_id, student_id, session, term, attendance, traits, comments, promotion, created_at, updated_at) VALUES ('ext-stu-SS1-37', 'demo-school-id', 'stu-SS1-37', '2023/2024', 'First Term', '93', '{"punctuality":4,"neatness":4,"honesty":4}', '{"principal":"Excellent result. Consistent effort shown.","teacher":"Strongly motivated and shows great potential."}', '', '2026-06-15T13:17:58.078Z', '2026-06-15T13:17:58.078Z');
INSERT INTO students (id, school_id, name, admission_no, gender, class_name, created_at, updated_at) VALUES ('stu-SS1-38', 'demo-school-id', 'Fatima Adebayo', 'ADM/2023/0188', 'Male', 'SS 1', '2026-06-15T13:17:58.078Z', '2026-06-15T13:17:58.078Z');
INSERT INTO score_sheets (id, school_id, student_id, data, created_at, updated_at) VALUES ('score-stu-SS1-38', 'demo-school-id', 'stu-SS1-38', '{"Mathematics":{"ca1":10,"ca2":0,"exam":36},"Basic Science":{"ca1":1,"ca2":0,"exam":70},"Social Studies":{"ca1":6,"ca2":2,"exam":45},"Civic Education":{"ca1":10,"ca2":7,"exam":32},"Agricultural Science":{"ca1":9,"ca2":10,"exam":61},"Business Studies":{"ca1":8,"ca2":1,"exam":34},"Computer Studies":{"ca1":6,"ca2":5,"exam":71},"Home Economics":{"ca1":4,"ca2":9,"exam":66},"Physical Health Education":{"ca1":9,"ca2":4,"exam":63}}', '2026-06-15T13:17:58.078Z', '2026-06-15T13:17:58.078Z');
INSERT INTO report_extras (id, school_id, student_id, session, term, attendance, traits, comments, promotion, created_at, updated_at) VALUES ('ext-stu-SS1-38', 'demo-school-id', 'stu-SS1-38', '2023/2024', 'First Term', '93', '{"punctuality":3,"neatness":3,"honesty":4}', '{"principal":"Impressive grades. More focus needed in Mathematics.","teacher":"Very active in class activities. Good job."}', '', '2026-06-15T13:17:58.078Z', '2026-06-15T13:17:58.078Z');
INSERT INTO students (id, school_id, name, admission_no, gender, class_name, created_at, updated_at) VALUES ('stu-SS1-39', 'demo-school-id', 'Fatima Adeyemi', 'ADM/2023/0189', 'Male', 'SS 1', '2026-06-15T13:17:58.078Z', '2026-06-15T13:17:58.078Z');
INSERT INTO score_sheets (id, school_id, student_id, data, created_at, updated_at) VALUES ('score-stu-SS1-39', 'demo-school-id', 'stu-SS1-39', '{"Mathematics":{"ca1":1,"ca2":7,"exam":68},"Social Studies":{"ca1":5,"ca2":7,"exam":47},"Civic Education":{"ca1":4,"ca2":8,"exam":39},"Agricultural Science":{"ca1":2,"ca2":6,"exam":40},"Business Studies":{"ca1":3,"ca2":9,"exam":36},"Computer Studies":{"ca1":7,"ca2":8,"exam":46},"Home Economics":{"ca1":5,"ca2":8,"exam":53},"Physical Health Education":{"ca1":2,"ca2":0,"exam":63}}', '2026-06-15T13:17:58.078Z', '2026-06-15T13:17:58.078Z');
INSERT INTO report_extras (id, school_id, student_id, session, term, attendance, traits, comments, promotion, created_at, updated_at) VALUES ('ext-stu-SS1-39', 'demo-school-id', 'stu-SS1-39', '2023/2024', 'First Term', '94', '{"punctuality":3,"neatness":3,"honesty":5}', '{"principal":"Satisfactory performance. Aim for higher grades next term.","teacher":"Neat and regular in school. Keep it up."}', '', '2026-06-15T13:17:58.078Z', '2026-06-15T13:17:58.078Z');
INSERT INTO students (id, school_id, name, admission_no, gender, class_name, created_at, updated_at) VALUES ('stu-SS1-40', 'demo-school-id', 'Yinka Balogun', 'ADM/2023/0190', 'Male', 'SS 1', '2026-06-15T13:17:58.078Z', '2026-06-15T13:17:58.078Z');
INSERT INTO score_sheets (id, school_id, student_id, data, created_at, updated_at) VALUES ('score-stu-SS1-40', 'demo-school-id', 'stu-SS1-40', '{"Mathematics":{"ca1":3,"ca2":4,"exam":61},"English Language":{"ca1":5,"ca2":8,"exam":41},"Basic Science":{"ca1":9,"ca2":4,"exam":57},"Social Studies":{"ca1":6,"ca2":7,"exam":37},"Civic Education":{"ca1":6,"ca2":1,"exam":76},"Business Studies":{"ca1":0,"ca2":0,"exam":77},"Computer Studies":{"ca1":1,"ca2":2,"exam":62},"Home Economics":{"ca1":10,"ca2":7,"exam":44}}', '2026-06-15T13:17:58.078Z', '2026-06-15T13:17:58.078Z');
INSERT INTO report_extras (id, school_id, student_id, session, term, attendance, traits, comments, promotion, created_at, updated_at) VALUES ('ext-stu-SS1-40', 'demo-school-id', 'stu-SS1-40', '2023/2024', 'First Term', '96', '{"punctuality":4,"neatness":5,"honesty":3}', '{"principal":"Impressive grades. More focus needed in Mathematics.","teacher":"A dedicated and hardworking student."}', '', '2026-06-15T13:17:58.078Z', '2026-06-15T13:17:58.078Z');
INSERT INTO students (id, school_id, name, admission_no, gender, class_name, created_at, updated_at) VALUES ('stu-SS1-41', 'demo-school-id', 'Chinelo Balogun', 'ADM/2023/0191', 'Female', 'SS 1', '2026-06-15T13:17:58.078Z', '2026-06-15T13:17:58.078Z');
INSERT INTO score_sheets (id, school_id, student_id, data, created_at, updated_at) VALUES ('score-stu-SS1-41', 'demo-school-id', 'stu-SS1-41', '{"Mathematics":{"ca1":4,"ca2":2,"exam":54},"English Language":{"ca1":9,"ca2":7,"exam":74},"Basic Science":{"ca1":10,"ca2":4,"exam":32},"Social Studies":{"ca1":3,"ca2":2,"exam":68},"Civic Education":{"ca1":0,"ca2":4,"exam":69},"Agricultural Science":{"ca1":8,"ca2":4,"exam":71},"Computer Studies":{"ca1":6,"ca2":6,"exam":77},"Home Economics":{"ca1":3,"ca2":9,"exam":55},"Physical Health Education":{"ca1":8,"ca2":4,"exam":76}}', '2026-06-15T13:17:58.078Z', '2026-06-15T13:17:58.078Z');
INSERT INTO report_extras (id, school_id, student_id, session, term, attendance, traits, comments, promotion, created_at, updated_at) VALUES ('ext-stu-SS1-41', 'demo-school-id', 'stu-SS1-41', '2023/2024', 'First Term', '94', '{"punctuality":5,"neatness":4,"honesty":3}', '{"principal":"Satisfactory performance. Aim for higher grades next term.","teacher":"Neat and regular in school. Keep it up."}', '', '2026-06-15T13:17:58.078Z', '2026-06-15T13:17:58.078Z');
INSERT INTO students (id, school_id, name, admission_no, gender, class_name, created_at, updated_at) VALUES ('stu-SS1-42', 'demo-school-id', 'Obinna Abubakar', 'ADM/2023/0192', 'Female', 'SS 1', '2026-06-15T13:17:58.078Z', '2026-06-15T13:17:58.078Z');
INSERT INTO score_sheets (id, school_id, student_id, data, created_at, updated_at) VALUES ('score-stu-SS1-42', 'demo-school-id', 'stu-SS1-42', '{"Mathematics":{"ca1":6,"ca2":10,"exam":75},"Basic Science":{"ca1":4,"ca2":10,"exam":76},"Civic Education":{"ca1":8,"ca2":7,"exam":31},"Agricultural Science":{"ca1":1,"ca2":7,"exam":75},"Business Studies":{"ca1":9,"ca2":1,"exam":61},"Computer Studies":{"ca1":7,"ca2":10,"exam":32},"Home Economics":{"ca1":8,"ca2":8,"exam":55},"Physical Health Education":{"ca1":3,"ca2":9,"exam":61}}', '2026-06-15T13:17:58.078Z', '2026-06-15T13:17:58.078Z');
INSERT INTO report_extras (id, school_id, student_id, session, term, attendance, traits, comments, promotion, created_at, updated_at) VALUES ('ext-stu-SS1-42', 'demo-school-id', 'stu-SS1-42', '2023/2024', 'First Term', '87', '{"punctuality":4,"neatness":4,"honesty":5}', '{"principal":"Impressive grades. More focus needed in Mathematics.","teacher":"Neat and regular in school. Keep it up."}', '', '2026-06-15T13:17:58.078Z', '2026-06-15T13:17:58.078Z');
INSERT INTO students (id, school_id, name, admission_no, gender, class_name, created_at, updated_at) VALUES ('stu-SS1-43', 'demo-school-id', 'Ngozi Usman', 'ADM/2023/0193', 'Female', 'SS 1', '2026-06-15T13:17:58.078Z', '2026-06-15T13:17:58.078Z');
INSERT INTO score_sheets (id, school_id, student_id, data, created_at, updated_at) VALUES ('score-stu-SS1-43', 'demo-school-id', 'stu-SS1-43', '{"Mathematics":{"ca1":10,"ca2":3,"exam":76},"English Language":{"ca1":3,"ca2":2,"exam":30},"Basic Science":{"ca1":1,"ca2":0,"exam":72},"Social Studies":{"ca1":6,"ca2":3,"exam":40},"Civic Education":{"ca1":2,"ca2":3,"exam":59},"Agricultural Science":{"ca1":6,"ca2":7,"exam":80},"Business Studies":{"ca1":1,"ca2":7,"exam":74},"Home Economics":{"ca1":10,"ca2":4,"exam":72},"Physical Health Education":{"ca1":6,"ca2":3,"exam":58}}', '2026-06-15T13:17:58.078Z', '2026-06-15T13:17:58.078Z');
INSERT INTO report_extras (id, school_id, student_id, session, term, attendance, traits, comments, promotion, created_at, updated_at) VALUES ('ext-stu-SS1-43', 'demo-school-id', 'stu-SS1-43', '2023/2024', 'First Term', '88', '{"punctuality":4,"neatness":4,"honesty":3}', '{"principal":"Satisfactory performance. Aim for higher grades next term.","teacher":"Well-behaved and respectful student."}', '', '2026-06-15T13:17:58.078Z', '2026-06-15T13:17:58.078Z');
INSERT INTO students (id, school_id, name, admission_no, gender, class_name, created_at, updated_at) VALUES ('stu-SS1-44', 'demo-school-id', 'Oluwaseun Sanni', 'ADM/2023/0194', 'Female', 'SS 1', '2026-06-15T13:17:58.078Z', '2026-06-15T13:17:58.078Z');
INSERT INTO score_sheets (id, school_id, student_id, data, created_at, updated_at) VALUES ('score-stu-SS1-44', 'demo-school-id', 'stu-SS1-44', '{"Mathematics":{"ca1":1,"ca2":6,"exam":35},"English Language":{"ca1":3,"ca2":2,"exam":39},"Basic Science":{"ca1":6,"ca2":10,"exam":48},"Social Studies":{"ca1":2,"ca2":9,"exam":32},"Civic Education":{"ca1":0,"ca2":8,"exam":68},"Business Studies":{"ca1":5,"ca2":5,"exam":34},"Physical Health Education":{"ca1":6,"ca2":1,"exam":31}}', '2026-06-15T13:17:58.078Z', '2026-06-15T13:17:58.078Z');
INSERT INTO report_extras (id, school_id, student_id, session, term, attendance, traits, comments, promotion, created_at, updated_at) VALUES ('ext-stu-SS1-44', 'demo-school-id', 'stu-SS1-44', '2023/2024', 'First Term', '86', '{"punctuality":3,"neatness":5,"honesty":3}', '{"principal":"Satisfactory performance. Aim for higher grades next term.","teacher":"Well-behaved and respectful student."}', '', '2026-06-15T13:17:58.078Z', '2026-06-15T13:17:58.078Z');
INSERT INTO students (id, school_id, name, admission_no, gender, class_name, created_at, updated_at) VALUES ('stu-SS1-45', 'demo-school-id', 'Obinna Garba', 'ADM/2023/0195', 'Female', 'SS 1', '2026-06-15T13:17:58.078Z', '2026-06-15T13:17:58.078Z');
INSERT INTO score_sheets (id, school_id, student_id, data, created_at, updated_at) VALUES ('score-stu-SS1-45', 'demo-school-id', 'stu-SS1-45', '{"Mathematics":{"ca1":8,"ca2":0,"exam":67},"English Language":{"ca1":4,"ca2":10,"exam":45},"Basic Science":{"ca1":5,"ca2":6,"exam":49},"Social Studies":{"ca1":6,"ca2":3,"exam":74},"Agricultural Science":{"ca1":2,"ca2":6,"exam":40},"Business Studies":{"ca1":7,"ca2":0,"exam":46},"Computer Studies":{"ca1":4,"ca2":5,"exam":67},"Home Economics":{"ca1":5,"ca2":2,"exam":71},"Physical Health Education":{"ca1":8,"ca2":4,"exam":66}}', '2026-06-15T13:17:58.078Z', '2026-06-15T13:17:58.078Z');
INSERT INTO report_extras (id, school_id, student_id, session, term, attendance, traits, comments, promotion, created_at, updated_at) VALUES ('ext-stu-SS1-45', 'demo-school-id', 'stu-SS1-45', '2023/2024', 'First Term', '94', '{"punctuality":4,"neatness":5,"honesty":4}', '{"principal":"Excellent result. Consistent effort shown.","teacher":"Well-behaved and respectful student."}', '', '2026-06-15T13:17:58.078Z', '2026-06-15T13:17:58.078Z');
INSERT INTO students (id, school_id, name, admission_no, gender, class_name, created_at, updated_at) VALUES ('stu-SS1-46', 'demo-school-id', 'Tunde Eze', 'ADM/2023/0196', 'Male', 'SS 1', '2026-06-15T13:17:58.078Z', '2026-06-15T13:17:58.078Z');
INSERT INTO score_sheets (id, school_id, student_id, data, created_at, updated_at) VALUES ('score-stu-SS1-46', 'demo-school-id', 'stu-SS1-46', '{"Mathematics":{"ca1":8,"ca2":6,"exam":40},"English Language":{"ca1":3,"ca2":0,"exam":54},"Basic Science":{"ca1":2,"ca2":1,"exam":38},"Social Studies":{"ca1":0,"ca2":0,"exam":34},"Civic Education":{"ca1":4,"ca2":7,"exam":43},"Agricultural Science":{"ca1":10,"ca2":6,"exam":34},"Business Studies":{"ca1":10,"ca2":9,"exam":80},"Computer Studies":{"ca1":7,"ca2":5,"exam":59},"Home Economics":{"ca1":5,"ca2":3,"exam":59},"Physical Health Education":{"ca1":10,"ca2":0,"exam":37}}', '2026-06-15T13:17:58.078Z', '2026-06-15T13:17:58.078Z');
INSERT INTO report_extras (id, school_id, student_id, session, term, attendance, traits, comments, promotion, created_at, updated_at) VALUES ('ext-stu-SS1-46', 'demo-school-id', 'stu-SS1-46', '2023/2024', 'First Term', '94', '{"punctuality":5,"neatness":3,"honesty":4}', '{"principal":"Satisfactory performance. Aim for higher grades next term.","teacher":"Strongly motivated and shows great potential."}', '', '2026-06-15T13:17:58.078Z', '2026-06-15T13:17:58.078Z');
INSERT INTO students (id, school_id, name, admission_no, gender, class_name, created_at, updated_at) VALUES ('stu-SS1-47', 'demo-school-id', 'Tunde Eze', 'ADM/2023/0197', 'Female', 'SS 1', '2026-06-15T13:17:58.078Z', '2026-06-15T13:17:58.078Z');
INSERT INTO score_sheets (id, school_id, student_id, data, created_at, updated_at) VALUES ('score-stu-SS1-47', 'demo-school-id', 'stu-SS1-47', '{"Mathematics":{"ca1":0,"ca2":5,"exam":68},"English Language":{"ca1":1,"ca2":5,"exam":38},"Basic Science":{"ca1":7,"ca2":6,"exam":41},"Social Studies":{"ca1":6,"ca2":3,"exam":68},"Civic Education":{"ca1":4,"ca2":8,"exam":44},"Agricultural Science":{"ca1":5,"ca2":2,"exam":68},"Business Studies":{"ca1":6,"ca2":4,"exam":42},"Computer Studies":{"ca1":6,"ca2":2,"exam":73},"Home Economics":{"ca1":3,"ca2":5,"exam":52},"Physical Health Education":{"ca1":1,"ca2":10,"exam":78}}', '2026-06-15T13:17:58.078Z', '2026-06-15T13:17:58.078Z');
INSERT INTO report_extras (id, school_id, student_id, session, term, attendance, traits, comments, promotion, created_at, updated_at) VALUES ('ext-stu-SS1-47', 'demo-school-id', 'stu-SS1-47', '2023/2024', 'First Term', '97', '{"punctuality":3,"neatness":4,"honesty":3}', '{"principal":"Satisfactory performance. Aim for higher grades next term.","teacher":"A dedicated and hardworking student."}', '', '2026-06-15T13:17:58.078Z', '2026-06-15T13:17:58.078Z');
INSERT INTO students (id, school_id, name, admission_no, gender, class_name, created_at, updated_at) VALUES ('stu-SS1-48', 'demo-school-id', 'Mustapha Lawal', 'ADM/2023/0198', 'Male', 'SS 1', '2026-06-15T13:17:58.078Z', '2026-06-15T13:17:58.078Z');
INSERT INTO score_sheets (id, school_id, student_id, data, created_at, updated_at) VALUES ('score-stu-SS1-48', 'demo-school-id', 'stu-SS1-48', '{"Mathematics":{"ca1":3,"ca2":1,"exam":34},"English Language":{"ca1":2,"ca2":1,"exam":39},"Basic Science":{"ca1":8,"ca2":4,"exam":50},"Social Studies":{"ca1":4,"ca2":0,"exam":60},"Civic Education":{"ca1":1,"ca2":5,"exam":36},"Business Studies":{"ca1":9,"ca2":6,"exam":41},"Computer Studies":{"ca1":3,"ca2":5,"exam":78},"Home Economics":{"ca1":5,"ca2":6,"exam":41},"Physical Health Education":{"ca1":9,"ca2":3,"exam":72}}', '2026-06-15T13:17:58.078Z', '2026-06-15T13:17:58.078Z');
INSERT INTO report_extras (id, school_id, student_id, session, term, attendance, traits, comments, promotion, created_at, updated_at) VALUES ('ext-stu-SS1-48', 'demo-school-id', 'stu-SS1-48', '2023/2024', 'First Term', '95', '{"punctuality":4,"neatness":3,"honesty":3}', '{"principal":"Satisfactory performance. Aim for higher grades next term.","teacher":"Neat and regular in school. Keep it up."}', '', '2026-06-15T13:17:58.078Z', '2026-06-15T13:17:58.078Z');
INSERT INTO students (id, school_id, name, admission_no, gender, class_name, created_at, updated_at) VALUES ('stu-SS1-49', 'demo-school-id', 'Obinna Olawale', 'ADM/2023/0199', 'Female', 'SS 1', '2026-06-15T13:17:58.078Z', '2026-06-15T13:17:58.078Z');
INSERT INTO score_sheets (id, school_id, student_id, data, created_at, updated_at) VALUES ('score-stu-SS1-49', 'demo-school-id', 'stu-SS1-49', '{"Mathematics":{"ca1":7,"ca2":5,"exam":59},"English Language":{"ca1":3,"ca2":4,"exam":56},"Basic Science":{"ca1":10,"ca2":1,"exam":59},"Social Studies":{"ca1":6,"ca2":10,"exam":54},"Civic Education":{"ca1":8,"ca2":0,"exam":75},"Agricultural Science":{"ca1":2,"ca2":3,"exam":65},"Business Studies":{"ca1":7,"ca2":9,"exam":39},"Computer Studies":{"ca1":6,"ca2":8,"exam":55},"Home Economics":{"ca1":3,"ca2":1,"exam":70},"Physical Health Education":{"ca1":3,"ca2":8,"exam":76}}', '2026-06-15T13:17:58.078Z', '2026-06-15T13:17:58.078Z');
INSERT INTO report_extras (id, school_id, student_id, session, term, attendance, traits, comments, promotion, created_at, updated_at) VALUES ('ext-stu-SS1-49', 'demo-school-id', 'stu-SS1-49', '2023/2024', 'First Term', '96', '{"punctuality":5,"neatness":5,"honesty":5}', '{"principal":"Impressive grades. More focus needed in Mathematics.","teacher":"Very active in class activities. Good job."}', '', '2026-06-15T13:17:58.078Z', '2026-06-15T13:17:58.078Z');
INSERT INTO students (id, school_id, name, admission_no, gender, class_name, created_at, updated_at) VALUES ('stu-SS1-50', 'demo-school-id', 'Amina Balogun', 'ADM/2023/0200', 'Male', 'SS 1', '2026-06-15T13:17:58.078Z', '2026-06-15T13:17:58.078Z');
INSERT INTO score_sheets (id, school_id, student_id, data, created_at, updated_at) VALUES ('score-stu-SS1-50', 'demo-school-id', 'stu-SS1-50', '{"Mathematics":{"ca1":1,"ca2":4,"exam":60},"Basic Science":{"ca1":7,"ca2":3,"exam":50},"Social Studies":{"ca1":6,"ca2":1,"exam":34},"Civic Education":{"ca1":0,"ca2":3,"exam":35},"Agricultural Science":{"ca1":4,"ca2":0,"exam":47},"Business Studies":{"ca1":2,"ca2":9,"exam":54},"Computer Studies":{"ca1":7,"ca2":1,"exam":70},"Home Economics":{"ca1":10,"ca2":2,"exam":40},"Physical Health Education":{"ca1":0,"ca2":0,"exam":70}}', '2026-06-15T13:17:58.078Z', '2026-06-15T13:17:58.078Z');
INSERT INTO report_extras (id, school_id, student_id, session, term, attendance, traits, comments, promotion, created_at, updated_at) VALUES ('ext-stu-SS1-50', 'demo-school-id', 'stu-SS1-50', '2023/2024', 'First Term', '93', '{"punctuality":5,"neatness":4,"honesty":4}', '{"principal":"Impressive grades. More focus needed in Mathematics.","teacher":"Neat and regular in school. Keep it up."}', '', '2026-06-15T13:17:58.078Z', '2026-06-15T13:17:58.078Z');
INSERT INTO teacher_class_assignments (id, school_id, teacher_user_id, class_name, created_at) VALUES ('tca-SS2', 'demo-school-id', 'demo-teacher-id', 'SS 2', '2026-06-15T13:17:58.078Z');
INSERT INTO students (id, school_id, name, admission_no, gender, class_name, created_at, updated_at) VALUES ('stu-SS2-1', 'demo-school-id', 'Zainab Okonkwo', 'ADM/2023/0201', 'Female', 'SS 2', '2026-06-15T13:17:58.078Z', '2026-06-15T13:17:58.078Z');
INSERT INTO score_sheets (id, school_id, student_id, data, created_at, updated_at) VALUES ('score-stu-SS2-1', 'demo-school-id', 'stu-SS2-1', '{"Mathematics":{"ca1":2,"ca2":10,"exam":70},"English Language":{"ca1":4,"ca2":3,"exam":77},"Basic Science":{"ca1":8,"ca2":9,"exam":69},"Social Studies":{"ca1":8,"ca2":9,"exam":62},"Civic Education":{"ca1":2,"ca2":10,"exam":34},"Agricultural Science":{"ca1":7,"ca2":3,"exam":49},"Business Studies":{"ca1":0,"ca2":7,"exam":78},"Computer Studies":{"ca1":1,"ca2":7,"exam":53},"Home Economics":{"ca1":10,"ca2":2,"exam":34},"Physical Health Education":{"ca1":5,"ca2":9,"exam":50}}', '2026-06-15T13:17:58.078Z', '2026-06-15T13:17:58.078Z');
INSERT INTO report_extras (id, school_id, student_id, session, term, attendance, traits, comments, promotion, created_at, updated_at) VALUES ('ext-stu-SS2-1', 'demo-school-id', 'stu-SS2-1', '2023/2024', 'First Term', '94', '{"punctuality":3,"neatness":3,"honesty":3}', '{"principal":"Satisfactory performance. Aim for higher grades next term.","teacher":"Well-behaved and respectful student."}', '', '2026-06-15T13:17:58.078Z', '2026-06-15T13:17:58.078Z');
INSERT INTO students (id, school_id, name, admission_no, gender, class_name, created_at, updated_at) VALUES ('stu-SS2-2', 'demo-school-id', 'Aisha Sanni', 'ADM/2023/0202', 'Male', 'SS 2', '2026-06-15T13:17:58.078Z', '2026-06-15T13:17:58.078Z');
INSERT INTO score_sheets (id, school_id, student_id, data, created_at, updated_at) VALUES ('score-stu-SS2-2', 'demo-school-id', 'stu-SS2-2', '{"Mathematics":{"ca1":1,"ca2":1,"exam":50},"English Language":{"ca1":3,"ca2":6,"exam":31},"Basic Science":{"ca1":8,"ca2":6,"exam":37},"Social Studies":{"ca1":3,"ca2":7,"exam":75},"Civic Education":{"ca1":7,"ca2":1,"exam":59},"Agricultural Science":{"ca1":7,"ca2":6,"exam":52},"Business Studies":{"ca1":9,"ca2":2,"exam":66},"Computer Studies":{"ca1":8,"ca2":10,"exam":39},"Home Economics":{"ca1":6,"ca2":0,"exam":43},"Physical Health Education":{"ca1":5,"ca2":9,"exam":43}}', '2026-06-15T13:17:58.078Z', '2026-06-15T13:17:58.078Z');
INSERT INTO report_extras (id, school_id, student_id, session, term, attendance, traits, comments, promotion, created_at, updated_at) VALUES ('ext-stu-SS2-2', 'demo-school-id', 'stu-SS2-2', '2023/2024', 'First Term', '95', '{"punctuality":3,"neatness":4,"honesty":5}', '{"principal":"Excellent result. Consistent effort shown.","teacher":"Very active in class activities. Good job."}', '', '2026-06-15T13:17:58.078Z', '2026-06-15T13:17:58.078Z');
INSERT INTO students (id, school_id, name, admission_no, gender, class_name, created_at, updated_at) VALUES ('stu-SS2-3', 'demo-school-id', 'Musa Danjuma', 'ADM/2023/0203', 'Female', 'SS 2', '2026-06-15T13:17:58.078Z', '2026-06-15T13:17:58.078Z');
INSERT INTO score_sheets (id, school_id, student_id, data, created_at, updated_at) VALUES ('score-stu-SS2-3', 'demo-school-id', 'stu-SS2-3', '{"Mathematics":{"ca1":8,"ca2":10,"exam":60},"English Language":{"ca1":2,"ca2":2,"exam":76},"Basic Science":{"ca1":3,"ca2":8,"exam":38},"Social Studies":{"ca1":4,"ca2":0,"exam":67},"Civic Education":{"ca1":7,"ca2":2,"exam":54},"Agricultural Science":{"ca1":6,"ca2":1,"exam":71},"Business Studies":{"ca1":3,"ca2":5,"exam":62},"Home Economics":{"ca1":4,"ca2":4,"exam":63},"Physical Health Education":{"ca1":0,"ca2":9,"exam":80}}', '2026-06-15T13:17:58.078Z', '2026-06-15T13:17:58.078Z');
INSERT INTO report_extras (id, school_id, student_id, session, term, attendance, traits, comments, promotion, created_at, updated_at) VALUES ('ext-stu-SS2-3', 'demo-school-id', 'stu-SS2-3', '2023/2024', 'First Term', '85', '{"punctuality":3,"neatness":4,"honesty":5}', '{"principal":"Impressive grades. More focus needed in Mathematics.","teacher":"Strongly motivated and shows great potential."}', '', '2026-06-15T13:17:58.078Z', '2026-06-15T13:17:58.078Z');
INSERT INTO students (id, school_id, name, admission_no, gender, class_name, created_at, updated_at) VALUES ('stu-SS2-4', 'demo-school-id', 'Mustapha Bello', 'ADM/2023/0204', 'Female', 'SS 2', '2026-06-15T13:17:58.078Z', '2026-06-15T13:17:58.078Z');
INSERT INTO score_sheets (id, school_id, student_id, data, created_at, updated_at) VALUES ('score-stu-SS2-4', 'demo-school-id', 'stu-SS2-4', '{"Mathematics":{"ca1":1,"ca2":2,"exam":43},"English Language":{"ca1":9,"ca2":5,"exam":71},"Social Studies":{"ca1":5,"ca2":5,"exam":32},"Civic Education":{"ca1":6,"ca2":1,"exam":53},"Agricultural Science":{"ca1":2,"ca2":1,"exam":63},"Business Studies":{"ca1":3,"ca2":3,"exam":76},"Physical Health Education":{"ca1":3,"ca2":8,"exam":61}}', '2026-06-15T13:17:58.078Z', '2026-06-15T13:17:58.078Z');
INSERT INTO report_extras (id, school_id, student_id, session, term, attendance, traits, comments, promotion, created_at, updated_at) VALUES ('ext-stu-SS2-4', 'demo-school-id', 'stu-SS2-4', '2023/2024', 'First Term', '90', '{"punctuality":5,"neatness":4,"honesty":4}', '{"principal":"Impressive grades. More focus needed in Mathematics.","teacher":"Strongly motivated and shows great potential."}', '', '2026-06-15T13:17:58.078Z', '2026-06-15T13:17:58.078Z');
INSERT INTO students (id, school_id, name, admission_no, gender, class_name, created_at, updated_at) VALUES ('stu-SS2-5', 'demo-school-id', 'Emeka Okafor', 'ADM/2023/0205', 'Male', 'SS 2', '2026-06-15T13:17:58.078Z', '2026-06-15T13:17:58.078Z');
INSERT INTO score_sheets (id, school_id, student_id, data, created_at, updated_at) VALUES ('score-stu-SS2-5', 'demo-school-id', 'stu-SS2-5', '{"Mathematics":{"ca1":10,"ca2":8,"exam":77},"English Language":{"ca1":9,"ca2":2,"exam":68},"Basic Science":{"ca1":10,"ca2":4,"exam":41},"Social Studies":{"ca1":5,"ca2":8,"exam":74},"Civic Education":{"ca1":0,"ca2":2,"exam":53},"Agricultural Science":{"ca1":3,"ca2":6,"exam":77},"Business Studies":{"ca1":10,"ca2":3,"exam":49},"Computer Studies":{"ca1":3,"ca2":0,"exam":32},"Home Economics":{"ca1":3,"ca2":0,"exam":51},"Physical Health Education":{"ca1":8,"ca2":10,"exam":60}}', '2026-06-15T13:17:58.078Z', '2026-06-15T13:17:58.078Z');
INSERT INTO report_extras (id, school_id, student_id, session, term, attendance, traits, comments, promotion, created_at, updated_at) VALUES ('ext-stu-SS2-5', 'demo-school-id', 'stu-SS2-5', '2023/2024', 'First Term', '99', '{"punctuality":5,"neatness":5,"honesty":3}', '{"principal":"Satisfactory performance. Aim for higher grades next term.","teacher":"Well-behaved and respectful student."}', '', '2026-06-15T13:17:58.078Z', '2026-06-15T13:17:58.078Z');
INSERT INTO students (id, school_id, name, admission_no, gender, class_name, created_at, updated_at) VALUES ('stu-SS2-6', 'demo-school-id', 'Yinka Nwosu', 'ADM/2023/0206', 'Male', 'SS 2', '2026-06-15T13:17:58.078Z', '2026-06-15T13:17:58.078Z');
INSERT INTO score_sheets (id, school_id, student_id, data, created_at, updated_at) VALUES ('score-stu-SS2-6', 'demo-school-id', 'stu-SS2-6', '{"Mathematics":{"ca1":10,"ca2":2,"exam":76},"English Language":{"ca1":3,"ca2":3,"exam":65},"Basic Science":{"ca1":0,"ca2":4,"exam":78},"Social Studies":{"ca1":10,"ca2":7,"exam":40},"Agricultural Science":{"ca1":3,"ca2":6,"exam":31},"Computer Studies":{"ca1":10,"ca2":2,"exam":55},"Home Economics":{"ca1":4,"ca2":10,"exam":44},"Physical Health Education":{"ca1":2,"ca2":6,"exam":77}}', '2026-06-15T13:17:58.078Z', '2026-06-15T13:17:58.078Z');
INSERT INTO report_extras (id, school_id, student_id, session, term, attendance, traits, comments, promotion, created_at, updated_at) VALUES ('ext-stu-SS2-6', 'demo-school-id', 'stu-SS2-6', '2023/2024', 'First Term', '87', '{"punctuality":5,"neatness":3,"honesty":5}', '{"principal":"Satisfactory performance. Aim for higher grades next term.","teacher":"Well-behaved and respectful student."}', '', '2026-06-15T13:17:58.078Z', '2026-06-15T13:17:58.078Z');
INSERT INTO students (id, school_id, name, admission_no, gender, class_name, created_at, updated_at) VALUES ('stu-SS2-7', 'demo-school-id', 'Oluwaseun Danjuma', 'ADM/2023/0207', 'Male', 'SS 2', '2026-06-15T13:17:58.078Z', '2026-06-15T13:17:58.078Z');
INSERT INTO score_sheets (id, school_id, student_id, data, created_at, updated_at) VALUES ('score-stu-SS2-7', 'demo-school-id', 'stu-SS2-7', '{"Mathematics":{"ca1":1,"ca2":3,"exam":54},"English Language":{"ca1":3,"ca2":1,"exam":66},"Basic Science":{"ca1":1,"ca2":0,"exam":52},"Social Studies":{"ca1":5,"ca2":5,"exam":41},"Civic Education":{"ca1":6,"ca2":5,"exam":76},"Agricultural Science":{"ca1":0,"ca2":9,"exam":62},"Business Studies":{"ca1":2,"ca2":7,"exam":72},"Computer Studies":{"ca1":0,"ca2":2,"exam":77},"Home Economics":{"ca1":3,"ca2":6,"exam":31}}', '2026-06-15T13:17:58.078Z', '2026-06-15T13:17:58.078Z');
INSERT INTO report_extras (id, school_id, student_id, session, term, attendance, traits, comments, promotion, created_at, updated_at) VALUES ('ext-stu-SS2-7', 'demo-school-id', 'stu-SS2-7', '2023/2024', 'First Term', '97', '{"punctuality":4,"neatness":5,"honesty":5}', '{"principal":"Impressive grades. More focus needed in Mathematics.","teacher":"Strongly motivated and shows great potential."}', '', '2026-06-15T13:17:58.078Z', '2026-06-15T13:17:58.078Z');
INSERT INTO students (id, school_id, name, admission_no, gender, class_name, created_at, updated_at) VALUES ('stu-SS2-8', 'demo-school-id', 'Tunde Adeyemi', 'ADM/2023/0208', 'Male', 'SS 2', '2026-06-15T13:17:58.078Z', '2026-06-15T13:17:58.078Z');
INSERT INTO score_sheets (id, school_id, student_id, data, created_at, updated_at) VALUES ('score-stu-SS2-8', 'demo-school-id', 'stu-SS2-8', '{"English Language":{"ca1":5,"ca2":2,"exam":76},"Basic Science":{"ca1":1,"ca2":9,"exam":40},"Social Studies":{"ca1":3,"ca2":7,"exam":53},"Civic Education":{"ca1":5,"ca2":9,"exam":66},"Agricultural Science":{"ca1":1,"ca2":10,"exam":76},"Business Studies":{"ca1":3,"ca2":4,"exam":73},"Computer Studies":{"ca1":4,"ca2":8,"exam":63},"Home Economics":{"ca1":1,"ca2":7,"exam":67},"Physical Health Education":{"ca1":4,"ca2":7,"exam":78}}', '2026-06-15T13:17:58.078Z', '2026-06-15T13:17:58.078Z');
INSERT INTO report_extras (id, school_id, student_id, session, term, attendance, traits, comments, promotion, created_at, updated_at) VALUES ('ext-stu-SS2-8', 'demo-school-id', 'stu-SS2-8', '2023/2024', 'First Term', '88', '{"punctuality":3,"neatness":5,"honesty":4}', '{"principal":"Satisfactory performance. Aim for higher grades next term.","teacher":"A dedicated and hardworking student."}', '', '2026-06-15T13:17:58.078Z', '2026-06-15T13:17:58.078Z');
INSERT INTO students (id, school_id, name, admission_no, gender, class_name, created_at, updated_at) VALUES ('stu-SS2-9', 'demo-school-id', 'Folake Olawale', 'ADM/2023/0209', 'Female', 'SS 2', '2026-06-15T13:17:58.078Z', '2026-06-15T13:17:58.078Z');
INSERT INTO score_sheets (id, school_id, student_id, data, created_at, updated_at) VALUES ('score-stu-SS2-9', 'demo-school-id', 'stu-SS2-9', '{"Mathematics":{"ca1":3,"ca2":8,"exam":64},"English Language":{"ca1":7,"ca2":8,"exam":66},"Basic Science":{"ca1":7,"ca2":8,"exam":72},"Social Studies":{"ca1":6,"ca2":9,"exam":52},"Agricultural Science":{"ca1":7,"ca2":0,"exam":37},"Business Studies":{"ca1":3,"ca2":5,"exam":42},"Computer Studies":{"ca1":2,"ca2":9,"exam":50},"Home Economics":{"ca1":2,"ca2":10,"exam":68},"Physical Health Education":{"ca1":7,"ca2":2,"exam":31}}', '2026-06-15T13:17:58.078Z', '2026-06-15T13:17:58.078Z');
INSERT INTO report_extras (id, school_id, student_id, session, term, attendance, traits, comments, promotion, created_at, updated_at) VALUES ('ext-stu-SS2-9', 'demo-school-id', 'stu-SS2-9', '2023/2024', 'First Term', '92', '{"punctuality":3,"neatness":5,"honesty":3}', '{"principal":"Excellent result. Consistent effort shown.","teacher":"Neat and regular in school. Keep it up."}', '', '2026-06-15T13:17:58.078Z', '2026-06-15T13:17:58.078Z');
INSERT INTO students (id, school_id, name, admission_no, gender, class_name, created_at, updated_at) VALUES ('stu-SS2-10', 'demo-school-id', 'Kelechi Adebayo', 'ADM/2023/0210', 'Female', 'SS 2', '2026-06-15T13:17:58.078Z', '2026-06-15T13:17:58.078Z');
INSERT INTO score_sheets (id, school_id, student_id, data, created_at, updated_at) VALUES ('score-stu-SS2-10', 'demo-school-id', 'stu-SS2-10', '{"Mathematics":{"ca1":8,"ca2":1,"exam":79},"English Language":{"ca1":1,"ca2":6,"exam":72},"Basic Science":{"ca1":6,"ca2":2,"exam":35},"Social Studies":{"ca1":0,"ca2":9,"exam":39},"Civic Education":{"ca1":1,"ca2":10,"exam":69},"Agricultural Science":{"ca1":9,"ca2":6,"exam":78},"Business Studies":{"ca1":9,"ca2":4,"exam":34},"Computer Studies":{"ca1":4,"ca2":1,"exam":42},"Home Economics":{"ca1":0,"ca2":10,"exam":65},"Physical Health Education":{"ca1":5,"ca2":6,"exam":42}}', '2026-06-15T13:17:58.078Z', '2026-06-15T13:17:58.078Z');
INSERT INTO report_extras (id, school_id, student_id, session, term, attendance, traits, comments, promotion, created_at, updated_at) VALUES ('ext-stu-SS2-10', 'demo-school-id', 'stu-SS2-10', '2023/2024', 'First Term', '85', '{"punctuality":3,"neatness":3,"honesty":3}', '{"principal":"Excellent result. Consistent effort shown.","teacher":"Well-behaved and respectful student."}', '', '2026-06-15T13:17:58.078Z', '2026-06-15T13:17:58.078Z');
INSERT INTO students (id, school_id, name, admission_no, gender, class_name, created_at, updated_at) VALUES ('stu-SS2-11', 'demo-school-id', 'Musa Lawal', 'ADM/2023/0211', 'Female', 'SS 2', '2026-06-15T13:17:58.078Z', '2026-06-15T13:17:58.078Z');
INSERT INTO score_sheets (id, school_id, student_id, data, created_at, updated_at) VALUES ('score-stu-SS2-11', 'demo-school-id', 'stu-SS2-11', '{"Mathematics":{"ca1":1,"ca2":7,"exam":74},"English Language":{"ca1":2,"ca2":7,"exam":70},"Basic Science":{"ca1":1,"ca2":6,"exam":53},"Social Studies":{"ca1":6,"ca2":0,"exam":33},"Civic Education":{"ca1":2,"ca2":4,"exam":42},"Agricultural Science":{"ca1":9,"ca2":8,"exam":33},"Business Studies":{"ca1":6,"ca2":5,"exam":73},"Computer Studies":{"ca1":5,"ca2":10,"exam":48},"Home Economics":{"ca1":0,"ca2":2,"exam":78},"Physical Health Education":{"ca1":0,"ca2":8,"exam":47}}', '2026-06-15T13:17:58.078Z', '2026-06-15T13:17:58.078Z');
INSERT INTO report_extras (id, school_id, student_id, session, term, attendance, traits, comments, promotion, created_at, updated_at) VALUES ('ext-stu-SS2-11', 'demo-school-id', 'stu-SS2-11', '2023/2024', 'First Term', '88', '{"punctuality":3,"neatness":5,"honesty":3}', '{"principal":"Impressive grades. More focus needed in Mathematics.","teacher":"A dedicated and hardworking student."}', '', '2026-06-15T13:17:58.078Z', '2026-06-15T13:17:58.078Z');
INSERT INTO students (id, school_id, name, admission_no, gender, class_name, created_at, updated_at) VALUES ('stu-SS2-12', 'demo-school-id', 'Hadiza Okafor', 'ADM/2023/0212', 'Female', 'SS 2', '2026-06-15T13:17:58.078Z', '2026-06-15T13:17:58.078Z');
INSERT INTO score_sheets (id, school_id, student_id, data, created_at, updated_at) VALUES ('score-stu-SS2-12', 'demo-school-id', 'stu-SS2-12', '{"Mathematics":{"ca1":0,"ca2":4,"exam":77},"English Language":{"ca1":8,"ca2":6,"exam":79},"Basic Science":{"ca1":6,"ca2":8,"exam":57},"Social Studies":{"ca1":10,"ca2":10,"exam":61},"Civic Education":{"ca1":9,"ca2":1,"exam":54},"Agricultural Science":{"ca1":5,"ca2":7,"exam":74},"Computer Studies":{"ca1":1,"ca2":8,"exam":48},"Home Economics":{"ca1":5,"ca2":3,"exam":68},"Physical Health Education":{"ca1":9,"ca2":2,"exam":45}}', '2026-06-15T13:17:58.078Z', '2026-06-15T13:17:58.078Z');
INSERT INTO report_extras (id, school_id, student_id, session, term, attendance, traits, comments, promotion, created_at, updated_at) VALUES ('ext-stu-SS2-12', 'demo-school-id', 'stu-SS2-12', '2023/2024', 'First Term', '99', '{"punctuality":4,"neatness":5,"honesty":4}', '{"principal":"A very brilliant performance. Keep it up.","teacher":"A dedicated and hardworking student."}', '', '2026-06-15T13:17:58.078Z', '2026-06-15T13:17:58.078Z');
INSERT INTO students (id, school_id, name, admission_no, gender, class_name, created_at, updated_at) VALUES ('stu-SS2-13', 'demo-school-id', 'Amina Okonkwo', 'ADM/2023/0213', 'Female', 'SS 2', '2026-06-15T13:17:58.078Z', '2026-06-15T13:17:58.078Z');
INSERT INTO score_sheets (id, school_id, student_id, data, created_at, updated_at) VALUES ('score-stu-SS2-13', 'demo-school-id', 'stu-SS2-13', '{"Mathematics":{"ca1":10,"ca2":10,"exam":59},"English Language":{"ca1":4,"ca2":0,"exam":80},"Basic Science":{"ca1":5,"ca2":10,"exam":63},"Civic Education":{"ca1":3,"ca2":10,"exam":73},"Agricultural Science":{"ca1":6,"ca2":2,"exam":33},"Business Studies":{"ca1":2,"ca2":5,"exam":75},"Computer Studies":{"ca1":4,"ca2":8,"exam":57},"Home Economics":{"ca1":8,"ca2":8,"exam":79},"Physical Health Education":{"ca1":8,"ca2":3,"exam":54}}', '2026-06-15T13:17:58.078Z', '2026-06-15T13:17:58.078Z');
INSERT INTO report_extras (id, school_id, student_id, session, term, attendance, traits, comments, promotion, created_at, updated_at) VALUES ('ext-stu-SS2-13', 'demo-school-id', 'stu-SS2-13', '2023/2024', 'First Term', '99', '{"punctuality":3,"neatness":5,"honesty":5}', '{"principal":"A very brilliant performance. Keep it up.","teacher":"Well-behaved and respectful student."}', '', '2026-06-15T13:17:58.078Z', '2026-06-15T13:17:58.078Z');
INSERT INTO students (id, school_id, name, admission_no, gender, class_name, created_at, updated_at) VALUES ('stu-SS2-14', 'demo-school-id', 'Tunde Nwosu', 'ADM/2023/0214', 'Female', 'SS 2', '2026-06-15T13:17:58.078Z', '2026-06-15T13:17:58.078Z');
INSERT INTO score_sheets (id, school_id, student_id, data, created_at, updated_at) VALUES ('score-stu-SS2-14', 'demo-school-id', 'stu-SS2-14', '{"Mathematics":{"ca1":8,"ca2":2,"exam":59},"Basic Science":{"ca1":2,"ca2":8,"exam":65},"Social Studies":{"ca1":1,"ca2":2,"exam":59},"Civic Education":{"ca1":6,"ca2":10,"exam":41},"Agricultural Science":{"ca1":4,"ca2":6,"exam":44},"Business Studies":{"ca1":1,"ca2":8,"exam":69},"Computer Studies":{"ca1":5,"ca2":0,"exam":53},"Home Economics":{"ca1":7,"ca2":8,"exam":35},"Physical Health Education":{"ca1":9,"ca2":2,"exam":77}}', '2026-06-15T13:17:58.078Z', '2026-06-15T13:17:58.078Z');
INSERT INTO report_extras (id, school_id, student_id, session, term, attendance, traits, comments, promotion, created_at, updated_at) VALUES ('ext-stu-SS2-14', 'demo-school-id', 'stu-SS2-14', '2023/2024', 'First Term', '86', '{"punctuality":4,"neatness":5,"honesty":5}', '{"principal":"Satisfactory performance. Aim for higher grades next term.","teacher":"A dedicated and hardworking student."}', '', '2026-06-15T13:17:58.078Z', '2026-06-15T13:17:58.078Z');
INSERT INTO students (id, school_id, name, admission_no, gender, class_name, created_at, updated_at) VALUES ('stu-SS2-15', 'demo-school-id', 'Uche Garba', 'ADM/2023/0215', 'Female', 'SS 2', '2026-06-15T13:17:58.078Z', '2026-06-15T13:17:58.078Z');
INSERT INTO score_sheets (id, school_id, student_id, data, created_at, updated_at) VALUES ('score-stu-SS2-15', 'demo-school-id', 'stu-SS2-15', '{"Mathematics":{"ca1":4,"ca2":3,"exam":59},"English Language":{"ca1":5,"ca2":9,"exam":31},"Basic Science":{"ca1":9,"ca2":8,"exam":37},"Social Studies":{"ca1":7,"ca2":8,"exam":56},"Civic Education":{"ca1":9,"ca2":4,"exam":72},"Business Studies":{"ca1":2,"ca2":2,"exam":49},"Computer Studies":{"ca1":3,"ca2":10,"exam":79},"Home Economics":{"ca1":6,"ca2":6,"exam":46},"Physical Health Education":{"ca1":7,"ca2":5,"exam":68}}', '2026-06-15T13:17:58.078Z', '2026-06-15T13:17:58.078Z');
INSERT INTO report_extras (id, school_id, student_id, session, term, attendance, traits, comments, promotion, created_at, updated_at) VALUES ('ext-stu-SS2-15', 'demo-school-id', 'stu-SS2-15', '2023/2024', 'First Term', '92', '{"punctuality":4,"neatness":3,"honesty":3}', '{"principal":"A good result. You can do better with more practice.","teacher":"A dedicated and hardworking student."}', '', '2026-06-15T13:17:58.078Z', '2026-06-15T13:17:58.078Z');
INSERT INTO students (id, school_id, name, admission_no, gender, class_name, created_at, updated_at) VALUES ('stu-SS2-16', 'demo-school-id', 'Uche Nnaji', 'ADM/2023/0216', 'Female', 'SS 2', '2026-06-15T13:17:58.078Z', '2026-06-15T13:17:58.078Z');
INSERT INTO score_sheets (id, school_id, student_id, data, created_at, updated_at) VALUES ('score-stu-SS2-16', 'demo-school-id', 'stu-SS2-16', '{"Mathematics":{"ca1":3,"ca2":0,"exam":59},"English Language":{"ca1":9,"ca2":7,"exam":75},"Basic Science":{"ca1":1,"ca2":2,"exam":55},"Social Studies":{"ca1":9,"ca2":2,"exam":75},"Civic Education":{"ca1":5,"ca2":10,"exam":62},"Agricultural Science":{"ca1":8,"ca2":7,"exam":61},"Business Studies":{"ca1":5,"ca2":3,"exam":65},"Computer Studies":{"ca1":7,"ca2":0,"exam":41},"Home Economics":{"ca1":4,"ca2":2,"exam":71},"Physical Health Education":{"ca1":8,"ca2":7,"exam":68}}', '2026-06-15T13:17:58.078Z', '2026-06-15T13:17:58.078Z');
INSERT INTO report_extras (id, school_id, student_id, session, term, attendance, traits, comments, promotion, created_at, updated_at) VALUES ('ext-stu-SS2-16', 'demo-school-id', 'stu-SS2-16', '2023/2024', 'First Term', '98', '{"punctuality":5,"neatness":3,"honesty":4}', '{"principal":"Impressive grades. More focus needed in Mathematics.","teacher":"A dedicated and hardworking student."}', '', '2026-06-15T13:17:58.078Z', '2026-06-15T13:17:58.078Z');
INSERT INTO students (id, school_id, name, admission_no, gender, class_name, created_at, updated_at) VALUES ('stu-SS2-17', 'demo-school-id', 'Musa Olawale', 'ADM/2023/0217', 'Female', 'SS 2', '2026-06-15T13:17:58.078Z', '2026-06-15T13:17:58.078Z');
INSERT INTO score_sheets (id, school_id, student_id, data, created_at, updated_at) VALUES ('score-stu-SS2-17', 'demo-school-id', 'stu-SS2-17', '{"English Language":{"ca1":8,"ca2":10,"exam":79},"Social Studies":{"ca1":3,"ca2":4,"exam":59},"Civic Education":{"ca1":7,"ca2":0,"exam":41},"Business Studies":{"ca1":4,"ca2":7,"exam":44},"Computer Studies":{"ca1":6,"ca2":0,"exam":62},"Home Economics":{"ca1":7,"ca2":6,"exam":42},"Physical Health Education":{"ca1":3,"ca2":5,"exam":62}}', '2026-06-15T13:17:58.078Z', '2026-06-15T13:17:58.078Z');
INSERT INTO report_extras (id, school_id, student_id, session, term, attendance, traits, comments, promotion, created_at, updated_at) VALUES ('ext-stu-SS2-17', 'demo-school-id', 'stu-SS2-17', '2023/2024', 'First Term', '94', '{"punctuality":4,"neatness":4,"honesty":4}', '{"principal":"Excellent result. Consistent effort shown.","teacher":"Very active in class activities. Good job."}', '', '2026-06-15T13:17:58.078Z', '2026-06-15T13:17:58.078Z');
INSERT INTO students (id, school_id, name, admission_no, gender, class_name, created_at, updated_at) VALUES ('stu-SS2-18', 'demo-school-id', 'Kelechi Usman', 'ADM/2023/0218', 'Male', 'SS 2', '2026-06-15T13:17:58.078Z', '2026-06-15T13:17:58.078Z');
INSERT INTO score_sheets (id, school_id, student_id, data, created_at, updated_at) VALUES ('score-stu-SS2-18', 'demo-school-id', 'stu-SS2-18', '{"Mathematics":{"ca1":5,"ca2":4,"exam":76},"English Language":{"ca1":9,"ca2":7,"exam":50},"Basic Science":{"ca1":5,"ca2":3,"exam":32},"Social Studies":{"ca1":4,"ca2":2,"exam":46},"Civic Education":{"ca1":2,"ca2":1,"exam":34},"Agricultural Science":{"ca1":1,"ca2":2,"exam":79},"Business Studies":{"ca1":7,"ca2":9,"exam":43},"Computer Studies":{"ca1":0,"ca2":8,"exam":35},"Home Economics":{"ca1":0,"ca2":1,"exam":42},"Physical Health Education":{"ca1":0,"ca2":0,"exam":61}}', '2026-06-15T13:17:58.078Z', '2026-06-15T13:17:58.078Z');
INSERT INTO report_extras (id, school_id, student_id, session, term, attendance, traits, comments, promotion, created_at, updated_at) VALUES ('ext-stu-SS2-18', 'demo-school-id', 'stu-SS2-18', '2023/2024', 'First Term', '85', '{"punctuality":4,"neatness":5,"honesty":3}', '{"principal":"A good result. You can do better with more practice.","teacher":"Neat and regular in school. Keep it up."}', '', '2026-06-15T13:17:58.078Z', '2026-06-15T13:17:58.078Z');
INSERT INTO students (id, school_id, name, admission_no, gender, class_name, created_at, updated_at) VALUES ('stu-SS2-19', 'demo-school-id', 'Musa Balogun', 'ADM/2023/0219', 'Female', 'SS 2', '2026-06-15T13:17:58.078Z', '2026-06-15T13:17:58.078Z');
INSERT INTO score_sheets (id, school_id, student_id, data, created_at, updated_at) VALUES ('score-stu-SS2-19', 'demo-school-id', 'stu-SS2-19', '{"Mathematics":{"ca1":1,"ca2":6,"exam":75},"English Language":{"ca1":0,"ca2":2,"exam":47},"Basic Science":{"ca1":9,"ca2":6,"exam":48},"Social Studies":{"ca1":1,"ca2":1,"exam":35},"Civic Education":{"ca1":9,"ca2":5,"exam":39},"Business Studies":{"ca1":7,"ca2":5,"exam":71},"Computer Studies":{"ca1":9,"ca2":10,"exam":53},"Home Economics":{"ca1":8,"ca2":5,"exam":33},"Physical Health Education":{"ca1":10,"ca2":4,"exam":63}}', '2026-06-15T13:17:58.078Z', '2026-06-15T13:17:58.078Z');
INSERT INTO report_extras (id, school_id, student_id, session, term, attendance, traits, comments, promotion, created_at, updated_at) VALUES ('ext-stu-SS2-19', 'demo-school-id', 'stu-SS2-19', '2023/2024', 'First Term', '90', '{"punctuality":5,"neatness":5,"honesty":4}', '{"principal":"Satisfactory performance. Aim for higher grades next term.","teacher":"Strongly motivated and shows great potential."}', '', '2026-06-15T13:17:58.078Z', '2026-06-15T13:17:58.078Z');
INSERT INTO students (id, school_id, name, admission_no, gender, class_name, created_at, updated_at) VALUES ('stu-SS2-20', 'demo-school-id', 'Obinna Ani', 'ADM/2023/0220', 'Male', 'SS 2', '2026-06-15T13:17:58.078Z', '2026-06-15T13:17:58.078Z');
INSERT INTO score_sheets (id, school_id, student_id, data, created_at, updated_at) VALUES ('score-stu-SS2-20', 'demo-school-id', 'stu-SS2-20', '{"Mathematics":{"ca1":7,"ca2":0,"exam":58},"English Language":{"ca1":1,"ca2":9,"exam":70},"Basic Science":{"ca1":2,"ca2":9,"exam":78},"Social Studies":{"ca1":5,"ca2":6,"exam":35},"Civic Education":{"ca1":8,"ca2":8,"exam":38},"Agricultural Science":{"ca1":3,"ca2":10,"exam":78},"Business Studies":{"ca1":4,"ca2":2,"exam":69},"Computer Studies":{"ca1":0,"ca2":10,"exam":54},"Home Economics":{"ca1":10,"ca2":1,"exam":73},"Physical Health Education":{"ca1":6,"ca2":8,"exam":52}}', '2026-06-15T13:17:58.078Z', '2026-06-15T13:17:58.078Z');
INSERT INTO report_extras (id, school_id, student_id, session, term, attendance, traits, comments, promotion, created_at, updated_at) VALUES ('ext-stu-SS2-20', 'demo-school-id', 'stu-SS2-20', '2023/2024', 'First Term', '86', '{"punctuality":5,"neatness":5,"honesty":3}', '{"principal":"A good result. You can do better with more practice.","teacher":"Very active in class activities. Good job."}', '', '2026-06-15T13:17:58.078Z', '2026-06-15T13:17:58.078Z');
INSERT INTO students (id, school_id, name, admission_no, gender, class_name, created_at, updated_at) VALUES ('stu-SS2-21', 'demo-school-id', 'Chidi Adeyemi', 'ADM/2023/0221', 'Female', 'SS 2', '2026-06-15T13:17:58.078Z', '2026-06-15T13:17:58.078Z');
INSERT INTO score_sheets (id, school_id, student_id, data, created_at, updated_at) VALUES ('score-stu-SS2-21', 'demo-school-id', 'stu-SS2-21', '{"Mathematics":{"ca1":6,"ca2":6,"exam":75},"Social Studies":{"ca1":8,"ca2":1,"exam":40},"Civic Education":{"ca1":10,"ca2":2,"exam":48},"Agricultural Science":{"ca1":8,"ca2":6,"exam":32},"Business Studies":{"ca1":5,"ca2":6,"exam":34},"Computer Studies":{"ca1":0,"ca2":4,"exam":51},"Home Economics":{"ca1":1,"ca2":10,"exam":40},"Physical Health Education":{"ca1":8,"ca2":2,"exam":49}}', '2026-06-15T13:17:58.078Z', '2026-06-15T13:17:58.078Z');
INSERT INTO report_extras (id, school_id, student_id, session, term, attendance, traits, comments, promotion, created_at, updated_at) VALUES ('ext-stu-SS2-21', 'demo-school-id', 'stu-SS2-21', '2023/2024', 'First Term', '86', '{"punctuality":4,"neatness":3,"honesty":3}', '{"principal":"Impressive grades. More focus needed in Mathematics.","teacher":"Well-behaved and respectful student."}', '', '2026-06-15T13:17:58.078Z', '2026-06-15T13:17:58.078Z');
INSERT INTO students (id, school_id, name, admission_no, gender, class_name, created_at, updated_at) VALUES ('stu-SS2-22', 'demo-school-id', 'Folake Ibrahim', 'ADM/2023/0222', 'Female', 'SS 2', '2026-06-15T13:17:58.078Z', '2026-06-15T13:17:58.078Z');
INSERT INTO score_sheets (id, school_id, student_id, data, created_at, updated_at) VALUES ('score-stu-SS2-22', 'demo-school-id', 'stu-SS2-22', '{"Mathematics":{"ca1":9,"ca2":10,"exam":39},"English Language":{"ca1":4,"ca2":1,"exam":77},"Basic Science":{"ca1":3,"ca2":8,"exam":67},"Social Studies":{"ca1":0,"ca2":4,"exam":79},"Civic Education":{"ca1":5,"ca2":8,"exam":34},"Agricultural Science":{"ca1":7,"ca2":0,"exam":55},"Business Studies":{"ca1":9,"ca2":2,"exam":45},"Computer Studies":{"ca1":7,"ca2":5,"exam":73},"Home Economics":{"ca1":8,"ca2":7,"exam":49},"Physical Health Education":{"ca1":8,"ca2":0,"exam":41}}', '2026-06-15T13:17:58.078Z', '2026-06-15T13:17:58.078Z');
INSERT INTO report_extras (id, school_id, student_id, session, term, attendance, traits, comments, promotion, created_at, updated_at) VALUES ('ext-stu-SS2-22', 'demo-school-id', 'stu-SS2-22', '2023/2024', 'First Term', '96', '{"punctuality":4,"neatness":3,"honesty":3}', '{"principal":"A good result. You can do better with more practice.","teacher":"Very active in class activities. Good job."}', '', '2026-06-15T13:17:58.078Z', '2026-06-15T13:17:58.078Z');
INSERT INTO students (id, school_id, name, admission_no, gender, class_name, created_at, updated_at) VALUES ('stu-SS2-23', 'demo-school-id', 'Zainab Ibrahim', 'ADM/2023/0223', 'Female', 'SS 2', '2026-06-15T13:17:58.078Z', '2026-06-15T13:17:58.078Z');
INSERT INTO score_sheets (id, school_id, student_id, data, created_at, updated_at) VALUES ('score-stu-SS2-23', 'demo-school-id', 'stu-SS2-23', '{"Mathematics":{"ca1":6,"ca2":7,"exam":74},"English Language":{"ca1":6,"ca2":0,"exam":70},"Basic Science":{"ca1":2,"ca2":10,"exam":48},"Social Studies":{"ca1":3,"ca2":4,"exam":67},"Agricultural Science":{"ca1":6,"ca2":0,"exam":50},"Business Studies":{"ca1":8,"ca2":5,"exam":76},"Computer Studies":{"ca1":9,"ca2":3,"exam":65},"Home Economics":{"ca1":8,"ca2":6,"exam":71}}', '2026-06-15T13:17:58.078Z', '2026-06-15T13:17:58.078Z');
INSERT INTO report_extras (id, school_id, student_id, session, term, attendance, traits, comments, promotion, created_at, updated_at) VALUES ('ext-stu-SS2-23', 'demo-school-id', 'stu-SS2-23', '2023/2024', 'First Term', '91', '{"punctuality":5,"neatness":4,"honesty":3}', '{"principal":"Impressive grades. More focus needed in Mathematics.","teacher":"A dedicated and hardworking student."}', '', '2026-06-15T13:17:58.078Z', '2026-06-15T13:17:58.078Z');
INSERT INTO students (id, school_id, name, admission_no, gender, class_name, created_at, updated_at) VALUES ('stu-SS2-24', 'demo-school-id', 'Tunde Danjuma', 'ADM/2023/0224', 'Male', 'SS 2', '2026-06-15T13:17:58.078Z', '2026-06-15T13:17:58.078Z');
INSERT INTO score_sheets (id, school_id, student_id, data, created_at, updated_at) VALUES ('score-stu-SS2-24', 'demo-school-id', 'stu-SS2-24', '{"Mathematics":{"ca1":8,"ca2":10,"exam":38},"English Language":{"ca1":5,"ca2":1,"exam":64},"Basic Science":{"ca1":8,"ca2":5,"exam":48},"Social Studies":{"ca1":0,"ca2":10,"exam":68},"Civic Education":{"ca1":8,"ca2":0,"exam":40},"Business Studies":{"ca1":2,"ca2":2,"exam":45},"Home Economics":{"ca1":8,"ca2":0,"exam":38},"Physical Health Education":{"ca1":3,"ca2":3,"exam":80}}', '2026-06-15T13:17:58.078Z', '2026-06-15T13:17:58.078Z');
INSERT INTO report_extras (id, school_id, student_id, session, term, attendance, traits, comments, promotion, created_at, updated_at) VALUES ('ext-stu-SS2-24', 'demo-school-id', 'stu-SS2-24', '2023/2024', 'First Term', '98', '{"punctuality":5,"neatness":3,"honesty":4}', '{"principal":"Satisfactory performance. Aim for higher grades next term.","teacher":"Very active in class activities. Good job."}', '', '2026-06-15T13:17:58.078Z', '2026-06-15T13:17:58.078Z');
INSERT INTO students (id, school_id, name, admission_no, gender, class_name, created_at, updated_at) VALUES ('stu-SS2-25', 'demo-school-id', 'Ngozi Nnaji', 'ADM/2023/0225', 'Male', 'SS 2', '2026-06-15T13:17:58.078Z', '2026-06-15T13:17:58.078Z');
INSERT INTO score_sheets (id, school_id, student_id, data, created_at, updated_at) VALUES ('score-stu-SS2-25', 'demo-school-id', 'stu-SS2-25', '{"Mathematics":{"ca1":0,"ca2":10,"exam":62},"English Language":{"ca1":0,"ca2":4,"exam":52},"Basic Science":{"ca1":10,"ca2":5,"exam":66},"Social Studies":{"ca1":9,"ca2":8,"exam":43},"Civic Education":{"ca1":1,"ca2":8,"exam":73},"Agricultural Science":{"ca1":4,"ca2":7,"exam":75},"Business Studies":{"ca1":6,"ca2":3,"exam":38},"Home Economics":{"ca1":3,"ca2":4,"exam":69},"Physical Health Education":{"ca1":4,"ca2":3,"exam":33}}', '2026-06-15T13:17:58.078Z', '2026-06-15T13:17:58.078Z');
INSERT INTO report_extras (id, school_id, student_id, session, term, attendance, traits, comments, promotion, created_at, updated_at) VALUES ('ext-stu-SS2-25', 'demo-school-id', 'stu-SS2-25', '2023/2024', 'First Term', '89', '{"punctuality":4,"neatness":4,"honesty":3}', '{"principal":"Excellent result. Consistent effort shown.","teacher":"A dedicated and hardworking student."}', '', '2026-06-15T13:17:58.078Z', '2026-06-15T13:17:58.078Z');
INSERT INTO students (id, school_id, name, admission_no, gender, class_name, created_at, updated_at) VALUES ('stu-SS2-26', 'demo-school-id', 'Folake Usman', 'ADM/2023/0226', 'Female', 'SS 2', '2026-06-15T13:17:58.078Z', '2026-06-15T13:17:58.078Z');
INSERT INTO score_sheets (id, school_id, student_id, data, created_at, updated_at) VALUES ('score-stu-SS2-26', 'demo-school-id', 'stu-SS2-26', '{"Mathematics":{"ca1":8,"ca2":10,"exam":69},"English Language":{"ca1":3,"ca2":0,"exam":58},"Basic Science":{"ca1":6,"ca2":8,"exam":58},"Social Studies":{"ca1":4,"ca2":8,"exam":43},"Civic Education":{"ca1":2,"ca2":8,"exam":58},"Agricultural Science":{"ca1":9,"ca2":0,"exam":75},"Business Studies":{"ca1":3,"ca2":1,"exam":71},"Computer Studies":{"ca1":9,"ca2":8,"exam":58},"Physical Health Education":{"ca1":0,"ca2":6,"exam":46}}', '2026-06-15T13:17:58.078Z', '2026-06-15T13:17:58.078Z');
INSERT INTO report_extras (id, school_id, student_id, session, term, attendance, traits, comments, promotion, created_at, updated_at) VALUES ('ext-stu-SS2-26', 'demo-school-id', 'stu-SS2-26', '2023/2024', 'First Term', '91', '{"punctuality":4,"neatness":5,"honesty":5}', '{"principal":"A very brilliant performance. Keep it up.","teacher":"Strongly motivated and shows great potential."}', '', '2026-06-15T13:17:58.078Z', '2026-06-15T13:17:58.078Z');
INSERT INTO students (id, school_id, name, admission_no, gender, class_name, created_at, updated_at) VALUES ('stu-SS2-27', 'demo-school-id', 'Aisha Ibrahim', 'ADM/2023/0227', 'Male', 'SS 2', '2026-06-15T13:17:58.078Z', '2026-06-15T13:17:58.078Z');
INSERT INTO score_sheets (id, school_id, student_id, data, created_at, updated_at) VALUES ('score-stu-SS2-27', 'demo-school-id', 'stu-SS2-27', '{"Mathematics":{"ca1":10,"ca2":10,"exam":35},"Basic Science":{"ca1":3,"ca2":7,"exam":34},"Social Studies":{"ca1":0,"ca2":9,"exam":40},"Civic Education":{"ca1":7,"ca2":7,"exam":80},"Agricultural Science":{"ca1":0,"ca2":4,"exam":42},"Business Studies":{"ca1":4,"ca2":7,"exam":48},"Computer Studies":{"ca1":2,"ca2":0,"exam":70},"Home Economics":{"ca1":3,"ca2":5,"exam":72},"Physical Health Education":{"ca1":10,"ca2":8,"exam":74}}', '2026-06-15T13:17:58.078Z', '2026-06-15T13:17:58.078Z');
INSERT INTO report_extras (id, school_id, student_id, session, term, attendance, traits, comments, promotion, created_at, updated_at) VALUES ('ext-stu-SS2-27', 'demo-school-id', 'stu-SS2-27', '2023/2024', 'First Term', '93', '{"punctuality":3,"neatness":5,"honesty":4}', '{"principal":"Impressive grades. More focus needed in Mathematics.","teacher":"Very active in class activities. Good job."}', '', '2026-06-15T13:17:58.078Z', '2026-06-15T13:17:58.078Z');
INSERT INTO students (id, school_id, name, admission_no, gender, class_name, created_at, updated_at) VALUES ('stu-SS2-28', 'demo-school-id', 'Hadiza Eze', 'ADM/2023/0228', 'Female', 'SS 2', '2026-06-15T13:17:58.078Z', '2026-06-15T13:17:58.078Z');
INSERT INTO score_sheets (id, school_id, student_id, data, created_at, updated_at) VALUES ('score-stu-SS2-28', 'demo-school-id', 'stu-SS2-28', '{"Mathematics":{"ca1":0,"ca2":8,"exam":48},"English Language":{"ca1":2,"ca2":10,"exam":39},"Basic Science":{"ca1":3,"ca2":0,"exam":31},"Social Studies":{"ca1":1,"ca2":2,"exam":32},"Civic Education":{"ca1":2,"ca2":9,"exam":39},"Agricultural Science":{"ca1":10,"ca2":3,"exam":49},"Business Studies":{"ca1":9,"ca2":7,"exam":69},"Computer Studies":{"ca1":10,"ca2":4,"exam":45},"Home Economics":{"ca1":2,"ca2":0,"exam":46},"Physical Health Education":{"ca1":4,"ca2":1,"exam":39}}', '2026-06-15T13:17:58.078Z', '2026-06-15T13:17:58.078Z');
INSERT INTO report_extras (id, school_id, student_id, session, term, attendance, traits, comments, promotion, created_at, updated_at) VALUES ('ext-stu-SS2-28', 'demo-school-id', 'stu-SS2-28', '2023/2024', 'First Term', '89', '{"punctuality":4,"neatness":4,"honesty":3}', '{"principal":"Impressive grades. More focus needed in Mathematics.","teacher":"Very active in class activities. Good job."}', '', '2026-06-15T13:17:58.078Z', '2026-06-15T13:17:58.078Z');
INSERT INTO students (id, school_id, name, admission_no, gender, class_name, created_at, updated_at) VALUES ('stu-SS2-29', 'demo-school-id', 'Chidi Eze', 'ADM/2023/0229', 'Female', 'SS 2', '2026-06-15T13:17:58.078Z', '2026-06-15T13:17:58.078Z');
INSERT INTO score_sheets (id, school_id, student_id, data, created_at, updated_at) VALUES ('score-stu-SS2-29', 'demo-school-id', 'stu-SS2-29', '{"Mathematics":{"ca1":9,"ca2":1,"exam":36},"English Language":{"ca1":9,"ca2":6,"exam":43},"Basic Science":{"ca1":0,"ca2":10,"exam":67},"Social Studies":{"ca1":8,"ca2":1,"exam":79},"Civic Education":{"ca1":5,"ca2":6,"exam":54},"Agricultural Science":{"ca1":1,"ca2":3,"exam":48},"Business Studies":{"ca1":5,"ca2":1,"exam":32},"Computer Studies":{"ca1":4,"ca2":3,"exam":71},"Home Economics":{"ca1":1,"ca2":10,"exam":45},"Physical Health Education":{"ca1":8,"ca2":4,"exam":34}}', '2026-06-15T13:17:58.078Z', '2026-06-15T13:17:58.078Z');
INSERT INTO report_extras (id, school_id, student_id, session, term, attendance, traits, comments, promotion, created_at, updated_at) VALUES ('ext-stu-SS2-29', 'demo-school-id', 'stu-SS2-29', '2023/2024', 'First Term', '94', '{"punctuality":5,"neatness":3,"honesty":3}', '{"principal":"A very brilliant performance. Keep it up.","teacher":"A dedicated and hardworking student."}', '', '2026-06-15T13:17:58.078Z', '2026-06-15T13:17:58.078Z');
INSERT INTO students (id, school_id, name, admission_no, gender, class_name, created_at, updated_at) VALUES ('stu-SS2-30', 'demo-school-id', 'Zainab Bello', 'ADM/2023/0230', 'Male', 'SS 2', '2026-06-15T13:17:58.078Z', '2026-06-15T13:17:58.078Z');
INSERT INTO score_sheets (id, school_id, student_id, data, created_at, updated_at) VALUES ('score-stu-SS2-30', 'demo-school-id', 'stu-SS2-30', '{"Mathematics":{"ca1":10,"ca2":6,"exam":69},"English Language":{"ca1":6,"ca2":8,"exam":66},"Basic Science":{"ca1":9,"ca2":9,"exam":44},"Social Studies":{"ca1":3,"ca2":7,"exam":44},"Civic Education":{"ca1":4,"ca2":0,"exam":64},"Agricultural Science":{"ca1":2,"ca2":0,"exam":59},"Business Studies":{"ca1":4,"ca2":7,"exam":32},"Computer Studies":{"ca1":6,"ca2":5,"exam":79},"Home Economics":{"ca1":0,"ca2":2,"exam":76},"Physical Health Education":{"ca1":3,"ca2":5,"exam":73}}', '2026-06-15T13:17:58.078Z', '2026-06-15T13:17:58.078Z');
INSERT INTO report_extras (id, school_id, student_id, session, term, attendance, traits, comments, promotion, created_at, updated_at) VALUES ('ext-stu-SS2-30', 'demo-school-id', 'stu-SS2-30', '2023/2024', 'First Term', '97', '{"punctuality":4,"neatness":3,"honesty":4}', '{"principal":"Impressive grades. More focus needed in Mathematics.","teacher":"Neat and regular in school. Keep it up."}', '', '2026-06-15T13:17:58.078Z', '2026-06-15T13:17:58.078Z');
INSERT INTO students (id, school_id, name, admission_no, gender, class_name, created_at, updated_at) VALUES ('stu-SS2-31', 'demo-school-id', 'Chidi Sanni', 'ADM/2023/0231', 'Male', 'SS 2', '2026-06-15T13:17:58.078Z', '2026-06-15T13:17:58.078Z');
INSERT INTO score_sheets (id, school_id, student_id, data, created_at, updated_at) VALUES ('score-stu-SS2-31', 'demo-school-id', 'stu-SS2-31', '{"Mathematics":{"ca1":6,"ca2":3,"exam":70},"English Language":{"ca1":7,"ca2":9,"exam":51},"Basic Science":{"ca1":1,"ca2":2,"exam":65},"Social Studies":{"ca1":0,"ca2":8,"exam":76},"Civic Education":{"ca1":4,"ca2":8,"exam":53},"Agricultural Science":{"ca1":5,"ca2":0,"exam":43},"Computer Studies":{"ca1":5,"ca2":1,"exam":64},"Home Economics":{"ca1":10,"ca2":9,"exam":59},"Physical Health Education":{"ca1":8,"ca2":10,"exam":65}}', '2026-06-15T13:17:58.078Z', '2026-06-15T13:17:58.078Z');
INSERT INTO report_extras (id, school_id, student_id, session, term, attendance, traits, comments, promotion, created_at, updated_at) VALUES ('ext-stu-SS2-31', 'demo-school-id', 'stu-SS2-31', '2023/2024', 'First Term', '93', '{"punctuality":4,"neatness":4,"honesty":3}', '{"principal":"A very brilliant performance. Keep it up.","teacher":"Very active in class activities. Good job."}', '', '2026-06-15T13:17:58.078Z', '2026-06-15T13:17:58.078Z');
INSERT INTO students (id, school_id, name, admission_no, gender, class_name, created_at, updated_at) VALUES ('stu-SS2-32', 'demo-school-id', 'Folake Sanni', 'ADM/2023/0232', 'Female', 'SS 2', '2026-06-15T13:17:58.078Z', '2026-06-15T13:17:58.078Z');
INSERT INTO score_sheets (id, school_id, student_id, data, created_at, updated_at) VALUES ('score-stu-SS2-32', 'demo-school-id', 'stu-SS2-32', '{"Mathematics":{"ca1":1,"ca2":0,"exam":36},"English Language":{"ca1":7,"ca2":5,"exam":52},"Basic Science":{"ca1":4,"ca2":9,"exam":30},"Social Studies":{"ca1":7,"ca2":10,"exam":61},"Civic Education":{"ca1":2,"ca2":2,"exam":63},"Agricultural Science":{"ca1":10,"ca2":9,"exam":58},"Business Studies":{"ca1":9,"ca2":10,"exam":47},"Computer Studies":{"ca1":3,"ca2":6,"exam":73},"Home Economics":{"ca1":3,"ca2":1,"exam":67}}', '2026-06-15T13:17:58.078Z', '2026-06-15T13:17:58.078Z');
INSERT INTO report_extras (id, school_id, student_id, session, term, attendance, traits, comments, promotion, created_at, updated_at) VALUES ('ext-stu-SS2-32', 'demo-school-id', 'stu-SS2-32', '2023/2024', 'First Term', '88', '{"punctuality":4,"neatness":3,"honesty":5}', '{"principal":"Excellent result. Consistent effort shown.","teacher":"A dedicated and hardworking student."}', '', '2026-06-15T13:17:58.078Z', '2026-06-15T13:17:58.078Z');
INSERT INTO students (id, school_id, name, admission_no, gender, class_name, created_at, updated_at) VALUES ('stu-SS2-33', 'demo-school-id', 'Uche Muhammed', 'ADM/2023/0233', 'Female', 'SS 2', '2026-06-15T13:17:58.078Z', '2026-06-15T13:17:58.078Z');
INSERT INTO score_sheets (id, school_id, student_id, data, created_at, updated_at) VALUES ('score-stu-SS2-33', 'demo-school-id', 'stu-SS2-33', '{"Mathematics":{"ca1":1,"ca2":8,"exam":65},"Basic Science":{"ca1":6,"ca2":0,"exam":36},"Social Studies":{"ca1":1,"ca2":6,"exam":42},"Civic Education":{"ca1":9,"ca2":0,"exam":69},"Agricultural Science":{"ca1":10,"ca2":10,"exam":30},"Business Studies":{"ca1":0,"ca2":4,"exam":37},"Computer Studies":{"ca1":9,"ca2":0,"exam":68},"Home Economics":{"ca1":7,"ca2":3,"exam":66},"Physical Health Education":{"ca1":7,"ca2":5,"exam":79}}', '2026-06-15T13:17:58.078Z', '2026-06-15T13:17:58.078Z');
INSERT INTO report_extras (id, school_id, student_id, session, term, attendance, traits, comments, promotion, created_at, updated_at) VALUES ('ext-stu-SS2-33', 'demo-school-id', 'stu-SS2-33', '2023/2024', 'First Term', '93', '{"punctuality":3,"neatness":3,"honesty":4}', '{"principal":"Excellent result. Consistent effort shown.","teacher":"Neat and regular in school. Keep it up."}', '', '2026-06-15T13:17:58.078Z', '2026-06-15T13:17:58.078Z');
INSERT INTO students (id, school_id, name, admission_no, gender, class_name, created_at, updated_at) VALUES ('stu-SS2-34', 'demo-school-id', 'Mustapha Adeyemi', 'ADM/2023/0234', 'Female', 'SS 2', '2026-06-15T13:17:58.078Z', '2026-06-15T13:17:58.078Z');
INSERT INTO score_sheets (id, school_id, student_id, data, created_at, updated_at) VALUES ('score-stu-SS2-34', 'demo-school-id', 'stu-SS2-34', '{"Mathematics":{"ca1":1,"ca2":1,"exam":58},"English Language":{"ca1":6,"ca2":3,"exam":30},"Basic Science":{"ca1":2,"ca2":9,"exam":42},"Social Studies":{"ca1":2,"ca2":1,"exam":53},"Civic Education":{"ca1":4,"ca2":4,"exam":46},"Business Studies":{"ca1":1,"ca2":9,"exam":79},"Computer Studies":{"ca1":4,"ca2":0,"exam":60},"Home Economics":{"ca1":6,"ca2":2,"exam":74},"Physical Health Education":{"ca1":9,"ca2":3,"exam":74}}', '2026-06-15T13:17:58.078Z', '2026-06-15T13:17:58.078Z');
INSERT INTO report_extras (id, school_id, student_id, session, term, attendance, traits, comments, promotion, created_at, updated_at) VALUES ('ext-stu-SS2-34', 'demo-school-id', 'stu-SS2-34', '2023/2024', 'First Term', '92', '{"punctuality":3,"neatness":3,"honesty":3}', '{"principal":"Excellent result. Consistent effort shown.","teacher":"A dedicated and hardworking student."}', '', '2026-06-15T13:17:58.078Z', '2026-06-15T13:17:58.078Z');
INSERT INTO students (id, school_id, name, admission_no, gender, class_name, created_at, updated_at) VALUES ('stu-SS2-35', 'demo-school-id', 'Aisha Eze', 'ADM/2023/0235', 'Female', 'SS 2', '2026-06-15T13:17:58.078Z', '2026-06-15T13:17:58.078Z');
INSERT INTO score_sheets (id, school_id, student_id, data, created_at, updated_at) VALUES ('score-stu-SS2-35', 'demo-school-id', 'stu-SS2-35', '{"Mathematics":{"ca1":7,"ca2":0,"exam":61},"English Language":{"ca1":1,"ca2":6,"exam":39},"Basic Science":{"ca1":2,"ca2":4,"exam":68},"Social Studies":{"ca1":7,"ca2":7,"exam":52},"Civic Education":{"ca1":8,"ca2":0,"exam":69},"Agricultural Science":{"ca1":2,"ca2":9,"exam":42},"Business Studies":{"ca1":2,"ca2":3,"exam":33},"Computer Studies":{"ca1":7,"ca2":2,"exam":57},"Home Economics":{"ca1":8,"ca2":10,"exam":41},"Physical Health Education":{"ca1":1,"ca2":8,"exam":31}}', '2026-06-15T13:17:58.078Z', '2026-06-15T13:17:58.078Z');
INSERT INTO report_extras (id, school_id, student_id, session, term, attendance, traits, comments, promotion, created_at, updated_at) VALUES ('ext-stu-SS2-35', 'demo-school-id', 'stu-SS2-35', '2023/2024', 'First Term', '95', '{"punctuality":3,"neatness":3,"honesty":4}', '{"principal":"Excellent result. Consistent effort shown.","teacher":"Well-behaved and respectful student."}', '', '2026-06-15T13:17:58.078Z', '2026-06-15T13:17:58.078Z');
INSERT INTO students (id, school_id, name, admission_no, gender, class_name, created_at, updated_at) VALUES ('stu-SS2-36', 'demo-school-id', 'Chinelo Nwosu', 'ADM/2023/0236', 'Female', 'SS 2', '2026-06-15T13:17:58.078Z', '2026-06-15T13:17:58.078Z');
INSERT INTO score_sheets (id, school_id, student_id, data, created_at, updated_at) VALUES ('score-stu-SS2-36', 'demo-school-id', 'stu-SS2-36', '{"Mathematics":{"ca1":9,"ca2":8,"exam":56},"English Language":{"ca1":1,"ca2":6,"exam":50},"Basic Science":{"ca1":6,"ca2":2,"exam":50},"Social Studies":{"ca1":0,"ca2":3,"exam":70},"Civic Education":{"ca1":10,"ca2":1,"exam":66},"Agricultural Science":{"ca1":1,"ca2":10,"exam":72},"Business Studies":{"ca1":3,"ca2":9,"exam":55},"Computer Studies":{"ca1":5,"ca2":0,"exam":58},"Home Economics":{"ca1":1,"ca2":1,"exam":69},"Physical Health Education":{"ca1":4,"ca2":1,"exam":44}}', '2026-06-15T13:17:58.078Z', '2026-06-15T13:17:58.078Z');
INSERT INTO report_extras (id, school_id, student_id, session, term, attendance, traits, comments, promotion, created_at, updated_at) VALUES ('ext-stu-SS2-36', 'demo-school-id', 'stu-SS2-36', '2023/2024', 'First Term', '85', '{"punctuality":4,"neatness":3,"honesty":5}', '{"principal":"A very brilliant performance. Keep it up.","teacher":"Very active in class activities. Good job."}', '', '2026-06-15T13:17:58.078Z', '2026-06-15T13:17:58.078Z');
INSERT INTO students (id, school_id, name, admission_no, gender, class_name, created_at, updated_at) VALUES ('stu-SS2-37', 'demo-school-id', 'Amina Garba', 'ADM/2023/0237', 'Female', 'SS 2', '2026-06-15T13:17:58.078Z', '2026-06-15T13:17:58.078Z');
INSERT INTO score_sheets (id, school_id, student_id, data, created_at, updated_at) VALUES ('score-stu-SS2-37', 'demo-school-id', 'stu-SS2-37', '{"Mathematics":{"ca1":1,"ca2":3,"exam":39},"English Language":{"ca1":4,"ca2":0,"exam":73},"Basic Science":{"ca1":6,"ca2":9,"exam":41},"Social Studies":{"ca1":10,"ca2":8,"exam":37},"Civic Education":{"ca1":10,"ca2":0,"exam":51},"Agricultural Science":{"ca1":4,"ca2":7,"exam":30},"Business Studies":{"ca1":0,"ca2":3,"exam":43},"Computer Studies":{"ca1":3,"ca2":7,"exam":52},"Home Economics":{"ca1":8,"ca2":0,"exam":37},"Physical Health Education":{"ca1":9,"ca2":9,"exam":36}}', '2026-06-15T13:17:58.078Z', '2026-06-15T13:17:58.078Z');
INSERT INTO report_extras (id, school_id, student_id, session, term, attendance, traits, comments, promotion, created_at, updated_at) VALUES ('ext-stu-SS2-37', 'demo-school-id', 'stu-SS2-37', '2023/2024', 'First Term', '85', '{"punctuality":4,"neatness":4,"honesty":3}', '{"principal":"Excellent result. Consistent effort shown.","teacher":"Very active in class activities. Good job."}', '', '2026-06-15T13:17:58.078Z', '2026-06-15T13:17:58.078Z');
INSERT INTO students (id, school_id, name, admission_no, gender, class_name, created_at, updated_at) VALUES ('stu-SS2-38', 'demo-school-id', 'Obinna Usman', 'ADM/2023/0238', 'Male', 'SS 2', '2026-06-15T13:17:58.078Z', '2026-06-15T13:17:58.078Z');
INSERT INTO score_sheets (id, school_id, student_id, data, created_at, updated_at) VALUES ('score-stu-SS2-38', 'demo-school-id', 'stu-SS2-38', '{"Mathematics":{"ca1":5,"ca2":9,"exam":60},"English Language":{"ca1":8,"ca2":8,"exam":53},"Civic Education":{"ca1":0,"ca2":3,"exam":56},"Agricultural Science":{"ca1":0,"ca2":5,"exam":43},"Business Studies":{"ca1":0,"ca2":8,"exam":43},"Home Economics":{"ca1":5,"ca2":9,"exam":39}}', '2026-06-15T13:17:58.078Z', '2026-06-15T13:17:58.078Z');
INSERT INTO report_extras (id, school_id, student_id, session, term, attendance, traits, comments, promotion, created_at, updated_at) VALUES ('ext-stu-SS2-38', 'demo-school-id', 'stu-SS2-38', '2023/2024', 'First Term', '87', '{"punctuality":4,"neatness":3,"honesty":5}', '{"principal":"Impressive grades. More focus needed in Mathematics.","teacher":"Neat and regular in school. Keep it up."}', '', '2026-06-15T13:17:58.078Z', '2026-06-15T13:17:58.078Z');
INSERT INTO students (id, school_id, name, admission_no, gender, class_name, created_at, updated_at) VALUES ('stu-SS2-39', 'demo-school-id', 'Chidi Balogun', 'ADM/2023/0239', 'Female', 'SS 2', '2026-06-15T13:17:58.078Z', '2026-06-15T13:17:58.078Z');
INSERT INTO score_sheets (id, school_id, student_id, data, created_at, updated_at) VALUES ('score-stu-SS2-39', 'demo-school-id', 'stu-SS2-39', '{"Mathematics":{"ca1":4,"ca2":8,"exam":39},"English Language":{"ca1":5,"ca2":7,"exam":64},"Basic Science":{"ca1":4,"ca2":2,"exam":41},"Social Studies":{"ca1":10,"ca2":5,"exam":76},"Civic Education":{"ca1":6,"ca2":10,"exam":66},"Agricultural Science":{"ca1":2,"ca2":5,"exam":68},"Business Studies":{"ca1":2,"ca2":0,"exam":76},"Computer Studies":{"ca1":7,"ca2":5,"exam":54},"Home Economics":{"ca1":0,"ca2":4,"exam":48}}', '2026-06-15T13:17:58.078Z', '2026-06-15T13:17:58.078Z');
INSERT INTO report_extras (id, school_id, student_id, session, term, attendance, traits, comments, promotion, created_at, updated_at) VALUES ('ext-stu-SS2-39', 'demo-school-id', 'stu-SS2-39', '2023/2024', 'First Term', '89', '{"punctuality":4,"neatness":5,"honesty":4}', '{"principal":"A good result. You can do better with more practice.","teacher":"A dedicated and hardworking student."}', '', '2026-06-15T13:17:58.078Z', '2026-06-15T13:17:58.078Z');
INSERT INTO students (id, school_id, name, admission_no, gender, class_name, created_at, updated_at) VALUES ('stu-SS2-40', 'demo-school-id', 'Fatima Eze', 'ADM/2023/0240', 'Male', 'SS 2', '2026-06-15T13:17:58.078Z', '2026-06-15T13:17:58.078Z');
INSERT INTO score_sheets (id, school_id, student_id, data, created_at, updated_at) VALUES ('score-stu-SS2-40', 'demo-school-id', 'stu-SS2-40', '{"Mathematics":{"ca1":10,"ca2":1,"exam":66},"English Language":{"ca1":2,"ca2":3,"exam":71},"Basic Science":{"ca1":4,"ca2":10,"exam":66},"Civic Education":{"ca1":8,"ca2":9,"exam":59},"Agricultural Science":{"ca1":3,"ca2":5,"exam":49},"Business Studies":{"ca1":7,"ca2":8,"exam":61},"Computer Studies":{"ca1":10,"ca2":8,"exam":40},"Home Economics":{"ca1":7,"ca2":0,"exam":77},"Physical Health Education":{"ca1":6,"ca2":0,"exam":70}}', '2026-06-15T13:17:58.078Z', '2026-06-15T13:17:58.078Z');
INSERT INTO report_extras (id, school_id, student_id, session, term, attendance, traits, comments, promotion, created_at, updated_at) VALUES ('ext-stu-SS2-40', 'demo-school-id', 'stu-SS2-40', '2023/2024', 'First Term', '99', '{"punctuality":5,"neatness":5,"honesty":5}', '{"principal":"Satisfactory performance. Aim for higher grades next term.","teacher":"A dedicated and hardworking student."}', '', '2026-06-15T13:17:58.078Z', '2026-06-15T13:17:58.078Z');
INSERT INTO students (id, school_id, name, admission_no, gender, class_name, created_at, updated_at) VALUES ('stu-SS2-41', 'demo-school-id', 'Tunde Abubakar', 'ADM/2023/0241', 'Male', 'SS 2', '2026-06-15T13:17:58.078Z', '2026-06-15T13:17:58.078Z');
INSERT INTO score_sheets (id, school_id, student_id, data, created_at, updated_at) VALUES ('score-stu-SS2-41', 'demo-school-id', 'stu-SS2-41', '{"Mathematics":{"ca1":6,"ca2":2,"exam":30},"English Language":{"ca1":3,"ca2":7,"exam":36},"Basic Science":{"ca1":4,"ca2":5,"exam":69},"Social Studies":{"ca1":4,"ca2":3,"exam":61},"Civic Education":{"ca1":7,"ca2":4,"exam":79},"Agricultural Science":{"ca1":4,"ca2":8,"exam":35},"Business Studies":{"ca1":3,"ca2":10,"exam":72},"Computer Studies":{"ca1":2,"ca2":3,"exam":57},"Home Economics":{"ca1":3,"ca2":4,"exam":48}}', '2026-06-15T13:17:58.078Z', '2026-06-15T13:17:58.078Z');
INSERT INTO report_extras (id, school_id, student_id, session, term, attendance, traits, comments, promotion, created_at, updated_at) VALUES ('ext-stu-SS2-41', 'demo-school-id', 'stu-SS2-41', '2023/2024', 'First Term', '93', '{"punctuality":4,"neatness":3,"honesty":4}', '{"principal":"Excellent result. Consistent effort shown.","teacher":"Neat and regular in school. Keep it up."}', '', '2026-06-15T13:17:58.078Z', '2026-06-15T13:17:58.078Z');
INSERT INTO students (id, school_id, name, admission_no, gender, class_name, created_at, updated_at) VALUES ('stu-SS2-42', 'demo-school-id', 'Yinka Chukwuma', 'ADM/2023/0242', 'Female', 'SS 2', '2026-06-15T13:17:58.078Z', '2026-06-15T13:17:58.078Z');
INSERT INTO score_sheets (id, school_id, student_id, data, created_at, updated_at) VALUES ('score-stu-SS2-42', 'demo-school-id', 'stu-SS2-42', '{"Mathematics":{"ca1":8,"ca2":6,"exam":37},"English Language":{"ca1":2,"ca2":7,"exam":60},"Basic Science":{"ca1":0,"ca2":7,"exam":73},"Social Studies":{"ca1":6,"ca2":7,"exam":59},"Civic Education":{"ca1":10,"ca2":0,"exam":71},"Agricultural Science":{"ca1":2,"ca2":7,"exam":60},"Business Studies":{"ca1":8,"ca2":7,"exam":78},"Computer Studies":{"ca1":3,"ca2":10,"exam":61},"Home Economics":{"ca1":1,"ca2":6,"exam":76},"Physical Health Education":{"ca1":6,"ca2":3,"exam":60}}', '2026-06-15T13:17:58.078Z', '2026-06-15T13:17:58.078Z');
INSERT INTO report_extras (id, school_id, student_id, session, term, attendance, traits, comments, promotion, created_at, updated_at) VALUES ('ext-stu-SS2-42', 'demo-school-id', 'stu-SS2-42', '2023/2024', 'First Term', '97', '{"punctuality":5,"neatness":3,"honesty":5}', '{"principal":"Satisfactory performance. Aim for higher grades next term.","teacher":"Very active in class activities. Good job."}', '', '2026-06-15T13:17:58.078Z', '2026-06-15T13:17:58.078Z');
INSERT INTO students (id, school_id, name, admission_no, gender, class_name, created_at, updated_at) VALUES ('stu-SS2-43', 'demo-school-id', 'Yinka Usman', 'ADM/2023/0243', 'Female', 'SS 2', '2026-06-15T13:17:58.078Z', '2026-06-15T13:17:58.078Z');
INSERT INTO score_sheets (id, school_id, student_id, data, created_at, updated_at) VALUES ('score-stu-SS2-43', 'demo-school-id', 'stu-SS2-43', '{"Mathematics":{"ca1":7,"ca2":1,"exam":41},"English Language":{"ca1":3,"ca2":8,"exam":74},"Basic Science":{"ca1":6,"ca2":4,"exam":55},"Social Studies":{"ca1":0,"ca2":5,"exam":59},"Civic Education":{"ca1":7,"ca2":0,"exam":33},"Agricultural Science":{"ca1":6,"ca2":2,"exam":57},"Business Studies":{"ca1":6,"ca2":2,"exam":73},"Computer Studies":{"ca1":8,"ca2":1,"exam":68},"Home Economics":{"ca1":10,"ca2":4,"exam":63},"Physical Health Education":{"ca1":7,"ca2":0,"exam":31}}', '2026-06-15T13:17:58.078Z', '2026-06-15T13:17:58.078Z');
INSERT INTO report_extras (id, school_id, student_id, session, term, attendance, traits, comments, promotion, created_at, updated_at) VALUES ('ext-stu-SS2-43', 'demo-school-id', 'stu-SS2-43', '2023/2024', 'First Term', '86', '{"punctuality":4,"neatness":5,"honesty":5}', '{"principal":"Impressive grades. More focus needed in Mathematics.","teacher":"Neat and regular in school. Keep it up."}', '', '2026-06-15T13:17:58.078Z', '2026-06-15T13:17:58.078Z');
INSERT INTO students (id, school_id, name, admission_no, gender, class_name, created_at, updated_at) VALUES ('stu-SS2-44', 'demo-school-id', 'Amina Lawal', 'ADM/2023/0244', 'Male', 'SS 2', '2026-06-15T13:17:58.078Z', '2026-06-15T13:17:58.078Z');
INSERT INTO score_sheets (id, school_id, student_id, data, created_at, updated_at) VALUES ('score-stu-SS2-44', 'demo-school-id', 'stu-SS2-44', '{"Mathematics":{"ca1":6,"ca2":5,"exam":50},"English Language":{"ca1":9,"ca2":5,"exam":42},"Basic Science":{"ca1":0,"ca2":3,"exam":30},"Social Studies":{"ca1":9,"ca2":5,"exam":55},"Civic Education":{"ca1":5,"ca2":6,"exam":46},"Agricultural Science":{"ca1":10,"ca2":2,"exam":40},"Business Studies":{"ca1":5,"ca2":9,"exam":65},"Computer Studies":{"ca1":7,"ca2":8,"exam":54},"Home Economics":{"ca1":5,"ca2":0,"exam":65},"Physical Health Education":{"ca1":1,"ca2":2,"exam":63}}', '2026-06-15T13:17:58.078Z', '2026-06-15T13:17:58.078Z');
INSERT INTO report_extras (id, school_id, student_id, session, term, attendance, traits, comments, promotion, created_at, updated_at) VALUES ('ext-stu-SS2-44', 'demo-school-id', 'stu-SS2-44', '2023/2024', 'First Term', '85', '{"punctuality":4,"neatness":3,"honesty":3}', '{"principal":"Impressive grades. More focus needed in Mathematics.","teacher":"Very active in class activities. Good job."}', '', '2026-06-15T13:17:58.078Z', '2026-06-15T13:17:58.078Z');
INSERT INTO students (id, school_id, name, admission_no, gender, class_name, created_at, updated_at) VALUES ('stu-SS2-45', 'demo-school-id', 'Amina Danjuma', 'ADM/2023/0245', 'Female', 'SS 2', '2026-06-15T13:17:58.078Z', '2026-06-15T13:17:58.078Z');
INSERT INTO score_sheets (id, school_id, student_id, data, created_at, updated_at) VALUES ('score-stu-SS2-45', 'demo-school-id', 'stu-SS2-45', '{"Mathematics":{"ca1":4,"ca2":9,"exam":50},"Basic Science":{"ca1":7,"ca2":1,"exam":60},"Social Studies":{"ca1":4,"ca2":4,"exam":53},"Civic Education":{"ca1":0,"ca2":7,"exam":59},"Agricultural Science":{"ca1":6,"ca2":7,"exam":47},"Business Studies":{"ca1":7,"ca2":1,"exam":39},"Computer Studies":{"ca1":8,"ca2":4,"exam":48},"Home Economics":{"ca1":0,"ca2":7,"exam":55},"Physical Health Education":{"ca1":8,"ca2":7,"exam":62}}', '2026-06-15T13:17:58.078Z', '2026-06-15T13:17:58.078Z');
INSERT INTO report_extras (id, school_id, student_id, session, term, attendance, traits, comments, promotion, created_at, updated_at) VALUES ('ext-stu-SS2-45', 'demo-school-id', 'stu-SS2-45', '2023/2024', 'First Term', '99', '{"punctuality":3,"neatness":4,"honesty":4}', '{"principal":"Impressive grades. More focus needed in Mathematics.","teacher":"Neat and regular in school. Keep it up."}', '', '2026-06-15T13:17:58.078Z', '2026-06-15T13:17:58.078Z');
INSERT INTO students (id, school_id, name, admission_no, gender, class_name, created_at, updated_at) VALUES ('stu-SS2-46', 'demo-school-id', 'Emeka Bello', 'ADM/2023/0246', 'Female', 'SS 2', '2026-06-15T13:17:58.078Z', '2026-06-15T13:17:58.078Z');
INSERT INTO score_sheets (id, school_id, student_id, data, created_at, updated_at) VALUES ('score-stu-SS2-46', 'demo-school-id', 'stu-SS2-46', '{"Mathematics":{"ca1":4,"ca2":3,"exam":56},"English Language":{"ca1":0,"ca2":7,"exam":50},"Basic Science":{"ca1":1,"ca2":10,"exam":54},"Social Studies":{"ca1":4,"ca2":9,"exam":51},"Civic Education":{"ca1":5,"ca2":4,"exam":32},"Agricultural Science":{"ca1":5,"ca2":8,"exam":40},"Business Studies":{"ca1":4,"ca2":5,"exam":58},"Computer Studies":{"ca1":1,"ca2":4,"exam":76},"Home Economics":{"ca1":1,"ca2":8,"exam":50}}', '2026-06-15T13:17:58.078Z', '2026-06-15T13:17:58.078Z');
INSERT INTO report_extras (id, school_id, student_id, session, term, attendance, traits, comments, promotion, created_at, updated_at) VALUES ('ext-stu-SS2-46', 'demo-school-id', 'stu-SS2-46', '2023/2024', 'First Term', '98', '{"punctuality":4,"neatness":3,"honesty":4}', '{"principal":"Excellent result. Consistent effort shown.","teacher":"Well-behaved and respectful student."}', '', '2026-06-15T13:17:58.078Z', '2026-06-15T13:17:58.078Z');
INSERT INTO students (id, school_id, name, admission_no, gender, class_name, created_at, updated_at) VALUES ('stu-SS2-47', 'demo-school-id', 'Tunde Eze', 'ADM/2023/0247', 'Male', 'SS 2', '2026-06-15T13:17:58.078Z', '2026-06-15T13:17:58.078Z');
INSERT INTO score_sheets (id, school_id, student_id, data, created_at, updated_at) VALUES ('score-stu-SS2-47', 'demo-school-id', 'stu-SS2-47', '{"Mathematics":{"ca1":8,"ca2":10,"exam":30},"English Language":{"ca1":0,"ca2":5,"exam":62},"Basic Science":{"ca1":4,"ca2":8,"exam":68},"Social Studies":{"ca1":7,"ca2":6,"exam":51},"Civic Education":{"ca1":0,"ca2":6,"exam":32},"Business Studies":{"ca1":8,"ca2":10,"exam":41},"Computer Studies":{"ca1":4,"ca2":4,"exam":76},"Home Economics":{"ca1":7,"ca2":6,"exam":36},"Physical Health Education":{"ca1":2,"ca2":1,"exam":61}}', '2026-06-15T13:17:58.078Z', '2026-06-15T13:17:58.078Z');
INSERT INTO report_extras (id, school_id, student_id, session, term, attendance, traits, comments, promotion, created_at, updated_at) VALUES ('ext-stu-SS2-47', 'demo-school-id', 'stu-SS2-47', '2023/2024', 'First Term', '97', '{"punctuality":5,"neatness":4,"honesty":5}', '{"principal":"Excellent result. Consistent effort shown.","teacher":"A dedicated and hardworking student."}', '', '2026-06-15T13:17:58.078Z', '2026-06-15T13:17:58.078Z');
INSERT INTO students (id, school_id, name, admission_no, gender, class_name, created_at, updated_at) VALUES ('stu-SS2-48', 'demo-school-id', 'Kelechi Usman', 'ADM/2023/0248', 'Male', 'SS 2', '2026-06-15T13:17:58.078Z', '2026-06-15T13:17:58.078Z');
INSERT INTO score_sheets (id, school_id, student_id, data, created_at, updated_at) VALUES ('score-stu-SS2-48', 'demo-school-id', 'stu-SS2-48', '{"Mathematics":{"ca1":9,"ca2":7,"exam":72},"English Language":{"ca1":2,"ca2":7,"exam":66},"Social Studies":{"ca1":8,"ca2":4,"exam":80},"Civic Education":{"ca1":1,"ca2":8,"exam":41},"Agricultural Science":{"ca1":0,"ca2":7,"exam":46},"Business Studies":{"ca1":3,"ca2":5,"exam":49},"Computer Studies":{"ca1":2,"ca2":3,"exam":32},"Home Economics":{"ca1":6,"ca2":7,"exam":61},"Physical Health Education":{"ca1":1,"ca2":7,"exam":58}}', '2026-06-15T13:17:58.078Z', '2026-06-15T13:17:58.078Z');
INSERT INTO report_extras (id, school_id, student_id, session, term, attendance, traits, comments, promotion, created_at, updated_at) VALUES ('ext-stu-SS2-48', 'demo-school-id', 'stu-SS2-48', '2023/2024', 'First Term', '91', '{"punctuality":4,"neatness":5,"honesty":4}', '{"principal":"Excellent result. Consistent effort shown.","teacher":"Very active in class activities. Good job."}', '', '2026-06-15T13:17:58.078Z', '2026-06-15T13:17:58.078Z');
INSERT INTO students (id, school_id, name, admission_no, gender, class_name, created_at, updated_at) VALUES ('stu-SS2-49', 'demo-school-id', 'Fatima Nnaji', 'ADM/2023/0249', 'Male', 'SS 2', '2026-06-15T13:17:58.078Z', '2026-06-15T13:17:58.078Z');
INSERT INTO score_sheets (id, school_id, student_id, data, created_at, updated_at) VALUES ('score-stu-SS2-49', 'demo-school-id', 'stu-SS2-49', '{"Mathematics":{"ca1":2,"ca2":7,"exam":31},"English Language":{"ca1":1,"ca2":2,"exam":52},"Social Studies":{"ca1":2,"ca2":7,"exam":78},"Civic Education":{"ca1":10,"ca2":5,"exam":44},"Agricultural Science":{"ca1":6,"ca2":7,"exam":74},"Business Studies":{"ca1":0,"ca2":1,"exam":50},"Computer Studies":{"ca1":6,"ca2":8,"exam":77},"Home Economics":{"ca1":3,"ca2":5,"exam":40},"Physical Health Education":{"ca1":8,"ca2":7,"exam":65}}', '2026-06-15T13:17:58.078Z', '2026-06-15T13:17:58.078Z');
INSERT INTO report_extras (id, school_id, student_id, session, term, attendance, traits, comments, promotion, created_at, updated_at) VALUES ('ext-stu-SS2-49', 'demo-school-id', 'stu-SS2-49', '2023/2024', 'First Term', '94', '{"punctuality":4,"neatness":3,"honesty":4}', '{"principal":"A good result. You can do better with more practice.","teacher":"Well-behaved and respectful student."}', '', '2026-06-15T13:17:58.078Z', '2026-06-15T13:17:58.078Z');
INSERT INTO students (id, school_id, name, admission_no, gender, class_name, created_at, updated_at) VALUES ('stu-SS2-50', 'demo-school-id', 'Babatunde Sanni', 'ADM/2023/0250', 'Male', 'SS 2', '2026-06-15T13:17:58.078Z', '2026-06-15T13:17:58.078Z');
INSERT INTO score_sheets (id, school_id, student_id, data, created_at, updated_at) VALUES ('score-stu-SS2-50', 'demo-school-id', 'stu-SS2-50', '{"Mathematics":{"ca1":5,"ca2":8,"exam":33},"English Language":{"ca1":3,"ca2":2,"exam":69},"Basic Science":{"ca1":7,"ca2":2,"exam":77},"Social Studies":{"ca1":5,"ca2":5,"exam":56},"Civic Education":{"ca1":0,"ca2":7,"exam":65},"Agricultural Science":{"ca1":3,"ca2":0,"exam":65},"Business Studies":{"ca1":3,"ca2":10,"exam":68},"Computer Studies":{"ca1":4,"ca2":5,"exam":57},"Home Economics":{"ca1":5,"ca2":0,"exam":61}}', '2026-06-15T13:17:58.078Z', '2026-06-15T13:17:58.078Z');
INSERT INTO report_extras (id, school_id, student_id, session, term, attendance, traits, comments, promotion, created_at, updated_at) VALUES ('ext-stu-SS2-50', 'demo-school-id', 'stu-SS2-50', '2023/2024', 'First Term', '88', '{"punctuality":5,"neatness":3,"honesty":5}', '{"principal":"Impressive grades. More focus needed in Mathematics.","teacher":"Very active in class activities. Good job."}', '', '2026-06-15T13:17:58.078Z', '2026-06-15T13:17:58.078Z');
INSERT INTO teacher_class_assignments (id, school_id, teacher_user_id, class_name, created_at) VALUES ('tca-SS3', 'demo-school-id', 'demo-teacher-id', 'SS 3', '2026-06-15T13:17:58.078Z');
INSERT INTO students (id, school_id, name, admission_no, gender, class_name, created_at, updated_at) VALUES ('stu-SS3-1', 'demo-school-id', 'Ngozi Adebayo', 'ADM/2023/0251', 'Male', 'SS 3', '2026-06-15T13:17:58.078Z', '2026-06-15T13:17:58.078Z');
INSERT INTO score_sheets (id, school_id, student_id, data, created_at, updated_at) VALUES ('score-stu-SS3-1', 'demo-school-id', 'stu-SS3-1', '{"Mathematics":{"ca1":4,"ca2":1,"exam":49},"Basic Science":{"ca1":6,"ca2":0,"exam":46},"Social Studies":{"ca1":6,"ca2":0,"exam":62},"Civic Education":{"ca1":6,"ca2":2,"exam":52},"Agricultural Science":{"ca1":1,"ca2":9,"exam":30},"Computer Studies":{"ca1":9,"ca2":6,"exam":67},"Home Economics":{"ca1":9,"ca2":0,"exam":58},"Physical Health Education":{"ca1":8,"ca2":1,"exam":66}}', '2026-06-15T13:17:58.078Z', '2026-06-15T13:17:58.078Z');
INSERT INTO report_extras (id, school_id, student_id, session, term, attendance, traits, comments, promotion, created_at, updated_at) VALUES ('ext-stu-SS3-1', 'demo-school-id', 'stu-SS3-1', '2023/2024', 'First Term', '87', '{"punctuality":3,"neatness":5,"honesty":4}', '{"principal":"A good result. You can do better with more practice.","teacher":"Strongly motivated and shows great potential."}', '', '2026-06-15T13:17:58.078Z', '2026-06-15T13:17:58.078Z');
INSERT INTO students (id, school_id, name, admission_no, gender, class_name, created_at, updated_at) VALUES ('stu-SS3-2', 'demo-school-id', 'Mustapha Garba', 'ADM/2023/0252', 'Female', 'SS 3', '2026-06-15T13:17:58.078Z', '2026-06-15T13:17:58.078Z');
INSERT INTO score_sheets (id, school_id, student_id, data, created_at, updated_at) VALUES ('score-stu-SS3-2', 'demo-school-id', 'stu-SS3-2', '{"Mathematics":{"ca1":8,"ca2":4,"exam":74},"English Language":{"ca1":2,"ca2":6,"exam":49},"Basic Science":{"ca1":0,"ca2":1,"exam":35},"Social Studies":{"ca1":2,"ca2":6,"exam":73},"Civic Education":{"ca1":10,"ca2":9,"exam":41},"Agricultural Science":{"ca1":3,"ca2":3,"exam":58},"Business Studies":{"ca1":5,"ca2":2,"exam":40},"Computer Studies":{"ca1":8,"ca2":6,"exam":74},"Home Economics":{"ca1":4,"ca2":6,"exam":54}}', '2026-06-15T13:17:58.078Z', '2026-06-15T13:17:58.078Z');
INSERT INTO report_extras (id, school_id, student_id, session, term, attendance, traits, comments, promotion, created_at, updated_at) VALUES ('ext-stu-SS3-2', 'demo-school-id', 'stu-SS3-2', '2023/2024', 'First Term', '98', '{"punctuality":3,"neatness":3,"honesty":3}', '{"principal":"A good result. You can do better with more practice.","teacher":"Well-behaved and respectful student."}', '', '2026-06-15T13:17:58.078Z', '2026-06-15T13:17:58.078Z');
INSERT INTO students (id, school_id, name, admission_no, gender, class_name, created_at, updated_at) VALUES ('stu-SS3-3', 'demo-school-id', 'Amina Ani', 'ADM/2023/0253', 'Male', 'SS 3', '2026-06-15T13:17:58.078Z', '2026-06-15T13:17:58.078Z');
INSERT INTO score_sheets (id, school_id, student_id, data, created_at, updated_at) VALUES ('score-stu-SS3-3', 'demo-school-id', 'stu-SS3-3', '{"Mathematics":{"ca1":6,"ca2":7,"exam":30},"English Language":{"ca1":2,"ca2":6,"exam":78},"Basic Science":{"ca1":1,"ca2":10,"exam":46},"Social Studies":{"ca1":4,"ca2":6,"exam":46},"Civic Education":{"ca1":7,"ca2":4,"exam":75},"Agricultural Science":{"ca1":1,"ca2":4,"exam":78},"Business Studies":{"ca1":6,"ca2":9,"exam":54},"Computer Studies":{"ca1":3,"ca2":0,"exam":56},"Home Economics":{"ca1":6,"ca2":5,"exam":42},"Physical Health Education":{"ca1":5,"ca2":6,"exam":62}}', '2026-06-15T13:17:58.078Z', '2026-06-15T13:17:58.078Z');
INSERT INTO report_extras (id, school_id, student_id, session, term, attendance, traits, comments, promotion, created_at, updated_at) VALUES ('ext-stu-SS3-3', 'demo-school-id', 'stu-SS3-3', '2023/2024', 'First Term', '92', '{"punctuality":5,"neatness":3,"honesty":5}', '{"principal":"A good result. You can do better with more practice.","teacher":"Strongly motivated and shows great potential."}', '', '2026-06-15T13:17:58.078Z', '2026-06-15T13:17:58.078Z');
INSERT INTO students (id, school_id, name, admission_no, gender, class_name, created_at, updated_at) VALUES ('stu-SS3-4', 'demo-school-id', 'Mustapha Muhammed', 'ADM/2023/0254', 'Female', 'SS 3', '2026-06-15T13:17:58.078Z', '2026-06-15T13:17:58.078Z');
INSERT INTO score_sheets (id, school_id, student_id, data, created_at, updated_at) VALUES ('score-stu-SS3-4', 'demo-school-id', 'stu-SS3-4', '{"Mathematics":{"ca1":10,"ca2":3,"exam":41},"English Language":{"ca1":2,"ca2":10,"exam":73},"Social Studies":{"ca1":7,"ca2":4,"exam":66},"Civic Education":{"ca1":10,"ca2":2,"exam":59},"Business Studies":{"ca1":10,"ca2":9,"exam":44},"Computer Studies":{"ca1":5,"ca2":1,"exam":39},"Home Economics":{"ca1":8,"ca2":6,"exam":31},"Physical Health Education":{"ca1":8,"ca2":7,"exam":40}}', '2026-06-15T13:17:58.078Z', '2026-06-15T13:17:58.078Z');
INSERT INTO report_extras (id, school_id, student_id, session, term, attendance, traits, comments, promotion, created_at, updated_at) VALUES ('ext-stu-SS3-4', 'demo-school-id', 'stu-SS3-4', '2023/2024', 'First Term', '86', '{"punctuality":4,"neatness":3,"honesty":5}', '{"principal":"Excellent result. Consistent effort shown.","teacher":"A dedicated and hardworking student."}', '', '2026-06-15T13:17:58.078Z', '2026-06-15T13:17:58.078Z');
INSERT INTO students (id, school_id, name, admission_no, gender, class_name, created_at, updated_at) VALUES ('stu-SS3-5', 'demo-school-id', 'Yinka Sanni', 'ADM/2023/0255', 'Male', 'SS 3', '2026-06-15T13:17:58.078Z', '2026-06-15T13:17:58.078Z');
INSERT INTO score_sheets (id, school_id, student_id, data, created_at, updated_at) VALUES ('score-stu-SS3-5', 'demo-school-id', 'stu-SS3-5', '{"Mathematics":{"ca1":1,"ca2":2,"exam":69},"English Language":{"ca1":4,"ca2":5,"exam":55},"Basic Science":{"ca1":6,"ca2":4,"exam":44},"Social Studies":{"ca1":0,"ca2":3,"exam":72},"Civic Education":{"ca1":3,"ca2":6,"exam":67},"Agricultural Science":{"ca1":0,"ca2":2,"exam":48},"Business Studies":{"ca1":10,"ca2":3,"exam":47},"Computer Studies":{"ca1":4,"ca2":3,"exam":51},"Physical Health Education":{"ca1":6,"ca2":2,"exam":63}}', '2026-06-15T13:17:58.078Z', '2026-06-15T13:17:58.078Z');
INSERT INTO report_extras (id, school_id, student_id, session, term, attendance, traits, comments, promotion, created_at, updated_at) VALUES ('ext-stu-SS3-5', 'demo-school-id', 'stu-SS3-5', '2023/2024', 'First Term', '91', '{"punctuality":3,"neatness":5,"honesty":3}', '{"principal":"A very brilliant performance. Keep it up.","teacher":"Neat and regular in school. Keep it up."}', '', '2026-06-15T13:17:58.078Z', '2026-06-15T13:17:58.078Z');
INSERT INTO students (id, school_id, name, admission_no, gender, class_name, created_at, updated_at) VALUES ('stu-SS3-6', 'demo-school-id', 'Folake Lawal', 'ADM/2023/0256', 'Female', 'SS 3', '2026-06-15T13:17:58.078Z', '2026-06-15T13:17:58.078Z');
INSERT INTO score_sheets (id, school_id, student_id, data, created_at, updated_at) VALUES ('score-stu-SS3-6', 'demo-school-id', 'stu-SS3-6', '{"Mathematics":{"ca1":2,"ca2":8,"exam":75},"English Language":{"ca1":8,"ca2":3,"exam":48},"Basic Science":{"ca1":6,"ca2":6,"exam":54},"Social Studies":{"ca1":7,"ca2":5,"exam":64},"Civic Education":{"ca1":7,"ca2":9,"exam":52},"Agricultural Science":{"ca1":10,"ca2":5,"exam":49},"Business Studies":{"ca1":9,"ca2":3,"exam":78},"Computer Studies":{"ca1":8,"ca2":4,"exam":41},"Home Economics":{"ca1":6,"ca2":5,"exam":79},"Physical Health Education":{"ca1":8,"ca2":3,"exam":36}}', '2026-06-15T13:17:58.078Z', '2026-06-15T13:17:58.078Z');
INSERT INTO report_extras (id, school_id, student_id, session, term, attendance, traits, comments, promotion, created_at, updated_at) VALUES ('ext-stu-SS3-6', 'demo-school-id', 'stu-SS3-6', '2023/2024', 'First Term', '98', '{"punctuality":4,"neatness":4,"honesty":4}', '{"principal":"Excellent result. Consistent effort shown.","teacher":"Very active in class activities. Good job."}', '', '2026-06-15T13:17:58.078Z', '2026-06-15T13:17:58.078Z');
INSERT INTO students (id, school_id, name, admission_no, gender, class_name, created_at, updated_at) VALUES ('stu-SS3-7', 'demo-school-id', 'Amina Ani', 'ADM/2023/0257', 'Female', 'SS 3', '2026-06-15T13:17:58.078Z', '2026-06-15T13:17:58.078Z');
INSERT INTO score_sheets (id, school_id, student_id, data, created_at, updated_at) VALUES ('score-stu-SS3-7', 'demo-school-id', 'stu-SS3-7', '{"Mathematics":{"ca1":3,"ca2":9,"exam":72},"English Language":{"ca1":9,"ca2":7,"exam":43},"Basic Science":{"ca1":9,"ca2":5,"exam":53},"Social Studies":{"ca1":7,"ca2":1,"exam":67},"Civic Education":{"ca1":2,"ca2":7,"exam":76},"Agricultural Science":{"ca1":9,"ca2":10,"exam":34},"Business Studies":{"ca1":1,"ca2":4,"exam":41},"Computer Studies":{"ca1":7,"ca2":0,"exam":47},"Home Economics":{"ca1":0,"ca2":0,"exam":64},"Physical Health Education":{"ca1":10,"ca2":1,"exam":71}}', '2026-06-15T13:17:58.078Z', '2026-06-15T13:17:58.078Z');
INSERT INTO report_extras (id, school_id, student_id, session, term, attendance, traits, comments, promotion, created_at, updated_at) VALUES ('ext-stu-SS3-7', 'demo-school-id', 'stu-SS3-7', '2023/2024', 'First Term', '89', '{"punctuality":5,"neatness":5,"honesty":3}', '{"principal":"Excellent result. Consistent effort shown.","teacher":"Very active in class activities. Good job."}', '', '2026-06-15T13:17:58.078Z', '2026-06-15T13:17:58.078Z');
INSERT INTO students (id, school_id, name, admission_no, gender, class_name, created_at, updated_at) VALUES ('stu-SS3-8', 'demo-school-id', 'Ibrahim Okafor', 'ADM/2023/0258', 'Male', 'SS 3', '2026-06-15T13:17:58.078Z', '2026-06-15T13:17:58.078Z');
INSERT INTO score_sheets (id, school_id, student_id, data, created_at, updated_at) VALUES ('score-stu-SS3-8', 'demo-school-id', 'stu-SS3-8', '{"Mathematics":{"ca1":3,"ca2":3,"exam":59},"English Language":{"ca1":3,"ca2":4,"exam":58},"Social Studies":{"ca1":5,"ca2":0,"exam":44},"Civic Education":{"ca1":0,"ca2":6,"exam":45},"Agricultural Science":{"ca1":9,"ca2":3,"exam":30},"Business Studies":{"ca1":2,"ca2":1,"exam":54},"Computer Studies":{"ca1":9,"ca2":9,"exam":42},"Home Economics":{"ca1":4,"ca2":10,"exam":54},"Physical Health Education":{"ca1":6,"ca2":5,"exam":46}}', '2026-06-15T13:17:58.078Z', '2026-06-15T13:17:58.078Z');
INSERT INTO report_extras (id, school_id, student_id, session, term, attendance, traits, comments, promotion, created_at, updated_at) VALUES ('ext-stu-SS3-8', 'demo-school-id', 'stu-SS3-8', '2023/2024', 'First Term', '93', '{"punctuality":3,"neatness":3,"honesty":3}', '{"principal":"A very brilliant performance. Keep it up.","teacher":"Very active in class activities. Good job."}', '', '2026-06-15T13:17:58.078Z', '2026-06-15T13:17:58.078Z');
INSERT INTO students (id, school_id, name, admission_no, gender, class_name, created_at, updated_at) VALUES ('stu-SS3-9', 'demo-school-id', 'Yinka Adeyemi', 'ADM/2023/0259', 'Female', 'SS 3', '2026-06-15T13:17:58.078Z', '2026-06-15T13:17:58.078Z');
INSERT INTO score_sheets (id, school_id, student_id, data, created_at, updated_at) VALUES ('score-stu-SS3-9', 'demo-school-id', 'stu-SS3-9', '{"Mathematics":{"ca1":10,"ca2":4,"exam":41},"English Language":{"ca1":3,"ca2":2,"exam":52},"Basic Science":{"ca1":2,"ca2":9,"exam":44},"Social Studies":{"ca1":9,"ca2":8,"exam":53},"Civic Education":{"ca1":9,"ca2":8,"exam":35},"Agricultural Science":{"ca1":1,"ca2":9,"exam":40},"Business Studies":{"ca1":6,"ca2":1,"exam":80},"Computer Studies":{"ca1":1,"ca2":2,"exam":51},"Home Economics":{"ca1":3,"ca2":0,"exam":59},"Physical Health Education":{"ca1":10,"ca2":3,"exam":36}}', '2026-06-15T13:17:58.078Z', '2026-06-15T13:17:58.078Z');
INSERT INTO report_extras (id, school_id, student_id, session, term, attendance, traits, comments, promotion, created_at, updated_at) VALUES ('ext-stu-SS3-9', 'demo-school-id', 'stu-SS3-9', '2023/2024', 'First Term', '90', '{"punctuality":3,"neatness":3,"honesty":4}', '{"principal":"Excellent result. Consistent effort shown.","teacher":"Very active in class activities. Good job."}', '', '2026-06-15T13:17:58.078Z', '2026-06-15T13:17:58.078Z');
INSERT INTO students (id, school_id, name, admission_no, gender, class_name, created_at, updated_at) VALUES ('stu-SS3-10', 'demo-school-id', 'Oluwaseun Usman', 'ADM/2023/0260', 'Female', 'SS 3', '2026-06-15T13:17:58.078Z', '2026-06-15T13:17:58.078Z');
INSERT INTO score_sheets (id, school_id, student_id, data, created_at, updated_at) VALUES ('score-stu-SS3-10', 'demo-school-id', 'stu-SS3-10', '{"Mathematics":{"ca1":2,"ca2":1,"exam":38},"English Language":{"ca1":3,"ca2":9,"exam":60},"Basic Science":{"ca1":5,"ca2":8,"exam":48},"Social Studies":{"ca1":10,"ca2":9,"exam":44},"Civic Education":{"ca1":0,"ca2":4,"exam":52},"Agricultural Science":{"ca1":9,"ca2":8,"exam":45},"Business Studies":{"ca1":8,"ca2":6,"exam":48},"Computer Studies":{"ca1":6,"ca2":3,"exam":73},"Home Economics":{"ca1":2,"ca2":1,"exam":62},"Physical Health Education":{"ca1":5,"ca2":8,"exam":62}}', '2026-06-15T13:17:58.078Z', '2026-06-15T13:17:58.078Z');
INSERT INTO report_extras (id, school_id, student_id, session, term, attendance, traits, comments, promotion, created_at, updated_at) VALUES ('ext-stu-SS3-10', 'demo-school-id', 'stu-SS3-10', '2023/2024', 'First Term', '97', '{"punctuality":5,"neatness":5,"honesty":5}', '{"principal":"A good result. You can do better with more practice.","teacher":"A dedicated and hardworking student."}', '', '2026-06-15T13:17:58.078Z', '2026-06-15T13:17:58.078Z');
INSERT INTO students (id, school_id, name, admission_no, gender, class_name, created_at, updated_at) VALUES ('stu-SS3-11', 'demo-school-id', 'Chinelo Nwosu', 'ADM/2023/0261', 'Male', 'SS 3', '2026-06-15T13:17:58.078Z', '2026-06-15T13:17:58.078Z');
INSERT INTO score_sheets (id, school_id, student_id, data, created_at, updated_at) VALUES ('score-stu-SS3-11', 'demo-school-id', 'stu-SS3-11', '{"Mathematics":{"ca1":10,"ca2":7,"exam":58},"Basic Science":{"ca1":7,"ca2":6,"exam":40},"Social Studies":{"ca1":4,"ca2":10,"exam":76},"Civic Education":{"ca1":10,"ca2":7,"exam":73},"Agricultural Science":{"ca1":4,"ca2":7,"exam":60},"Computer Studies":{"ca1":9,"ca2":3,"exam":34},"Home Economics":{"ca1":5,"ca2":7,"exam":70},"Physical Health Education":{"ca1":7,"ca2":6,"exam":78}}', '2026-06-15T13:17:58.078Z', '2026-06-15T13:17:58.078Z');
INSERT INTO report_extras (id, school_id, student_id, session, term, attendance, traits, comments, promotion, created_at, updated_at) VALUES ('ext-stu-SS3-11', 'demo-school-id', 'stu-SS3-11', '2023/2024', 'First Term', '86', '{"punctuality":5,"neatness":3,"honesty":4}', '{"principal":"A very brilliant performance. Keep it up.","teacher":"Strongly motivated and shows great potential."}', '', '2026-06-15T13:17:58.078Z', '2026-06-15T13:17:58.078Z');
INSERT INTO students (id, school_id, name, admission_no, gender, class_name, created_at, updated_at) VALUES ('stu-SS3-12', 'demo-school-id', 'Folake Chukwuma', 'ADM/2023/0262', 'Male', 'SS 3', '2026-06-15T13:17:58.078Z', '2026-06-15T13:17:58.078Z');
INSERT INTO score_sheets (id, school_id, student_id, data, created_at, updated_at) VALUES ('score-stu-SS3-12', 'demo-school-id', 'stu-SS3-12', '{"Mathematics":{"ca1":3,"ca2":4,"exam":56},"English Language":{"ca1":2,"ca2":1,"exam":71},"Basic Science":{"ca1":3,"ca2":4,"exam":74},"Civic Education":{"ca1":0,"ca2":1,"exam":52},"Agricultural Science":{"ca1":6,"ca2":3,"exam":62},"Business Studies":{"ca1":4,"ca2":9,"exam":49},"Computer Studies":{"ca1":0,"ca2":1,"exam":80}}', '2026-06-15T13:17:58.078Z', '2026-06-15T13:17:58.078Z');
INSERT INTO report_extras (id, school_id, student_id, session, term, attendance, traits, comments, promotion, created_at, updated_at) VALUES ('ext-stu-SS3-12', 'demo-school-id', 'stu-SS3-12', '2023/2024', 'First Term', '92', '{"punctuality":5,"neatness":4,"honesty":4}', '{"principal":"Excellent result. Consistent effort shown.","teacher":"Strongly motivated and shows great potential."}', '', '2026-06-15T13:17:58.078Z', '2026-06-15T13:17:58.078Z');
INSERT INTO students (id, school_id, name, admission_no, gender, class_name, created_at, updated_at) VALUES ('stu-SS3-13', 'demo-school-id', 'Kelechi Chukwuma', 'ADM/2023/0263', 'Male', 'SS 3', '2026-06-15T13:17:58.078Z', '2026-06-15T13:17:58.078Z');
INSERT INTO score_sheets (id, school_id, student_id, data, created_at, updated_at) VALUES ('score-stu-SS3-13', 'demo-school-id', 'stu-SS3-13', '{"Mathematics":{"ca1":5,"ca2":8,"exam":50},"English Language":{"ca1":0,"ca2":10,"exam":78},"Basic Science":{"ca1":3,"ca2":6,"exam":67},"Social Studies":{"ca1":2,"ca2":7,"exam":73},"Civic Education":{"ca1":10,"ca2":6,"exam":67},"Agricultural Science":{"ca1":8,"ca2":8,"exam":61},"Business Studies":{"ca1":7,"ca2":7,"exam":37},"Computer Studies":{"ca1":8,"ca2":0,"exam":43},"Physical Health Education":{"ca1":0,"ca2":7,"exam":77}}', '2026-06-15T13:17:58.078Z', '2026-06-15T13:17:58.078Z');
INSERT INTO report_extras (id, school_id, student_id, session, term, attendance, traits, comments, promotion, created_at, updated_at) VALUES ('ext-stu-SS3-13', 'demo-school-id', 'stu-SS3-13', '2023/2024', 'First Term', '87', '{"punctuality":4,"neatness":3,"honesty":4}', '{"principal":"Impressive grades. More focus needed in Mathematics.","teacher":"Well-behaved and respectful student."}', '', '2026-06-15T13:17:58.078Z', '2026-06-15T13:17:58.078Z');
INSERT INTO students (id, school_id, name, admission_no, gender, class_name, created_at, updated_at) VALUES ('stu-SS3-14', 'demo-school-id', 'Aisha Olawale', 'ADM/2023/0264', 'Male', 'SS 3', '2026-06-15T13:17:58.078Z', '2026-06-15T13:17:58.078Z');
INSERT INTO score_sheets (id, school_id, student_id, data, created_at, updated_at) VALUES ('score-stu-SS3-14', 'demo-school-id', 'stu-SS3-14', '{"Mathematics":{"ca1":8,"ca2":2,"exam":50},"English Language":{"ca1":8,"ca2":4,"exam":78},"Basic Science":{"ca1":6,"ca2":9,"exam":40},"Social Studies":{"ca1":6,"ca2":8,"exam":70},"Civic Education":{"ca1":2,"ca2":6,"exam":45},"Agricultural Science":{"ca1":3,"ca2":3,"exam":65},"Business Studies":{"ca1":3,"ca2":8,"exam":37},"Computer Studies":{"ca1":3,"ca2":2,"exam":51},"Home Economics":{"ca1":10,"ca2":9,"exam":49},"Physical Health Education":{"ca1":5,"ca2":1,"exam":34}}', '2026-06-15T13:17:58.078Z', '2026-06-15T13:17:58.078Z');
INSERT INTO report_extras (id, school_id, student_id, session, term, attendance, traits, comments, promotion, created_at, updated_at) VALUES ('ext-stu-SS3-14', 'demo-school-id', 'stu-SS3-14', '2023/2024', 'First Term', '97', '{"punctuality":5,"neatness":5,"honesty":4}', '{"principal":"A good result. You can do better with more practice.","teacher":"Very active in class activities. Good job."}', '', '2026-06-15T13:17:58.078Z', '2026-06-15T13:17:58.078Z');
INSERT INTO students (id, school_id, name, admission_no, gender, class_name, created_at, updated_at) VALUES ('stu-SS3-15', 'demo-school-id', 'Uche Eze', 'ADM/2023/0265', 'Male', 'SS 3', '2026-06-15T13:17:58.078Z', '2026-06-15T13:17:58.078Z');
INSERT INTO score_sheets (id, school_id, student_id, data, created_at, updated_at) VALUES ('score-stu-SS3-15', 'demo-school-id', 'stu-SS3-15', '{"Mathematics":{"ca1":8,"ca2":0,"exam":40},"English Language":{"ca1":6,"ca2":4,"exam":65},"Basic Science":{"ca1":4,"ca2":6,"exam":62},"Social Studies":{"ca1":0,"ca2":9,"exam":45},"Civic Education":{"ca1":10,"ca2":8,"exam":77},"Agricultural Science":{"ca1":3,"ca2":10,"exam":54},"Business Studies":{"ca1":9,"ca2":5,"exam":76},"Computer Studies":{"ca1":6,"ca2":9,"exam":58},"Home Economics":{"ca1":1,"ca2":4,"exam":50},"Physical Health Education":{"ca1":9,"ca2":0,"exam":58}}', '2026-06-15T13:17:58.078Z', '2026-06-15T13:17:58.078Z');
INSERT INTO report_extras (id, school_id, student_id, session, term, attendance, traits, comments, promotion, created_at, updated_at) VALUES ('ext-stu-SS3-15', 'demo-school-id', 'stu-SS3-15', '2023/2024', 'First Term', '90', '{"punctuality":3,"neatness":5,"honesty":5}', '{"principal":"Excellent result. Consistent effort shown.","teacher":"Strongly motivated and shows great potential."}', '', '2026-06-15T13:17:58.078Z', '2026-06-15T13:17:58.078Z');
INSERT INTO students (id, school_id, name, admission_no, gender, class_name, created_at, updated_at) VALUES ('stu-SS3-16', 'demo-school-id', 'Obinna Lawal', 'ADM/2023/0266', 'Male', 'SS 3', '2026-06-15T13:17:58.078Z', '2026-06-15T13:17:58.078Z');
INSERT INTO score_sheets (id, school_id, student_id, data, created_at, updated_at) VALUES ('score-stu-SS3-16', 'demo-school-id', 'stu-SS3-16', '{"Mathematics":{"ca1":9,"ca2":4,"exam":47},"English Language":{"ca1":0,"ca2":6,"exam":70},"Basic Science":{"ca1":7,"ca2":7,"exam":66},"Social Studies":{"ca1":8,"ca2":10,"exam":35},"Civic Education":{"ca1":5,"ca2":10,"exam":49},"Agricultural Science":{"ca1":0,"ca2":5,"exam":57},"Business Studies":{"ca1":3,"ca2":2,"exam":80},"Computer Studies":{"ca1":9,"ca2":5,"exam":55},"Home Economics":{"ca1":5,"ca2":0,"exam":37},"Physical Health Education":{"ca1":1,"ca2":10,"exam":76}}', '2026-06-15T13:17:58.078Z', '2026-06-15T13:17:58.078Z');
INSERT INTO report_extras (id, school_id, student_id, session, term, attendance, traits, comments, promotion, created_at, updated_at) VALUES ('ext-stu-SS3-16', 'demo-school-id', 'stu-SS3-16', '2023/2024', 'First Term', '90', '{"punctuality":5,"neatness":5,"honesty":4}', '{"principal":"A very brilliant performance. Keep it up.","teacher":"Strongly motivated and shows great potential."}', '', '2026-06-15T13:17:58.078Z', '2026-06-15T13:17:58.078Z');
INSERT INTO students (id, school_id, name, admission_no, gender, class_name, created_at, updated_at) VALUES ('stu-SS3-17', 'demo-school-id', 'Ngozi Nnaji', 'ADM/2023/0267', 'Male', 'SS 3', '2026-06-15T13:17:58.078Z', '2026-06-15T13:17:58.078Z');
INSERT INTO score_sheets (id, school_id, student_id, data, created_at, updated_at) VALUES ('score-stu-SS3-17', 'demo-school-id', 'stu-SS3-17', '{"Mathematics":{"ca1":8,"ca2":5,"exam":49},"English Language":{"ca1":0,"ca2":3,"exam":67},"Basic Science":{"ca1":10,"ca2":10,"exam":68},"Social Studies":{"ca1":0,"ca2":3,"exam":36},"Civic Education":{"ca1":1,"ca2":2,"exam":59},"Agricultural Science":{"ca1":8,"ca2":3,"exam":41},"Business Studies":{"ca1":10,"ca2":0,"exam":63},"Computer Studies":{"ca1":1,"ca2":2,"exam":63},"Home Economics":{"ca1":8,"ca2":4,"exam":50},"Physical Health Education":{"ca1":0,"ca2":10,"exam":40}}', '2026-06-15T13:17:58.078Z', '2026-06-15T13:17:58.078Z');
INSERT INTO report_extras (id, school_id, student_id, session, term, attendance, traits, comments, promotion, created_at, updated_at) VALUES ('ext-stu-SS3-17', 'demo-school-id', 'stu-SS3-17', '2023/2024', 'First Term', '91', '{"punctuality":3,"neatness":3,"honesty":4}', '{"principal":"Excellent result. Consistent effort shown.","teacher":"Very active in class activities. Good job."}', '', '2026-06-15T13:17:58.078Z', '2026-06-15T13:17:58.078Z');
INSERT INTO students (id, school_id, name, admission_no, gender, class_name, created_at, updated_at) VALUES ('stu-SS3-18', 'demo-school-id', 'Ibrahim Abubakar', 'ADM/2023/0268', 'Female', 'SS 3', '2026-06-15T13:17:58.078Z', '2026-06-15T13:17:58.078Z');
INSERT INTO score_sheets (id, school_id, student_id, data, created_at, updated_at) VALUES ('score-stu-SS3-18', 'demo-school-id', 'stu-SS3-18', '{"Mathematics":{"ca1":3,"ca2":1,"exam":54},"Social Studies":{"ca1":5,"ca2":5,"exam":52},"Civic Education":{"ca1":8,"ca2":9,"exam":37},"Agricultural Science":{"ca1":9,"ca2":7,"exam":76},"Business Studies":{"ca1":7,"ca2":8,"exam":66},"Computer Studies":{"ca1":6,"ca2":9,"exam":58},"Home Economics":{"ca1":8,"ca2":9,"exam":40},"Physical Health Education":{"ca1":5,"ca2":3,"exam":77}}', '2026-06-15T13:17:58.078Z', '2026-06-15T13:17:58.078Z');
INSERT INTO report_extras (id, school_id, student_id, session, term, attendance, traits, comments, promotion, created_at, updated_at) VALUES ('ext-stu-SS3-18', 'demo-school-id', 'stu-SS3-18', '2023/2024', 'First Term', '93', '{"punctuality":4,"neatness":3,"honesty":3}', '{"principal":"Impressive grades. More focus needed in Mathematics.","teacher":"A dedicated and hardworking student."}', '', '2026-06-15T13:17:58.078Z', '2026-06-15T13:17:58.078Z');
INSERT INTO students (id, school_id, name, admission_no, gender, class_name, created_at, updated_at) VALUES ('stu-SS3-19', 'demo-school-id', 'Babatunde Eze', 'ADM/2023/0269', 'Female', 'SS 3', '2026-06-15T13:17:58.078Z', '2026-06-15T13:17:58.078Z');
INSERT INTO score_sheets (id, school_id, student_id, data, created_at, updated_at) VALUES ('score-stu-SS3-19', 'demo-school-id', 'stu-SS3-19', '{"Mathematics":{"ca1":6,"ca2":3,"exam":47},"English Language":{"ca1":0,"ca2":3,"exam":60},"Basic Science":{"ca1":4,"ca2":5,"exam":48},"Social Studies":{"ca1":1,"ca2":1,"exam":54},"Civic Education":{"ca1":10,"ca2":9,"exam":56},"Agricultural Science":{"ca1":9,"ca2":3,"exam":75},"Business Studies":{"ca1":6,"ca2":1,"exam":38},"Computer Studies":{"ca1":2,"ca2":5,"exam":63},"Home Economics":{"ca1":8,"ca2":9,"exam":39},"Physical Health Education":{"ca1":9,"ca2":10,"exam":53}}', '2026-06-15T13:17:58.078Z', '2026-06-15T13:17:58.078Z');
INSERT INTO report_extras (id, school_id, student_id, session, term, attendance, traits, comments, promotion, created_at, updated_at) VALUES ('ext-stu-SS3-19', 'demo-school-id', 'stu-SS3-19', '2023/2024', 'First Term', '94', '{"punctuality":5,"neatness":3,"honesty":4}', '{"principal":"A very brilliant performance. Keep it up.","teacher":"Neat and regular in school. Keep it up."}', '', '2026-06-15T13:17:58.078Z', '2026-06-15T13:17:58.078Z');
INSERT INTO students (id, school_id, name, admission_no, gender, class_name, created_at, updated_at) VALUES ('stu-SS3-20', 'demo-school-id', 'Uche Ibrahim', 'ADM/2023/0270', 'Female', 'SS 3', '2026-06-15T13:17:58.078Z', '2026-06-15T13:17:58.078Z');
INSERT INTO score_sheets (id, school_id, student_id, data, created_at, updated_at) VALUES ('score-stu-SS3-20', 'demo-school-id', 'stu-SS3-20', '{"Mathematics":{"ca1":8,"ca2":0,"exam":50},"English Language":{"ca1":4,"ca2":8,"exam":74},"Basic Science":{"ca1":5,"ca2":8,"exam":76},"Social Studies":{"ca1":9,"ca2":3,"exam":40},"Civic Education":{"ca1":3,"ca2":7,"exam":58},"Agricultural Science":{"ca1":1,"ca2":4,"exam":38},"Business Studies":{"ca1":2,"ca2":5,"exam":56},"Computer Studies":{"ca1":7,"ca2":10,"exam":75},"Home Economics":{"ca1":5,"ca2":5,"exam":61},"Physical Health Education":{"ca1":4,"ca2":10,"exam":33}}', '2026-06-15T13:17:58.078Z', '2026-06-15T13:17:58.078Z');
INSERT INTO report_extras (id, school_id, student_id, session, term, attendance, traits, comments, promotion, created_at, updated_at) VALUES ('ext-stu-SS3-20', 'demo-school-id', 'stu-SS3-20', '2023/2024', 'First Term', '96', '{"punctuality":3,"neatness":3,"honesty":3}', '{"principal":"A good result. You can do better with more practice.","teacher":"Very active in class activities. Good job."}', '', '2026-06-15T13:17:58.078Z', '2026-06-15T13:17:58.078Z');
INSERT INTO students (id, school_id, name, admission_no, gender, class_name, created_at, updated_at) VALUES ('stu-SS3-21', 'demo-school-id', 'Ngozi Nwosu', 'ADM/2023/0271', 'Male', 'SS 3', '2026-06-15T13:17:58.078Z', '2026-06-15T13:17:58.078Z');
INSERT INTO score_sheets (id, school_id, student_id, data, created_at, updated_at) VALUES ('score-stu-SS3-21', 'demo-school-id', 'stu-SS3-21', '{"Mathematics":{"ca1":10,"ca2":6,"exam":40},"English Language":{"ca1":7,"ca2":10,"exam":34},"Basic Science":{"ca1":9,"ca2":2,"exam":72},"Social Studies":{"ca1":5,"ca2":6,"exam":57},"Civic Education":{"ca1":8,"ca2":2,"exam":39},"Agricultural Science":{"ca1":4,"ca2":2,"exam":60},"Business Studies":{"ca1":8,"ca2":0,"exam":37},"Computer Studies":{"ca1":8,"ca2":3,"exam":46},"Home Economics":{"ca1":10,"ca2":8,"exam":80},"Physical Health Education":{"ca1":6,"ca2":5,"exam":41}}', '2026-06-15T13:17:58.078Z', '2026-06-15T13:17:58.078Z');
INSERT INTO report_extras (id, school_id, student_id, session, term, attendance, traits, comments, promotion, created_at, updated_at) VALUES ('ext-stu-SS3-21', 'demo-school-id', 'stu-SS3-21', '2023/2024', 'First Term', '92', '{"punctuality":4,"neatness":4,"honesty":5}', '{"principal":"Impressive grades. More focus needed in Mathematics.","teacher":"Strongly motivated and shows great potential."}', '', '2026-06-15T13:17:58.078Z', '2026-06-15T13:17:58.078Z');
INSERT INTO students (id, school_id, name, admission_no, gender, class_name, created_at, updated_at) VALUES ('stu-SS3-22', 'demo-school-id', 'Ngozi Ani', 'ADM/2023/0272', 'Female', 'SS 3', '2026-06-15T13:17:58.078Z', '2026-06-15T13:17:58.078Z');
INSERT INTO score_sheets (id, school_id, student_id, data, created_at, updated_at) VALUES ('score-stu-SS3-22', 'demo-school-id', 'stu-SS3-22', '{"Mathematics":{"ca1":5,"ca2":7,"exam":64},"English Language":{"ca1":6,"ca2":4,"exam":66},"Basic Science":{"ca1":4,"ca2":9,"exam":50},"Social Studies":{"ca1":10,"ca2":3,"exam":33},"Civic Education":{"ca1":9,"ca2":2,"exam":36},"Business Studies":{"ca1":5,"ca2":6,"exam":78},"Computer Studies":{"ca1":7,"ca2":2,"exam":64},"Home Economics":{"ca1":2,"ca2":9,"exam":55},"Physical Health Education":{"ca1":10,"ca2":0,"exam":54}}', '2026-06-15T13:17:58.078Z', '2026-06-15T13:17:58.078Z');
INSERT INTO report_extras (id, school_id, student_id, session, term, attendance, traits, comments, promotion, created_at, updated_at) VALUES ('ext-stu-SS3-22', 'demo-school-id', 'stu-SS3-22', '2023/2024', 'First Term', '90', '{"punctuality":3,"neatness":3,"honesty":4}', '{"principal":"Excellent result. Consistent effort shown.","teacher":"Strongly motivated and shows great potential."}', '', '2026-06-15T13:17:58.078Z', '2026-06-15T13:17:58.078Z');
INSERT INTO students (id, school_id, name, admission_no, gender, class_name, created_at, updated_at) VALUES ('stu-SS3-23', 'demo-school-id', 'Oluwaseun Danjuma', 'ADM/2023/0273', 'Female', 'SS 3', '2026-06-15T13:17:58.078Z', '2026-06-15T13:17:58.078Z');
INSERT INTO score_sheets (id, school_id, student_id, data, created_at, updated_at) VALUES ('score-stu-SS3-23', 'demo-school-id', 'stu-SS3-23', '{"Mathematics":{"ca1":2,"ca2":9,"exam":50},"English Language":{"ca1":10,"ca2":9,"exam":52},"Basic Science":{"ca1":3,"ca2":4,"exam":61},"Social Studies":{"ca1":9,"ca2":6,"exam":49},"Civic Education":{"ca1":6,"ca2":5,"exam":47},"Computer Studies":{"ca1":4,"ca2":8,"exam":50},"Home Economics":{"ca1":3,"ca2":7,"exam":49},"Physical Health Education":{"ca1":8,"ca2":2,"exam":68}}', '2026-06-15T13:17:58.078Z', '2026-06-15T13:17:58.078Z');
INSERT INTO report_extras (id, school_id, student_id, session, term, attendance, traits, comments, promotion, created_at, updated_at) VALUES ('ext-stu-SS3-23', 'demo-school-id', 'stu-SS3-23', '2023/2024', 'First Term', '86', '{"punctuality":3,"neatness":5,"honesty":3}', '{"principal":"Excellent result. Consistent effort shown.","teacher":"Very active in class activities. Good job."}', '', '2026-06-15T13:17:58.078Z', '2026-06-15T13:17:58.078Z');
INSERT INTO students (id, school_id, name, admission_no, gender, class_name, created_at, updated_at) VALUES ('stu-SS3-24', 'demo-school-id', 'Kelechi Lawal', 'ADM/2023/0274', 'Female', 'SS 3', '2026-06-15T13:17:58.078Z', '2026-06-15T13:17:58.078Z');
INSERT INTO score_sheets (id, school_id, student_id, data, created_at, updated_at) VALUES ('score-stu-SS3-24', 'demo-school-id', 'stu-SS3-24', '{"Mathematics":{"ca1":3,"ca2":5,"exam":43},"English Language":{"ca1":5,"ca2":5,"exam":52},"Basic Science":{"ca1":9,"ca2":9,"exam":71},"Social Studies":{"ca1":2,"ca2":2,"exam":43},"Agricultural Science":{"ca1":6,"ca2":2,"exam":59},"Business Studies":{"ca1":9,"ca2":2,"exam":49},"Computer Studies":{"ca1":8,"ca2":2,"exam":62},"Home Economics":{"ca1":8,"ca2":6,"exam":57},"Physical Health Education":{"ca1":6,"ca2":4,"exam":56}}', '2026-06-15T13:17:58.078Z', '2026-06-15T13:17:58.078Z');
INSERT INTO report_extras (id, school_id, student_id, session, term, attendance, traits, comments, promotion, created_at, updated_at) VALUES ('ext-stu-SS3-24', 'demo-school-id', 'stu-SS3-24', '2023/2024', 'First Term', '89', '{"punctuality":4,"neatness":3,"honesty":4}', '{"principal":"A very brilliant performance. Keep it up.","teacher":"Very active in class activities. Good job."}', '', '2026-06-15T13:17:58.078Z', '2026-06-15T13:17:58.078Z');
INSERT INTO students (id, school_id, name, admission_no, gender, class_name, created_at, updated_at) VALUES ('stu-SS3-25', 'demo-school-id', 'Yinka Nwosu', 'ADM/2023/0275', 'Female', 'SS 3', '2026-06-15T13:17:58.078Z', '2026-06-15T13:17:58.078Z');
INSERT INTO score_sheets (id, school_id, student_id, data, created_at, updated_at) VALUES ('score-stu-SS3-25', 'demo-school-id', 'stu-SS3-25', '{"Mathematics":{"ca1":9,"ca2":6,"exam":57},"English Language":{"ca1":7,"ca2":8,"exam":78},"Basic Science":{"ca1":0,"ca2":8,"exam":57},"Social Studies":{"ca1":0,"ca2":10,"exam":47},"Civic Education":{"ca1":1,"ca2":7,"exam":80},"Agricultural Science":{"ca1":8,"ca2":1,"exam":70},"Business Studies":{"ca1":6,"ca2":1,"exam":46},"Home Economics":{"ca1":7,"ca2":9,"exam":58},"Physical Health Education":{"ca1":2,"ca2":8,"exam":73}}', '2026-06-15T13:17:58.078Z', '2026-06-15T13:17:58.078Z');
INSERT INTO report_extras (id, school_id, student_id, session, term, attendance, traits, comments, promotion, created_at, updated_at) VALUES ('ext-stu-SS3-25', 'demo-school-id', 'stu-SS3-25', '2023/2024', 'First Term', '95', '{"punctuality":3,"neatness":3,"honesty":3}', '{"principal":"A very brilliant performance. Keep it up.","teacher":"Well-behaved and respectful student."}', '', '2026-06-15T13:17:58.078Z', '2026-06-15T13:17:58.078Z');
INSERT INTO students (id, school_id, name, admission_no, gender, class_name, created_at, updated_at) VALUES ('stu-SS3-26', 'demo-school-id', 'Chidi Nnaji', 'ADM/2023/0276', 'Male', 'SS 3', '2026-06-15T13:17:58.078Z', '2026-06-15T13:17:58.078Z');
INSERT INTO score_sheets (id, school_id, student_id, data, created_at, updated_at) VALUES ('score-stu-SS3-26', 'demo-school-id', 'stu-SS3-26', '{"Mathematics":{"ca1":3,"ca2":2,"exam":36},"English Language":{"ca1":7,"ca2":0,"exam":57},"Basic Science":{"ca1":5,"ca2":1,"exam":41},"Social Studies":{"ca1":6,"ca2":0,"exam":36},"Civic Education":{"ca1":3,"ca2":5,"exam":30},"Agricultural Science":{"ca1":1,"ca2":10,"exam":33},"Business Studies":{"ca1":9,"ca2":4,"exam":55},"Computer Studies":{"ca1":7,"ca2":8,"exam":30},"Home Economics":{"ca1":8,"ca2":10,"exam":61},"Physical Health Education":{"ca1":2,"ca2":9,"exam":44}}', '2026-06-15T13:17:58.078Z', '2026-06-15T13:17:58.078Z');
INSERT INTO report_extras (id, school_id, student_id, session, term, attendance, traits, comments, promotion, created_at, updated_at) VALUES ('ext-stu-SS3-26', 'demo-school-id', 'stu-SS3-26', '2023/2024', 'First Term', '95', '{"punctuality":5,"neatness":4,"honesty":5}', '{"principal":"Impressive grades. More focus needed in Mathematics.","teacher":"Neat and regular in school. Keep it up."}', '', '2026-06-15T13:17:58.078Z', '2026-06-15T13:17:58.078Z');
INSERT INTO students (id, school_id, name, admission_no, gender, class_name, created_at, updated_at) VALUES ('stu-SS3-27', 'demo-school-id', 'Emeka Olawale', 'ADM/2023/0277', 'Female', 'SS 3', '2026-06-15T13:17:58.078Z', '2026-06-15T13:17:58.078Z');
INSERT INTO score_sheets (id, school_id, student_id, data, created_at, updated_at) VALUES ('score-stu-SS3-27', 'demo-school-id', 'stu-SS3-27', '{"Mathematics":{"ca1":2,"ca2":9,"exam":64},"English Language":{"ca1":4,"ca2":5,"exam":48},"Basic Science":{"ca1":2,"ca2":9,"exam":59},"Social Studies":{"ca1":9,"ca2":8,"exam":36},"Civic Education":{"ca1":0,"ca2":2,"exam":30},"Agricultural Science":{"ca1":8,"ca2":3,"exam":73},"Business Studies":{"ca1":8,"ca2":5,"exam":35},"Computer Studies":{"ca1":3,"ca2":9,"exam":50},"Home Economics":{"ca1":9,"ca2":0,"exam":48},"Physical Health Education":{"ca1":5,"ca2":5,"exam":58}}', '2026-06-15T13:17:58.078Z', '2026-06-15T13:17:58.078Z');
INSERT INTO report_extras (id, school_id, student_id, session, term, attendance, traits, comments, promotion, created_at, updated_at) VALUES ('ext-stu-SS3-27', 'demo-school-id', 'stu-SS3-27', '2023/2024', 'First Term', '93', '{"punctuality":3,"neatness":3,"honesty":3}', '{"principal":"Impressive grades. More focus needed in Mathematics.","teacher":"Well-behaved and respectful student."}', '', '2026-06-15T13:17:58.078Z', '2026-06-15T13:17:58.078Z');
INSERT INTO students (id, school_id, name, admission_no, gender, class_name, created_at, updated_at) VALUES ('stu-SS3-28', 'demo-school-id', 'Aisha Eze', 'ADM/2023/0278', 'Female', 'SS 3', '2026-06-15T13:17:58.078Z', '2026-06-15T13:17:58.078Z');
INSERT INTO score_sheets (id, school_id, student_id, data, created_at, updated_at) VALUES ('score-stu-SS3-28', 'demo-school-id', 'stu-SS3-28', '{"Mathematics":{"ca1":5,"ca2":1,"exam":74},"English Language":{"ca1":2,"ca2":10,"exam":32},"Basic Science":{"ca1":6,"ca2":9,"exam":74},"Social Studies":{"ca1":3,"ca2":5,"exam":47},"Civic Education":{"ca1":8,"ca2":1,"exam":50},"Agricultural Science":{"ca1":2,"ca2":2,"exam":79},"Business Studies":{"ca1":4,"ca2":9,"exam":33},"Home Economics":{"ca1":10,"ca2":6,"exam":73},"Physical Health Education":{"ca1":3,"ca2":1,"exam":67}}', '2026-06-15T13:17:58.078Z', '2026-06-15T13:17:58.078Z');
INSERT INTO report_extras (id, school_id, student_id, session, term, attendance, traits, comments, promotion, created_at, updated_at) VALUES ('ext-stu-SS3-28', 'demo-school-id', 'stu-SS3-28', '2023/2024', 'First Term', '91', '{"punctuality":3,"neatness":4,"honesty":4}', '{"principal":"A very brilliant performance. Keep it up.","teacher":"Well-behaved and respectful student."}', '', '2026-06-15T13:17:58.078Z', '2026-06-15T13:17:58.078Z');
INSERT INTO students (id, school_id, name, admission_no, gender, class_name, created_at, updated_at) VALUES ('stu-SS3-29', 'demo-school-id', 'Aisha Olawale', 'ADM/2023/0279', 'Male', 'SS 3', '2026-06-15T13:17:58.078Z', '2026-06-15T13:17:58.078Z');
INSERT INTO score_sheets (id, school_id, student_id, data, created_at, updated_at) VALUES ('score-stu-SS3-29', 'demo-school-id', 'stu-SS3-29', '{"Mathematics":{"ca1":4,"ca2":1,"exam":74},"Basic Science":{"ca1":5,"ca2":1,"exam":61},"Social Studies":{"ca1":6,"ca2":1,"exam":59},"Civic Education":{"ca1":3,"ca2":3,"exam":67},"Agricultural Science":{"ca1":8,"ca2":1,"exam":63},"Business Studies":{"ca1":10,"ca2":6,"exam":60},"Computer Studies":{"ca1":5,"ca2":7,"exam":40},"Home Economics":{"ca1":8,"ca2":4,"exam":42},"Physical Health Education":{"ca1":1,"ca2":9,"exam":34}}', '2026-06-15T13:17:58.078Z', '2026-06-15T13:17:58.078Z');
INSERT INTO report_extras (id, school_id, student_id, session, term, attendance, traits, comments, promotion, created_at, updated_at) VALUES ('ext-stu-SS3-29', 'demo-school-id', 'stu-SS3-29', '2023/2024', 'First Term', '89', '{"punctuality":3,"neatness":5,"honesty":3}', '{"principal":"Excellent result. Consistent effort shown.","teacher":"Very active in class activities. Good job."}', '', '2026-06-15T13:17:58.078Z', '2026-06-15T13:17:58.078Z');
INSERT INTO students (id, school_id, name, admission_no, gender, class_name, created_at, updated_at) VALUES ('stu-SS3-30', 'demo-school-id', 'Ngozi Adebayo', 'ADM/2023/0280', 'Female', 'SS 3', '2026-06-15T13:17:58.078Z', '2026-06-15T13:17:58.078Z');
INSERT INTO score_sheets (id, school_id, student_id, data, created_at, updated_at) VALUES ('score-stu-SS3-30', 'demo-school-id', 'stu-SS3-30', '{"Mathematics":{"ca1":1,"ca2":8,"exam":48},"English Language":{"ca1":6,"ca2":0,"exam":58},"Basic Science":{"ca1":7,"ca2":7,"exam":73},"Social Studies":{"ca1":1,"ca2":10,"exam":47},"Civic Education":{"ca1":0,"ca2":5,"exam":32},"Agricultural Science":{"ca1":4,"ca2":3,"exam":42},"Computer Studies":{"ca1":1,"ca2":10,"exam":61},"Home Economics":{"ca1":3,"ca2":8,"exam":44},"Physical Health Education":{"ca1":2,"ca2":7,"exam":61}}', '2026-06-15T13:17:58.078Z', '2026-06-15T13:17:58.078Z');
INSERT INTO report_extras (id, school_id, student_id, session, term, attendance, traits, comments, promotion, created_at, updated_at) VALUES ('ext-stu-SS3-30', 'demo-school-id', 'stu-SS3-30', '2023/2024', 'First Term', '97', '{"punctuality":3,"neatness":3,"honesty":4}', '{"principal":"Excellent result. Consistent effort shown.","teacher":"Neat and regular in school. Keep it up."}', '', '2026-06-15T13:17:58.078Z', '2026-06-15T13:17:58.078Z');
INSERT INTO students (id, school_id, name, admission_no, gender, class_name, created_at, updated_at) VALUES ('stu-SS3-31', 'demo-school-id', 'Chidi Usman', 'ADM/2023/0281', 'Male', 'SS 3', '2026-06-15T13:17:58.078Z', '2026-06-15T13:17:58.078Z');
INSERT INTO score_sheets (id, school_id, student_id, data, created_at, updated_at) VALUES ('score-stu-SS3-31', 'demo-school-id', 'stu-SS3-31', '{"English Language":{"ca1":3,"ca2":8,"exam":49},"Basic Science":{"ca1":2,"ca2":8,"exam":34},"Social Studies":{"ca1":3,"ca2":0,"exam":43},"Civic Education":{"ca1":4,"ca2":9,"exam":37},"Business Studies":{"ca1":4,"ca2":6,"exam":63},"Computer Studies":{"ca1":8,"ca2":0,"exam":38},"Home Economics":{"ca1":10,"ca2":7,"exam":40},"Physical Health Education":{"ca1":8,"ca2":8,"exam":50}}', '2026-06-15T13:17:58.078Z', '2026-06-15T13:17:58.078Z');
INSERT INTO report_extras (id, school_id, student_id, session, term, attendance, traits, comments, promotion, created_at, updated_at) VALUES ('ext-stu-SS3-31', 'demo-school-id', 'stu-SS3-31', '2023/2024', 'First Term', '92', '{"punctuality":4,"neatness":3,"honesty":5}', '{"principal":"Satisfactory performance. Aim for higher grades next term.","teacher":"A dedicated and hardworking student."}', '', '2026-06-15T13:17:58.078Z', '2026-06-15T13:17:58.078Z');
INSERT INTO students (id, school_id, name, admission_no, gender, class_name, created_at, updated_at) VALUES ('stu-SS3-32', 'demo-school-id', 'Ngozi Adeyemi', 'ADM/2023/0282', 'Female', 'SS 3', '2026-06-15T13:17:58.078Z', '2026-06-15T13:17:58.078Z');
INSERT INTO score_sheets (id, school_id, student_id, data, created_at, updated_at) VALUES ('score-stu-SS3-32', 'demo-school-id', 'stu-SS3-32', '{"Mathematics":{"ca1":3,"ca2":4,"exam":44},"English Language":{"ca1":0,"ca2":7,"exam":72},"Basic Science":{"ca1":8,"ca2":8,"exam":62},"Social Studies":{"ca1":3,"ca2":0,"exam":70},"Agricultural Science":{"ca1":4,"ca2":10,"exam":32},"Home Economics":{"ca1":1,"ca2":3,"exam":57},"Physical Health Education":{"ca1":6,"ca2":4,"exam":51}}', '2026-06-15T13:17:58.078Z', '2026-06-15T13:17:58.078Z');
INSERT INTO report_extras (id, school_id, student_id, session, term, attendance, traits, comments, promotion, created_at, updated_at) VALUES ('ext-stu-SS3-32', 'demo-school-id', 'stu-SS3-32', '2023/2024', 'First Term', '88', '{"punctuality":5,"neatness":3,"honesty":4}', '{"principal":"Excellent result. Consistent effort shown.","teacher":"Very active in class activities. Good job."}', '', '2026-06-15T13:17:58.078Z', '2026-06-15T13:17:58.078Z');
INSERT INTO students (id, school_id, name, admission_no, gender, class_name, created_at, updated_at) VALUES ('stu-SS3-33', 'demo-school-id', 'Folake Okonkwo', 'ADM/2023/0283', 'Male', 'SS 3', '2026-06-15T13:17:58.078Z', '2026-06-15T13:17:58.078Z');
INSERT INTO score_sheets (id, school_id, student_id, data, created_at, updated_at) VALUES ('score-stu-SS3-33', 'demo-school-id', 'stu-SS3-33', '{"Mathematics":{"ca1":1,"ca2":7,"exam":75},"English Language":{"ca1":2,"ca2":7,"exam":77},"Social Studies":{"ca1":8,"ca2":5,"exam":40},"Civic Education":{"ca1":9,"ca2":9,"exam":75},"Agricultural Science":{"ca1":5,"ca2":8,"exam":71},"Business Studies":{"ca1":9,"ca2":9,"exam":32},"Computer Studies":{"ca1":2,"ca2":0,"exam":44},"Home Economics":{"ca1":6,"ca2":4,"exam":72},"Physical Health Education":{"ca1":1,"ca2":8,"exam":55}}', '2026-06-15T13:17:58.078Z', '2026-06-15T13:17:58.078Z');
INSERT INTO report_extras (id, school_id, student_id, session, term, attendance, traits, comments, promotion, created_at, updated_at) VALUES ('ext-stu-SS3-33', 'demo-school-id', 'stu-SS3-33', '2023/2024', 'First Term', '94', '{"punctuality":5,"neatness":3,"honesty":3}', '{"principal":"A very brilliant performance. Keep it up.","teacher":"Very active in class activities. Good job."}', '', '2026-06-15T13:17:58.078Z', '2026-06-15T13:17:58.078Z');
INSERT INTO students (id, school_id, name, admission_no, gender, class_name, created_at, updated_at) VALUES ('stu-SS3-34', 'demo-school-id', 'Musa Okonkwo', 'ADM/2023/0284', 'Female', 'SS 3', '2026-06-15T13:17:58.078Z', '2026-06-15T13:17:58.078Z');
INSERT INTO score_sheets (id, school_id, student_id, data, created_at, updated_at) VALUES ('score-stu-SS3-34', 'demo-school-id', 'stu-SS3-34', '{"Mathematics":{"ca1":1,"ca2":9,"exam":54},"English Language":{"ca1":7,"ca2":0,"exam":53},"Basic Science":{"ca1":4,"ca2":0,"exam":40},"Social Studies":{"ca1":6,"ca2":7,"exam":76},"Civic Education":{"ca1":5,"ca2":2,"exam":47},"Business Studies":{"ca1":2,"ca2":4,"exam":53},"Computer Studies":{"ca1":9,"ca2":1,"exam":44},"Home Economics":{"ca1":10,"ca2":6,"exam":31},"Physical Health Education":{"ca1":10,"ca2":0,"exam":34}}', '2026-06-15T13:17:58.078Z', '2026-06-15T13:17:58.078Z');
INSERT INTO report_extras (id, school_id, student_id, session, term, attendance, traits, comments, promotion, created_at, updated_at) VALUES ('ext-stu-SS3-34', 'demo-school-id', 'stu-SS3-34', '2023/2024', 'First Term', '94', '{"punctuality":5,"neatness":4,"honesty":4}', '{"principal":"Impressive grades. More focus needed in Mathematics.","teacher":"A dedicated and hardworking student."}', '', '2026-06-15T13:17:58.078Z', '2026-06-15T13:17:58.078Z');
INSERT INTO students (id, school_id, name, admission_no, gender, class_name, created_at, updated_at) VALUES ('stu-SS3-35', 'demo-school-id', 'Kelechi Balogun', 'ADM/2023/0285', 'Female', 'SS 3', '2026-06-15T13:17:58.078Z', '2026-06-15T13:17:58.078Z');
INSERT INTO score_sheets (id, school_id, student_id, data, created_at, updated_at) VALUES ('score-stu-SS3-35', 'demo-school-id', 'stu-SS3-35', '{"Mathematics":{"ca1":9,"ca2":4,"exam":78},"English Language":{"ca1":5,"ca2":6,"exam":78},"Basic Science":{"ca1":0,"ca2":0,"exam":53},"Social Studies":{"ca1":1,"ca2":10,"exam":44},"Civic Education":{"ca1":8,"ca2":3,"exam":52},"Agricultural Science":{"ca1":5,"ca2":5,"exam":77},"Business Studies":{"ca1":9,"ca2":3,"exam":56},"Computer Studies":{"ca1":0,"ca2":5,"exam":31},"Physical Health Education":{"ca1":3,"ca2":4,"exam":52}}', '2026-06-15T13:17:58.078Z', '2026-06-15T13:17:58.078Z');
INSERT INTO report_extras (id, school_id, student_id, session, term, attendance, traits, comments, promotion, created_at, updated_at) VALUES ('ext-stu-SS3-35', 'demo-school-id', 'stu-SS3-35', '2023/2024', 'First Term', '90', '{"punctuality":4,"neatness":3,"honesty":4}', '{"principal":"Impressive grades. More focus needed in Mathematics.","teacher":"Neat and regular in school. Keep it up."}', '', '2026-06-15T13:17:58.078Z', '2026-06-15T13:17:58.078Z');
INSERT INTO students (id, school_id, name, admission_no, gender, class_name, created_at, updated_at) VALUES ('stu-SS3-36', 'demo-school-id', 'Emeka Muhammed', 'ADM/2023/0286', 'Female', 'SS 3', '2026-06-15T13:17:58.078Z', '2026-06-15T13:17:58.078Z');
INSERT INTO score_sheets (id, school_id, student_id, data, created_at, updated_at) VALUES ('score-stu-SS3-36', 'demo-school-id', 'stu-SS3-36', '{"Mathematics":{"ca1":5,"ca2":7,"exam":41},"English Language":{"ca1":10,"ca2":2,"exam":46},"Basic Science":{"ca1":10,"ca2":9,"exam":31},"Social Studies":{"ca1":2,"ca2":6,"exam":30},"Civic Education":{"ca1":5,"ca2":6,"exam":49},"Agricultural Science":{"ca1":9,"ca2":9,"exam":46},"Business Studies":{"ca1":8,"ca2":1,"exam":47},"Computer Studies":{"ca1":4,"ca2":6,"exam":42},"Home Economics":{"ca1":5,"ca2":10,"exam":43}}', '2026-06-15T13:17:58.078Z', '2026-06-15T13:17:58.078Z');
INSERT INTO report_extras (id, school_id, student_id, session, term, attendance, traits, comments, promotion, created_at, updated_at) VALUES ('ext-stu-SS3-36', 'demo-school-id', 'stu-SS3-36', '2023/2024', 'First Term', '88', '{"punctuality":3,"neatness":3,"honesty":3}', '{"principal":"A good result. You can do better with more practice.","teacher":"Strongly motivated and shows great potential."}', '', '2026-06-15T13:17:58.078Z', '2026-06-15T13:17:58.078Z');
INSERT INTO students (id, school_id, name, admission_no, gender, class_name, created_at, updated_at) VALUES ('stu-SS3-37', 'demo-school-id', 'Hadiza Ibrahim', 'ADM/2023/0287', 'Male', 'SS 3', '2026-06-15T13:17:58.078Z', '2026-06-15T13:17:58.078Z');
INSERT INTO score_sheets (id, school_id, student_id, data, created_at, updated_at) VALUES ('score-stu-SS3-37', 'demo-school-id', 'stu-SS3-37', '{"Mathematics":{"ca1":3,"ca2":6,"exam":56},"English Language":{"ca1":8,"ca2":1,"exam":59},"Basic Science":{"ca1":6,"ca2":5,"exam":56},"Social Studies":{"ca1":8,"ca2":9,"exam":35},"Civic Education":{"ca1":10,"ca2":10,"exam":51},"Agricultural Science":{"ca1":5,"ca2":0,"exam":75},"Business Studies":{"ca1":7,"ca2":8,"exam":57},"Computer Studies":{"ca1":5,"ca2":10,"exam":76},"Physical Health Education":{"ca1":9,"ca2":6,"exam":55}}', '2026-06-15T13:17:58.078Z', '2026-06-15T13:17:58.078Z');
INSERT INTO report_extras (id, school_id, student_id, session, term, attendance, traits, comments, promotion, created_at, updated_at) VALUES ('ext-stu-SS3-37', 'demo-school-id', 'stu-SS3-37', '2023/2024', 'First Term', '86', '{"punctuality":5,"neatness":4,"honesty":4}', '{"principal":"Impressive grades. More focus needed in Mathematics.","teacher":"Very active in class activities. Good job."}', '', '2026-06-15T13:17:58.078Z', '2026-06-15T13:17:58.078Z');
INSERT INTO students (id, school_id, name, admission_no, gender, class_name, created_at, updated_at) VALUES ('stu-SS3-38', 'demo-school-id', 'Chinelo Danjuma', 'ADM/2023/0288', 'Female', 'SS 3', '2026-06-15T13:17:58.078Z', '2026-06-15T13:17:58.078Z');
INSERT INTO score_sheets (id, school_id, student_id, data, created_at, updated_at) VALUES ('score-stu-SS3-38', 'demo-school-id', 'stu-SS3-38', '{"Mathematics":{"ca1":3,"ca2":0,"exam":69},"English Language":{"ca1":8,"ca2":7,"exam":55},"Basic Science":{"ca1":7,"ca2":2,"exam":48},"Social Studies":{"ca1":0,"ca2":3,"exam":63},"Civic Education":{"ca1":8,"ca2":9,"exam":63},"Agricultural Science":{"ca1":7,"ca2":8,"exam":56},"Computer Studies":{"ca1":5,"ca2":8,"exam":61},"Home Economics":{"ca1":6,"ca2":8,"exam":59}}', '2026-06-15T13:17:58.078Z', '2026-06-15T13:17:58.078Z');
INSERT INTO report_extras (id, school_id, student_id, session, term, attendance, traits, comments, promotion, created_at, updated_at) VALUES ('ext-stu-SS3-38', 'demo-school-id', 'stu-SS3-38', '2023/2024', 'First Term', '89', '{"punctuality":3,"neatness":4,"honesty":5}', '{"principal":"Satisfactory performance. Aim for higher grades next term.","teacher":"Strongly motivated and shows great potential."}', '', '2026-06-15T13:17:58.078Z', '2026-06-15T13:17:58.078Z');
INSERT INTO students (id, school_id, name, admission_no, gender, class_name, created_at, updated_at) VALUES ('stu-SS3-39', 'demo-school-id', 'Obinna Eze', 'ADM/2023/0289', 'Male', 'SS 3', '2026-06-15T13:17:58.078Z', '2026-06-15T13:17:58.078Z');
INSERT INTO score_sheets (id, school_id, student_id, data, created_at, updated_at) VALUES ('score-stu-SS3-39', 'demo-school-id', 'stu-SS3-39', '{"Mathematics":{"ca1":6,"ca2":2,"exam":43},"English Language":{"ca1":3,"ca2":10,"exam":79},"Basic Science":{"ca1":8,"ca2":0,"exam":61},"Civic Education":{"ca1":3,"ca2":10,"exam":36},"Agricultural Science":{"ca1":5,"ca2":0,"exam":72},"Business Studies":{"ca1":7,"ca2":1,"exam":33},"Computer Studies":{"ca1":2,"ca2":9,"exam":36},"Home Economics":{"ca1":8,"ca2":10,"exam":64},"Physical Health Education":{"ca1":3,"ca2":0,"exam":62}}', '2026-06-15T13:17:58.078Z', '2026-06-15T13:17:58.078Z');
INSERT INTO report_extras (id, school_id, student_id, session, term, attendance, traits, comments, promotion, created_at, updated_at) VALUES ('ext-stu-SS3-39', 'demo-school-id', 'stu-SS3-39', '2023/2024', 'First Term', '94', '{"punctuality":4,"neatness":4,"honesty":4}', '{"principal":"Excellent result. Consistent effort shown.","teacher":"Strongly motivated and shows great potential."}', '', '2026-06-15T13:17:58.078Z', '2026-06-15T13:17:58.078Z');
INSERT INTO students (id, school_id, name, admission_no, gender, class_name, created_at, updated_at) VALUES ('stu-SS3-40', 'demo-school-id', 'Musa Chukwuma', 'ADM/2023/0290', 'Male', 'SS 3', '2026-06-15T13:17:58.078Z', '2026-06-15T13:17:58.078Z');
INSERT INTO score_sheets (id, school_id, student_id, data, created_at, updated_at) VALUES ('score-stu-SS3-40', 'demo-school-id', 'stu-SS3-40', '{"Mathematics":{"ca1":10,"ca2":4,"exam":42},"English Language":{"ca1":1,"ca2":7,"exam":75},"Basic Science":{"ca1":9,"ca2":7,"exam":31},"Civic Education":{"ca1":1,"ca2":6,"exam":49},"Agricultural Science":{"ca1":5,"ca2":3,"exam":79},"Business Studies":{"ca1":3,"ca2":2,"exam":63},"Computer Studies":{"ca1":9,"ca2":4,"exam":30},"Home Economics":{"ca1":1,"ca2":7,"exam":59},"Physical Health Education":{"ca1":8,"ca2":4,"exam":45}}', '2026-06-15T13:17:58.078Z', '2026-06-15T13:17:58.078Z');
INSERT INTO report_extras (id, school_id, student_id, session, term, attendance, traits, comments, promotion, created_at, updated_at) VALUES ('ext-stu-SS3-40', 'demo-school-id', 'stu-SS3-40', '2023/2024', 'First Term', '92', '{"punctuality":4,"neatness":4,"honesty":5}', '{"principal":"A very brilliant performance. Keep it up.","teacher":"Strongly motivated and shows great potential."}', '', '2026-06-15T13:17:58.078Z', '2026-06-15T13:17:58.078Z');
INSERT INTO students (id, school_id, name, admission_no, gender, class_name, created_at, updated_at) VALUES ('stu-SS3-41', 'demo-school-id', 'Musa Ani', 'ADM/2023/0291', 'Male', 'SS 3', '2026-06-15T13:17:58.078Z', '2026-06-15T13:17:58.078Z');
INSERT INTO score_sheets (id, school_id, student_id, data, created_at, updated_at) VALUES ('score-stu-SS3-41', 'demo-school-id', 'stu-SS3-41', '{"English Language":{"ca1":4,"ca2":9,"exam":46},"Basic Science":{"ca1":1,"ca2":1,"exam":36},"Social Studies":{"ca1":9,"ca2":1,"exam":61},"Civic Education":{"ca1":6,"ca2":1,"exam":66},"Agricultural Science":{"ca1":4,"ca2":6,"exam":64},"Business Studies":{"ca1":6,"ca2":10,"exam":74},"Computer Studies":{"ca1":10,"ca2":1,"exam":76},"Home Economics":{"ca1":0,"ca2":1,"exam":69},"Physical Health Education":{"ca1":10,"ca2":1,"exam":36}}', '2026-06-15T13:17:58.078Z', '2026-06-15T13:17:58.078Z');
INSERT INTO report_extras (id, school_id, student_id, session, term, attendance, traits, comments, promotion, created_at, updated_at) VALUES ('ext-stu-SS3-41', 'demo-school-id', 'stu-SS3-41', '2023/2024', 'First Term', '98', '{"punctuality":3,"neatness":4,"honesty":5}', '{"principal":"A good result. You can do better with more practice.","teacher":"A dedicated and hardworking student."}', '', '2026-06-15T13:17:58.078Z', '2026-06-15T13:17:58.078Z');
INSERT INTO students (id, school_id, name, admission_no, gender, class_name, created_at, updated_at) VALUES ('stu-SS3-42', 'demo-school-id', 'Amina Adebayo', 'ADM/2023/0292', 'Male', 'SS 3', '2026-06-15T13:17:58.078Z', '2026-06-15T13:17:58.078Z');
INSERT INTO score_sheets (id, school_id, student_id, data, created_at, updated_at) VALUES ('score-stu-SS3-42', 'demo-school-id', 'stu-SS3-42', '{"Mathematics":{"ca1":9,"ca2":6,"exam":76},"English Language":{"ca1":7,"ca2":0,"exam":62},"Basic Science":{"ca1":1,"ca2":0,"exam":70},"Social Studies":{"ca1":10,"ca2":1,"exam":71},"Civic Education":{"ca1":4,"ca2":0,"exam":52},"Agricultural Science":{"ca1":4,"ca2":3,"exam":71},"Business Studies":{"ca1":7,"ca2":3,"exam":75},"Computer Studies":{"ca1":10,"ca2":3,"exam":64},"Home Economics":{"ca1":7,"ca2":0,"exam":73},"Physical Health Education":{"ca1":7,"ca2":0,"exam":49}}', '2026-06-15T13:17:58.078Z', '2026-06-15T13:17:58.078Z');
INSERT INTO report_extras (id, school_id, student_id, session, term, attendance, traits, comments, promotion, created_at, updated_at) VALUES ('ext-stu-SS3-42', 'demo-school-id', 'stu-SS3-42', '2023/2024', 'First Term', '92', '{"punctuality":3,"neatness":5,"honesty":4}', '{"principal":"A good result. You can do better with more practice.","teacher":"Strongly motivated and shows great potential."}', '', '2026-06-15T13:17:58.078Z', '2026-06-15T13:17:58.078Z');
INSERT INTO students (id, school_id, name, admission_no, gender, class_name, created_at, updated_at) VALUES ('stu-SS3-43', 'demo-school-id', 'Oluwaseun Ani', 'ADM/2023/0293', 'Female', 'SS 3', '2026-06-15T13:17:58.078Z', '2026-06-15T13:17:58.078Z');
INSERT INTO score_sheets (id, school_id, student_id, data, created_at, updated_at) VALUES ('score-stu-SS3-43', 'demo-school-id', 'stu-SS3-43', '{"Mathematics":{"ca1":5,"ca2":7,"exam":59},"English Language":{"ca1":7,"ca2":3,"exam":54},"Social Studies":{"ca1":0,"ca2":9,"exam":54},"Civic Education":{"ca1":1,"ca2":2,"exam":42},"Agricultural Science":{"ca1":7,"ca2":5,"exam":33},"Computer Studies":{"ca1":8,"ca2":1,"exam":78},"Home Economics":{"ca1":1,"ca2":0,"exam":37},"Physical Health Education":{"ca1":10,"ca2":8,"exam":76}}', '2026-06-15T13:17:58.078Z', '2026-06-15T13:17:58.078Z');
INSERT INTO report_extras (id, school_id, student_id, session, term, attendance, traits, comments, promotion, created_at, updated_at) VALUES ('ext-stu-SS3-43', 'demo-school-id', 'stu-SS3-43', '2023/2024', 'First Term', '92', '{"punctuality":5,"neatness":4,"honesty":4}', '{"principal":"Excellent result. Consistent effort shown.","teacher":"Well-behaved and respectful student."}', '', '2026-06-15T13:17:58.078Z', '2026-06-15T13:17:58.078Z');
INSERT INTO students (id, school_id, name, admission_no, gender, class_name, created_at, updated_at) VALUES ('stu-SS3-44', 'demo-school-id', 'Zainab Eze', 'ADM/2023/0294', 'Female', 'SS 3', '2026-06-15T13:17:58.078Z', '2026-06-15T13:17:58.078Z');
INSERT INTO score_sheets (id, school_id, student_id, data, created_at, updated_at) VALUES ('score-stu-SS3-44', 'demo-school-id', 'stu-SS3-44', '{"Mathematics":{"ca1":0,"ca2":6,"exam":33},"English Language":{"ca1":7,"ca2":10,"exam":59},"Basic Science":{"ca1":1,"ca2":2,"exam":57},"Social Studies":{"ca1":3,"ca2":5,"exam":66},"Civic Education":{"ca1":7,"ca2":9,"exam":34},"Agricultural Science":{"ca1":1,"ca2":6,"exam":32},"Business Studies":{"ca1":1,"ca2":8,"exam":37},"Computer Studies":{"ca1":9,"ca2":0,"exam":53},"Home Economics":{"ca1":8,"ca2":10,"exam":37},"Physical Health Education":{"ca1":6,"ca2":9,"exam":60}}', '2026-06-15T13:17:58.078Z', '2026-06-15T13:17:58.078Z');
INSERT INTO report_extras (id, school_id, student_id, session, term, attendance, traits, comments, promotion, created_at, updated_at) VALUES ('ext-stu-SS3-44', 'demo-school-id', 'stu-SS3-44', '2023/2024', 'First Term', '97', '{"punctuality":3,"neatness":4,"honesty":4}', '{"principal":"Impressive grades. More focus needed in Mathematics.","teacher":"Very active in class activities. Good job."}', '', '2026-06-15T13:17:58.078Z', '2026-06-15T13:17:58.078Z');
INSERT INTO students (id, school_id, name, admission_no, gender, class_name, created_at, updated_at) VALUES ('stu-SS3-45', 'demo-school-id', 'Yinka Adeyemi', 'ADM/2023/0295', 'Female', 'SS 3', '2026-06-15T13:17:58.078Z', '2026-06-15T13:17:58.078Z');
INSERT INTO score_sheets (id, school_id, student_id, data, created_at, updated_at) VALUES ('score-stu-SS3-45', 'demo-school-id', 'stu-SS3-45', '{"Mathematics":{"ca1":0,"ca2":9,"exam":36},"Basic Science":{"ca1":0,"ca2":6,"exam":61},"Social Studies":{"ca1":0,"ca2":6,"exam":56},"Civic Education":{"ca1":5,"ca2":6,"exam":45},"Agricultural Science":{"ca1":2,"ca2":2,"exam":42},"Business Studies":{"ca1":5,"ca2":1,"exam":36},"Computer Studies":{"ca1":3,"ca2":8,"exam":78},"Home Economics":{"ca1":8,"ca2":3,"exam":57},"Physical Health Education":{"ca1":5,"ca2":2,"exam":48}}', '2026-06-15T13:17:58.078Z', '2026-06-15T13:17:58.078Z');
INSERT INTO report_extras (id, school_id, student_id, session, term, attendance, traits, comments, promotion, created_at, updated_at) VALUES ('ext-stu-SS3-45', 'demo-school-id', 'stu-SS3-45', '2023/2024', 'First Term', '95', '{"punctuality":3,"neatness":5,"honesty":3}', '{"principal":"Satisfactory performance. Aim for higher grades next term.","teacher":"Neat and regular in school. Keep it up."}', '', '2026-06-15T13:17:58.078Z', '2026-06-15T13:17:58.078Z');
INSERT INTO students (id, school_id, name, admission_no, gender, class_name, created_at, updated_at) VALUES ('stu-SS3-46', 'demo-school-id', 'Folake Balogun', 'ADM/2023/0296', 'Male', 'SS 3', '2026-06-15T13:17:58.078Z', '2026-06-15T13:17:58.078Z');
INSERT INTO score_sheets (id, school_id, student_id, data, created_at, updated_at) VALUES ('score-stu-SS3-46', 'demo-school-id', 'stu-SS3-46', '{"Mathematics":{"ca1":1,"ca2":0,"exam":71},"English Language":{"ca1":8,"ca2":0,"exam":31},"Basic Science":{"ca1":6,"ca2":9,"exam":80},"Social Studies":{"ca1":10,"ca2":9,"exam":59},"Civic Education":{"ca1":5,"ca2":6,"exam":36},"Agricultural Science":{"ca1":7,"ca2":4,"exam":80},"Business Studies":{"ca1":4,"ca2":6,"exam":33},"Computer Studies":{"ca1":4,"ca2":1,"exam":67},"Home Economics":{"ca1":5,"ca2":5,"exam":33},"Physical Health Education":{"ca1":4,"ca2":6,"exam":53}}', '2026-06-15T13:17:58.078Z', '2026-06-15T13:17:58.078Z');
INSERT INTO report_extras (id, school_id, student_id, session, term, attendance, traits, comments, promotion, created_at, updated_at) VALUES ('ext-stu-SS3-46', 'demo-school-id', 'stu-SS3-46', '2023/2024', 'First Term', '86', '{"punctuality":5,"neatness":4,"honesty":3}', '{"principal":"Excellent result. Consistent effort shown.","teacher":"Well-behaved and respectful student."}', '', '2026-06-15T13:17:58.078Z', '2026-06-15T13:17:58.078Z');
INSERT INTO students (id, school_id, name, admission_no, gender, class_name, created_at, updated_at) VALUES ('stu-SS3-47', 'demo-school-id', 'Uche Bello', 'ADM/2023/0297', 'Male', 'SS 3', '2026-06-15T13:17:58.078Z', '2026-06-15T13:17:58.078Z');
INSERT INTO score_sheets (id, school_id, student_id, data, created_at, updated_at) VALUES ('score-stu-SS3-47', 'demo-school-id', 'stu-SS3-47', '{"Mathematics":{"ca1":6,"ca2":1,"exam":68},"English Language":{"ca1":0,"ca2":4,"exam":58},"Basic Science":{"ca1":9,"ca2":7,"exam":42},"Social Studies":{"ca1":10,"ca2":9,"exam":71},"Civic Education":{"ca1":10,"ca2":5,"exam":54},"Agricultural Science":{"ca1":5,"ca2":10,"exam":34},"Home Economics":{"ca1":1,"ca2":0,"exam":44},"Physical Health Education":{"ca1":3,"ca2":4,"exam":31}}', '2026-06-15T13:17:58.078Z', '2026-06-15T13:17:58.078Z');
INSERT INTO report_extras (id, school_id, student_id, session, term, attendance, traits, comments, promotion, created_at, updated_at) VALUES ('ext-stu-SS3-47', 'demo-school-id', 'stu-SS3-47', '2023/2024', 'First Term', '91', '{"punctuality":3,"neatness":5,"honesty":4}', '{"principal":"Impressive grades. More focus needed in Mathematics.","teacher":"Very active in class activities. Good job."}', '', '2026-06-15T13:17:58.078Z', '2026-06-15T13:17:58.078Z');
INSERT INTO students (id, school_id, name, admission_no, gender, class_name, created_at, updated_at) VALUES ('stu-SS3-48', 'demo-school-id', 'Hadiza Adeyemi', 'ADM/2023/0298', 'Male', 'SS 3', '2026-06-15T13:17:58.078Z', '2026-06-15T13:17:58.078Z');
INSERT INTO score_sheets (id, school_id, student_id, data, created_at, updated_at) VALUES ('score-stu-SS3-48', 'demo-school-id', 'stu-SS3-48', '{"Mathematics":{"ca1":10,"ca2":5,"exam":37},"English Language":{"ca1":2,"ca2":10,"exam":53},"Basic Science":{"ca1":2,"ca2":7,"exam":32},"Social Studies":{"ca1":8,"ca2":0,"exam":47},"Civic Education":{"ca1":8,"ca2":8,"exam":73},"Agricultural Science":{"ca1":6,"ca2":0,"exam":48},"Business Studies":{"ca1":3,"ca2":3,"exam":67},"Computer Studies":{"ca1":9,"ca2":5,"exam":40},"Home Economics":{"ca1":5,"ca2":6,"exam":66},"Physical Health Education":{"ca1":10,"ca2":1,"exam":36}}', '2026-06-15T13:17:58.078Z', '2026-06-15T13:17:58.078Z');
INSERT INTO report_extras (id, school_id, student_id, session, term, attendance, traits, comments, promotion, created_at, updated_at) VALUES ('ext-stu-SS3-48', 'demo-school-id', 'stu-SS3-48', '2023/2024', 'First Term', '91', '{"punctuality":4,"neatness":3,"honesty":5}', '{"principal":"Impressive grades. More focus needed in Mathematics.","teacher":"Neat and regular in school. Keep it up."}', '', '2026-06-15T13:17:58.078Z', '2026-06-15T13:17:58.078Z');
INSERT INTO students (id, school_id, name, admission_no, gender, class_name, created_at, updated_at) VALUES ('stu-SS3-49', 'demo-school-id', 'Ibrahim Ani', 'ADM/2023/0299', 'Female', 'SS 3', '2026-06-15T13:17:58.078Z', '2026-06-15T13:17:58.078Z');
INSERT INTO score_sheets (id, school_id, student_id, data, created_at, updated_at) VALUES ('score-stu-SS3-49', 'demo-school-id', 'stu-SS3-49', '{"Basic Science":{"ca1":4,"ca2":6,"exam":30},"Civic Education":{"ca1":9,"ca2":0,"exam":34},"Agricultural Science":{"ca1":2,"ca2":2,"exam":36},"Business Studies":{"ca1":7,"ca2":7,"exam":55},"Computer Studies":{"ca1":5,"ca2":5,"exam":75},"Home Economics":{"ca1":2,"ca2":1,"exam":59},"Physical Health Education":{"ca1":9,"ca2":2,"exam":69}}', '2026-06-15T13:17:58.078Z', '2026-06-15T13:17:58.078Z');
INSERT INTO report_extras (id, school_id, student_id, session, term, attendance, traits, comments, promotion, created_at, updated_at) VALUES ('ext-stu-SS3-49', 'demo-school-id', 'stu-SS3-49', '2023/2024', 'First Term', '90', '{"punctuality":3,"neatness":5,"honesty":3}', '{"principal":"A very brilliant performance. Keep it up.","teacher":"Strongly motivated and shows great potential."}', '', '2026-06-15T13:17:58.078Z', '2026-06-15T13:17:58.078Z');
INSERT INTO students (id, school_id, name, admission_no, gender, class_name, created_at, updated_at) VALUES ('stu-SS3-50', 'demo-school-id', 'Obinna Abubakar', 'ADM/2023/0300', 'Female', 'SS 3', '2026-06-15T13:17:58.078Z', '2026-06-15T13:17:58.078Z');
INSERT INTO score_sheets (id, school_id, student_id, data, created_at, updated_at) VALUES ('score-stu-SS3-50', 'demo-school-id', 'stu-SS3-50', '{"Mathematics":{"ca1":4,"ca2":8,"exam":46},"English Language":{"ca1":2,"ca2":9,"exam":66},"Basic Science":{"ca1":8,"ca2":8,"exam":74},"Civic Education":{"ca1":2,"ca2":0,"exam":38},"Agricultural Science":{"ca1":0,"ca2":6,"exam":77},"Computer Studies":{"ca1":2,"ca2":0,"exam":65},"Home Economics":{"ca1":5,"ca2":6,"exam":43},"Physical Health Education":{"ca1":1,"ca2":3,"exam":62}}', '2026-06-15T13:17:58.078Z', '2026-06-15T13:17:58.078Z');
INSERT INTO report_extras (id, school_id, student_id, session, term, attendance, traits, comments, promotion, created_at, updated_at) VALUES ('ext-stu-SS3-50', 'demo-school-id', 'stu-SS3-50', '2023/2024', 'First Term', '88', '{"punctuality":5,"neatness":4,"honesty":3}', '{"principal":"A very brilliant performance. Keep it up.","teacher":"Neat and regular in school. Keep it up."}', '', '2026-06-15T13:17:58.078Z', '2026-06-15T13:17:58.078Z');
